Datetime_Kyiv,Trend_%,Close_Price,Signal_Triggered,Direction,Fix_Fade_Long,Outcome,Entry,SL,TP,Fix_Fade_Short
2000-06-21 18:00:00,25.0,1.4988,Yes,Long,1.0,Win,1.4988,0,0,
2000-06-22 18:00:00,25.0,1.5118,Yes,Short,,Loss,1.5118,0,0,1.0
2000-08-29 18:00:00,0.0,1.4605,Yes,Long,1.0,Loss,1.4605,0,0,
2000-10-25 18:00:00,0.0,1.4354,Yes,Long,1.0,Win,1.4354,0,0,
2000-11-06 18:00:00,2.6,1.431,Yes,Long,1.0,Loss,1.431,0,0,
2001-02-01 18:00:00,25.0,1.4779,Yes,Short,,Loss,1.4779,0,0,1.0
2001-02-06 18:00:00,24.8,1.4591,Yes,Long,1.0,Loss,1.4591,0,0,
2001-03-13 18:00:00,16.9,1.4517,Yes,Long,1.0,Loss,1.4517,0,0,
2001-04-18 18:00:00,25.0,1.4222,Yes,Long,1.0,Win,1.4222,0,0,
2001-05-22 18:00:00,78.7,1.4286,Yes,Long,1.0,Loss,1.4286,0,0,
2001-05-24 18:00:00,9.3,1.4102,Yes,Long,1.0,Loss,1.4102,0,0,
2001-06-06 18:00:00,25.0,1.394,Yes,Long,1.0,Loss,1.394,0,0,
2001-06-11 18:00:00,25.0,1.3727,Yes,Long,1.0,Win,1.3727,0,0,
2001-06-13 18:00:00,0.0,1.3881,Yes,Short,,Loss,1.3881,0,0,1.0
2001-06-21 18:00:00,24.5,1.4145,Yes,Short,,Loss,1.4145,0,0,1.0
2001-07-18 18:00:00,25.0,1.4155,Yes,Short,,Loss,1.4155,0,0,1.0
2001-08-06 18:00:00,23.9,1.4191,Yes,Long,1.0,Win,1.4191,0,0,
2001-08-15 18:00:00,25.0,1.4386,Yes,Short,,Loss,1.4386,0,0,1.0
2001-09-04 18:00:00,32.5,1.4462,Yes,Long,1.0,Loss,1.4462,0,0,
2001-09-05 18:00:00,6.0,1.4529,Yes,Short,,Loss,1.4529,0,0,1.0
2001-09-11 18:00:00,57.8,1.471,Yes,Short,,Loss,1.471,0,0,1.0
2001-09-12 18:00:00,42.8,1.4641,Yes,Long,1.0,Win,1.4641,0,0,
2001-10-02 18:00:00,71.7,1.4673,Yes,Long,1.0,Win,1.4673,0,0,
2001-10-08 18:00:00,37.8,1.4743,Yes,Long,1.0,Win,1.4743,0,0,
2001-10-29 18:00:00,25.0,1.453,Yes,Short,,Loss,1.453,0,0,1.0
2001-11-07 18:00:00,86.2,1.4654,Yes,Short,,Win,1.4654,0,0,1.0
2001-11-13 18:00:00,8.0,1.4431,Yes,Long,1.0,Loss,1.4431,0,0,
2001-11-19 18:00:00,25.0,1.4112,Yes,Long,1.0,Win,1.4112,0,0,
2001-11-28 18:00:00,0.0,1.4243,Yes,Short,,Loss,1.4243,0,0,1.0
2002-01-02 18:00:00,36.8,1.4456,Yes,Long,1.0,Win,1.4456,0,0,
2002-02-20 18:00:00,27.5,1.4269,Yes,Long,1.0,Win,1.4269,0,0,
2002-02-25 18:00:00,84.5,1.4269,Yes,Long,1.0,Loss,1.4269,0,0,
2002-03-12 18:00:00,39.4,1.4151,Yes,Long,1.0,Win,1.4151,0,0,
2002-04-01 18:00:00,25.0,1.442,Yes,Short,,Win,1.442,0,0,1.0
2002-05-01 18:00:00,36.9,1.4622,Yes,Short,,Loss,1.4622,0,0,1.0
2002-05-07 18:00:00,45.9,1.4647,Yes,Long,1.0,Win,1.4647,0,0,
2002-05-08 18:00:00,41.8,1.4589,Yes,Long,1.0,Loss,1.4589,0,0,
2002-05-14 18:00:00,25.0,1.448,Yes,Long,1.0,Win,1.448,0,0,
2002-05-15 18:00:00,25.0,1.4558,Yes,Short,,Loss,1.4558,0,0,1.0
2002-05-28 18:00:00,51.4,1.4626,Yes,Short,,Win,1.4626,0,0,1.0
2002-06-03 18:00:00,39.8,1.4618,Yes,Short,,Loss,1.4618,0,0,1.0
2002-06-11 18:00:00,25.0,1.4657,Yes,Short,,Loss,1.4657,0,0,1.0
2002-06-18 18:00:00,66.1,1.4869,Yes,Short,,Loss,1.4869,0,0,1.0
2002-06-24 18:00:00,69.3,1.5047,Yes,Short,,Win,1.5047,0,0,1.0
2002-06-26 18:00:00,70.2,1.5265,Yes,Short,,Loss,1.5265,0,0,1.0
2002-07-08 18:00:00,45.9,1.5348,Yes,Short,,Loss,1.5348,0,0,1.0
2002-07-15 18:00:00,62.1,1.5662,Yes,Short,,Loss,1.5662,0,0,1.0
2002-07-23 18:00:00,88.2,1.5637,Yes,Long,1.0,Loss,1.5637,0,0,
2002-07-31 18:00:00,50.0,1.5622,Yes,Long,1.0,Win,1.5622,0,0,
2002-08-01 18:00:00,25.0,1.5518,Yes,Long,1.0,Win,1.5518,0,0,
2002-08-06 18:00:00,0.0,1.5385,Yes,Long,1.0,Loss,1.5385,0,0,
2002-08-29 18:00:00,25.0,1.5493,Yes,Short,,Win,1.5493,0,0,1.0
2002-09-03 18:00:00,58.4,1.564,Yes,Short,,Win,1.564,0,0,1.0
2002-09-11 18:00:00,19.0,1.548,Yes,Long,1.0,Win,1.548,0,0,
2002-09-30 18:00:00,34.1,1.5727,Yes,Short,,Win,1.5727,0,0,1.0
2002-10-08 18:00:00,17.6,1.5568,Yes,Long,1.0,Loss,1.5568,0,0,
2002-10-28 18:00:00,50.0,1.5605,Yes,Short,,Win,1.5605,0,0,1.0
2002-10-31 18:00:00,57.9,1.5635,Yes,Short,,Loss,1.5635,0,0,1.0
2002-11-04 18:00:00,67.3,1.5549,Yes,Long,1.0,Win,1.5549,0,0,
2002-11-07 18:00:00,46.0,1.5798,Yes,Short,,Loss,1.5798,0,0,1.0
2002-11-25 18:00:00,25.0,1.5671,Yes,Long,1.0,Loss,1.5671,0,0,
2002-11-26 18:00:00,0.0,1.5508,Yes,Long,1.0,Win,1.5508,0,0,
2003-01-02 18:00:00,43.9,1.5981,Yes,Long,1.0,Loss,1.5981,0,0,
2003-02-17 18:00:00,0.0,1.6,Yes,Long,1.0,Loss,1.6,0,0,
2003-02-25 18:00:00,25.0,1.5725,Yes,Long,1.0,Win,1.5725,0,0,
2003-03-05 18:00:00,50.0,1.6003,Yes,Short,,Loss,1.6003,0,0,1.0
2003-03-17 18:00:00,2.2,1.5686,Yes,Long,1.0,Win,1.5686,0,0,
2003-04-02 18:00:00,44.3,1.5672,Yes,Long,1.0,Loss,1.5672,0,0,
2003-04-22 18:00:00,10.3,1.5773,Yes,Short,,Win,1.5773,0,0,1.0
2003-05-01 18:00:00,89.3,1.6112,Yes,Short,,Win,1.6112,0,0,1.0
2003-05-07 18:00:00,90.4,1.5917,Yes,Long,1.0,Win,1.5917,0,0,
2003-05-14 18:00:00,26.4,1.6205,Yes,Short,,Win,1.6205,0,0,1.0
2003-05-19 18:00:00,75.6,1.637,Yes,Short,,Win,1.637,0,0,1.0
2003-05-29 18:00:00,22.8,1.6493,Yes,Short,,Loss,1.6493,0,0,1.0
2003-06-05 18:00:00,25.0,1.6547,Yes,Short,,Loss,1.6547,0,0,1.0
2003-06-11 18:00:00,12.0,1.6681,Yes,Short,,Win,1.6681,0,0,1.0
2003-07-07 18:00:00,25.0,1.6505,Yes,Long,1.0,Loss,1.6505,0,0,
2003-07-08 18:00:00,0.0,1.6359,Yes,Long,1.0,Loss,1.6359,0,0,
2003-07-21 18:00:00,0.0,1.5971,Yes,Short,,Loss,1.5971,0,0,1.0
2003-08-21 18:00:00,25.0,1.5823,Yes,Long,1.0,Loss,1.5823,0,0,
2003-09-04 18:00:00,25.0,1.5809,Yes,Short,,Loss,1.5809,0,0,1.0
2003-09-16 18:00:00,69.3,1.5898,Yes,Long,1.0,Loss,1.5898,0,0,
2003-09-17 18:00:00,29.0,1.604,Yes,Short,,Loss,1.604,0,0,1.0
2003-10-16 18:00:00,32.1,1.6814,Yes,Short,,Win,1.6814,0,0,1.0
2003-10-22 18:00:00,54.4,1.6895,Yes,Short,,Loss,1.6895,0,0,1.0
2003-11-03 18:00:00,24.3,1.6794,Yes,Long,1.0,Loss,1.6794,0,0,
2003-11-12 18:00:00,50.0,1.6774,Yes,Short,,Win,1.6774,0,0,1.0
2003-11-13 18:00:00,50.0,1.6883,Yes,Short,,Win,1.6883,0,0,1.0
2003-11-24 18:00:00,69.1,1.6954,Yes,Long,1.0,Win,1.6954,0,0,
2003-11-26 18:00:00,53.5,1.7096,Yes,Short,,Loss,1.7096,0,0,1.0
2004-01-05 18:00:00,68.0,1.8087,Yes,Short,,Win,1.8087,0,0,1.0
2004-01-06 18:00:00,64.9,1.8247,Yes,Short,,Win,1.8247,0,0,1.0
2004-01-08 18:00:00,69.0,1.8342,Yes,Short,,Win,1.8342,0,0,1.0
2004-01-19 18:00:00,0.0,1.7839,Yes,Long,1.0,Loss,1.7839,0,0,
2004-01-20 18:00:00,0.0,1.8196,Yes,Short,,Loss,1.8196,0,0,1.0
2004-02-11 18:00:00,93.6,1.8853,Yes,Short,,Loss,1.8853,0,0,1.0
2004-02-17 18:00:00,94.8,1.905,Yes,Short,,Win,1.905,0,0,1.0
2004-02-24 18:00:00,0.0,1.8908,Yes,Short,,Loss,1.8908,0,0,1.0
2004-03-02 18:00:00,25.0,1.8394,Yes,Long,1.0,Win,1.8394,0,0,
2004-03-10 18:00:00,25.0,1.8,Yes,Long,1.0,Win,1.8,0,0,
2004-03-18 18:00:00,25.0,1.8373,Yes,Short,,Win,1.8373,0,0,1.0
2004-04-05 18:00:00,25.9,1.816,Yes,Long,1.0,Win,1.816,0,0,
2004-04-13 18:00:00,50.0,1.8143,Yes,Long,1.0,Win,1.8143,0,0,
2004-04-14 18:00:00,25.0,1.7869,Yes,Long,1.0,Win,1.7869,0,0,
2004-04-28 18:00:00,50.0,1.7749,Yes,Long,1.0,Loss,1.7749,0,0,
2004-05-04 18:00:00,25.0,1.7945,Yes,Short,,Win,1.7945,0,0,1.0
2004-05-11 18:00:00,29.2,1.756,Yes,Long,1.0,Win,1.756,0,0,
2004-05-12 18:00:00,25.0,1.7751,Yes,Short,,Win,1.7751,0,0,1.0
2004-05-19 18:00:00,25.0,1.7828,Yes,Short,,Loss,1.7828,0,0,1.0
2004-05-25 18:00:00,58.9,1.8108,Yes,Short,,Loss,1.8108,0,0,1.0
2004-05-27 18:00:00,94.8,1.8354,Yes,Short,,Loss,1.8354,0,0,1.0
2004-06-29 18:00:00,50.0,1.8081,Yes,Long,1.0,Loss,1.8081,0,0,
2004-07-07 18:00:00,65.7,1.8543,Yes,Short,,Loss,1.8543,0,0,1.0
2004-07-20 18:00:00,47.8,1.854,Yes,Long,1.0,Loss,1.854,0,0,
2004-07-21 18:00:00,30.9,1.8361,Yes,Long,1.0,Win,1.8361,0,0,
2004-07-27 18:00:00,0.0,1.8249,Yes,Long,1.0,Loss,1.8249,0,0,
2004-08-17 18:00:00,59.1,1.8284,Yes,Long,1.0,Loss,1.8284,0,0,
2004-08-24 18:00:00,0.0,1.7963,Yes,Long,1.0,Loss,1.7963,0,0,
2004-09-15 18:00:00,62.5,1.7764,Yes,Long,1.0,Loss,1.7764,0,0,
2004-09-16 18:00:00,33.7,1.7897,Yes,Short,,Loss,1.7897,0,0,1.0
2004-09-29 18:00:00,89.4,1.8001,Yes,Long,1.0,Win,1.8001,0,0,
2004-10-04 18:00:00,11.4,1.7834,Yes,Long,1.0,Win,1.7834,0,0,
2004-10-12 18:00:00,50.0,1.7872,Yes,Long,1.0,Win,1.7872,0,0,
2004-10-21 18:00:00,83.9,1.8278,Yes,Short,,Loss,1.8278,0,0,1.0
2004-11-23 18:00:00,65.3,1.8716,Yes,Short,,Win,1.8716,0,0,1.0
2004-11-24 18:00:00,79.3,1.8818,Yes,Short,,Win,1.8818,0,0,1.0
2004-11-30 18:00:00,67.3,1.9075,Yes,Short,,Loss,1.9075,0,0,1.0
2005-01-04 18:00:00,0.0,1.8836,Yes,Long,1.0,Loss,1.8836,0,0,
2005-01-12 18:00:00,25.0,1.8933,Yes,Short,,Win,1.8933,0,0,1.0
2005-01-25 18:00:00,50.0,1.8643,Yes,Long,1.0,Loss,1.8643,0,0,
2005-01-26 18:00:00,0.0,1.8825,Yes,Short,,Loss,1.8825,0,0,1.0
2005-02-07 18:00:00,26.2,1.8607,Yes,Long,1.0,Loss,1.8607,0,0,
2005-02-10 18:00:00,25.0,1.871,Yes,Short,,Win,1.871,0,0,1.0
2005-02-14 18:00:00,25.0,1.8916,Yes,Short,,Win,1.8916,0,0,1.0
2005-02-16 18:00:00,52.5,1.8781,Yes,Long,1.0,Win,1.8781,0,0,
2005-02-22 18:00:00,93.1,1.909,Yes,Short,,Loss,1.909,0,0,1.0
2005-03-08 18:00:00,30.9,1.9294,Yes,Short,,Win,1.9294,0,0,1.0
2005-03-14 18:00:00,15.1,1.9116,Yes,Long,1.0,Win,1.9116,0,0,
2005-03-16 18:00:00,28.1,1.9261,Yes,Short,,Loss,1.9261,0,0,1.0
2005-03-21 18:00:00,25.0,1.8977,Yes,Long,1.0,Win,1.8977,0,0,
2005-03-23 18:00:00,0.0,1.8715,Yes,Long,1.0,Loss,1.8715,0,0,
2005-04-14 18:00:00,37.9,1.8817,Yes,Long,1.0,Win,1.8817,0,0,
2005-04-19 18:00:00,74.5,1.9164,Yes,Short,,Loss,1.9164,0,0,1.0
2005-05-02 18:00:00,50.0,1.8934,Yes,Long,1.0,Win,1.8934,0,0,
2005-05-11 18:00:00,25.0,1.8747,Yes,Long,1.0,Loss,1.8747,0,0,
2005-05-12 18:00:00,25.0,1.8629,Yes,Long,1.0,Win,1.8629,0,0,
2005-05-16 18:00:00,0.0,1.8351,Yes,Long,1.0,Win,1.8351,0,0,
2005-06-13 18:00:00,2.2,1.8016,Yes,Long,1.0,Win,1.8016,0,0,
2005-06-15 18:00:00,25.0,1.8194,Yes,Short,,Loss,1.8194,0,0,1.0
2005-06-28 18:00:00,59.1,1.8177,Yes,Long,1.0,Loss,1.8177,0,0,
2005-06-29 18:00:00,50.0,1.8049,Yes,Long,1.0,Win,1.8049,0,0,
2005-06-30 18:00:00,0.0,1.7929,Yes,Long,1.0,Loss,1.7929,0,0,
2005-07-11 18:00:00,0.0,1.7555,Yes,Short,,Loss,1.7555,0,0,1.0
2005-07-12 18:00:00,0.0,1.7735,Yes,Short,,Loss,1.7735,0,0,1.0
2005-07-13 18:00:00,25.0,1.7552,Yes,Long,1.0,Win,1.7552,0,0,
2005-08-01 18:00:00,63.4,1.7705,Yes,Short,,Win,1.7705,0,0,1.0
2005-08-11 18:00:00,69.7,1.8082,Yes,Short,,Loss,1.8082,0,0,1.0
2005-08-18 18:00:00,62.6,1.7945,Yes,Long,1.0,Loss,1.7945,0,0,
2005-08-30 18:00:00,25.0,1.7846,Yes,Long,1.0,Win,1.7846,0,0,
2005-08-31 18:00:00,0.0,1.7995,Yes,Short,,Loss,1.7995,0,0,1.0
2005-09-01 18:00:00,25.0,1.8292,Yes,Short,,Loss,1.8292,0,0,1.0
2005-09-12 18:00:00,53.4,1.8225,Yes,Long,1.0,Loss,1.8225,0,0,
2005-09-15 18:00:00,50.0,1.8047,Yes,Long,1.0,Win,1.8047,0,0,
2005-09-21 18:00:00,25.0,1.8129,Yes,Short,,Win,1.8129,0,0,1.0
2005-09-22 18:00:00,25.0,1.7902,Yes,Long,1.0,Win,1.7902,0,0,
2005-09-27 18:00:00,25.0,1.7656,Yes,Long,1.0,Win,1.7656,0,0,
2005-10-17 18:00:00,50.0,1.7534,Yes,Long,1.0,Win,1.7534,0,0,
2005-10-19 18:00:00,0.0,1.7618,Yes,Short,,Loss,1.7618,0,0,1.0
2005-10-25 18:00:00,49.6,1.7858,Yes,Short,,Win,1.7858,0,0,1.0
2005-11-16 18:00:00,25.0,1.7167,Yes,Long,1.0,Win,1.7167,0,0,
2005-11-30 18:00:00,28.3,1.7324,Yes,Short,,Win,1.7324,0,0,1.0
2006-01-03 18:00:00,25.0,1.7405,Yes,Short,,Loss,1.7405,0,0,1.0
2006-01-04 18:00:00,25.0,1.759,Yes,Short,,Win,1.759,0,0,1.0
2006-01-31 18:00:00,31.0,1.7819,Yes,Short,,Win,1.7819,0,0,1.0
2006-02-06 18:00:00,0.0,1.7465,Yes,Long,1.0,Win,1.7465,0,0,
2006-02-28 18:00:00,36.8,1.7541,Yes,Short,,Loss,1.7541,0,0,1.0
2006-03-06 18:00:00,44.7,1.7495,Yes,Long,1.0,Win,1.7495,0,0,
2006-03-07 18:00:00,34.1,1.7363,Yes,Long,1.0,Loss,1.7363,0,0,
2006-03-14 18:00:00,25.0,1.7479,Yes,Short,,Win,1.7479,0,0,1.0
2006-03-21 18:00:00,57.3,1.746,Yes,Long,1.0,Win,1.746,0,0,
2006-03-23 18:00:00,47.3,1.737,Yes,Long,1.0,Loss,1.737,0,0,
2006-04-04 18:00:00,0.0,1.7556,Yes,Short,,Loss,1.7556,0,0,1.0
2006-04-17 18:00:00,3.6,1.7733,Yes,Short,,Win,1.7733,0,0,1.0
2006-04-20 18:00:00,87.5,1.7772,Yes,Long,1.0,Win,1.7772,0,0,
2006-04-27 18:00:00,32.6,1.8033,Yes,Short,,Loss,1.8033,0,0,1.0
2006-05-02 18:00:00,82.0,1.8397,Yes,Short,,Loss,1.8397,0,0,1.0
2006-05-11 18:00:00,93.4,1.8795,Yes,Short,,Loss,1.8795,0,0,1.0
2006-05-15 18:00:00,68.8,1.8825,Yes,Long,1.0,Loss,1.8825,0,0,
2006-05-30 18:00:00,25.0,1.8858,Yes,Short,,Win,1.8858,0,0,1.0
2006-06-08 18:00:00,0.0,1.8392,Yes,Long,1.0,Win,1.8392,0,0,
2006-06-19 18:00:00,0.0,1.8379,Yes,Long,1.0,Win,1.8379,0,0,
2006-06-22 18:00:00,28.7,1.8291,Yes,Long,1.0,Loss,1.8291,0,0,
2006-07-05 18:00:00,36.0,1.8335,Yes,Long,1.0,Win,1.8335,0,0,
2006-07-12 18:00:00,39.4,1.8326,Yes,Long,1.0,Win,1.8326,0,0,
2006-07-17 18:00:00,25.0,1.8198,Yes,Long,1.0,Loss,1.8198,0,0,
2006-07-19 18:00:00,25.0,1.8399,Yes,Short,,Loss,1.8399,0,0,1.0
2006-08-10 18:00:00,44.6,1.8918,Yes,Long,1.0,Win,1.8918,0,0,
2006-08-21 18:00:00,0.0,1.8971,Yes,Short,,Win,1.8971,0,0,1.0
2006-09-05 18:00:00,63.9,1.8923,Yes,Long,1.0,Win,1.8923,0,0,
2006-09-06 18:00:00,21.3,1.881,Yes,Long,1.0,Win,1.881,0,0,
2006-09-07 18:00:00,1.2,1.8744,Yes,Long,1.0,Win,1.8744,0,0,
2006-09-12 18:00:00,0.0,1.8757,Yes,Short,,Win,1.8757,0,0,1.0
2006-09-14 18:00:00,50.0,1.8918,Yes,Short,,Win,1.8918,0,0,1.0
2006-09-21 18:00:00,82.2,1.8969,Yes,Short,,Loss,1.8969,0,0,1.0
2006-09-28 18:00:00,19.6,1.8737,Yes,Long,1.0,Win,1.8737,0,0,
2006-10-02 18:00:00,0.0,1.8854,Yes,Short,,Loss,1.8854,0,0,1.0
2006-10-10 18:00:00,0.0,1.8556,Yes,Long,1.0,Loss,1.8556,0,0,
2006-10-23 18:00:00,82.3,1.8719,Yes,Long,1.0,Win,1.8719,0,0,
2006-10-31 18:00:00,86.1,1.9084,Yes,Short,,Win,1.9084,0,0,1.0
2006-11-07 18:00:00,27.3,1.9101,Yes,Short,,Win,1.9101,0,0,1.0
2006-11-13 18:00:00,30.2,1.9026,Yes,Long,1.0,Loss,1.9026,0,0,
2006-11-14 18:00:00,0.2,1.8949,Yes,Long,1.0,Win,1.8949,0,0,
2006-11-22 18:00:00,50.0,1.9145,Yes,Short,,Loss,1.9145,0,0,1.0
2006-11-28 18:00:00,93.7,1.9482,Yes,Short,,Loss,1.9482,0,0,1.0
2006-11-30 18:00:00,98.1,1.9692,Yes,Short,,Win,1.9692,0,0,1.0
2007-01-02 18:00:00,25.0,1.9738,Yes,Short,,Win,1.9738,0,0,1.0
2007-01-03 18:00:00,28.9,1.9502,Yes,Long,1.0,Win,1.9502,0,0,
2007-01-11 18:00:00,25.0,1.944,Yes,Short,,Loss,1.944,0,0,1.0
2007-01-24 18:00:00,91.3,1.9676,Yes,Long,1.0,Win,1.9676,0,0,
2007-02-08 18:00:00,42.5,1.9589,Yes,Long,1.0,Loss,1.9589,0,0,
2007-02-14 18:00:00,0.0,1.9629,Yes,Short,,Win,1.9629,0,0,1.0
2007-02-15 18:00:00,0.0,1.9533,Yes,Long,1.0,Loss,1.9533,0,0,
2007-03-05 18:00:00,0.0,1.9238,Yes,Long,1.0,Loss,1.9238,0,0,
2007-03-20 18:00:00,51.4,1.9582,Yes,Short,,Loss,1.9582,0,0,1.0
2007-04-02 18:00:00,61.3,1.9779,Yes,Short,,Loss,1.9779,0,0,1.0
2007-04-10 18:00:00,2.0,1.9725,Yes,Short,,Win,1.9725,0,0,1.0
2007-04-17 18:00:00,75.4,2.0051,Yes,Short,,Loss,2.0051,0,0,1.0
2007-04-26 18:00:00,72.4,1.9921,Yes,Long,1.0,Loss,1.9921,0,0,
2007-05-10 18:00:00,50.0,1.9833,Yes,Long,1.0,Loss,1.9833,0,0,
2007-05-23 18:00:00,25.0,1.9892,Yes,Short,,Win,1.9892,0,0,1.0
2007-06-04 18:00:00,25.5,1.9911,Yes,Short,,Win,1.9911,0,0,1.0
2007-06-07 18:00:00,13.7,1.981,Yes,Long,1.0,Loss,1.981,0,0,
2007-07-10 18:00:00,78.1,2.024,Yes,Short,,Loss,2.024,0,0,1.0
2007-07-11 18:00:00,77.5,2.0344,Yes,Short,,Win,2.0344,0,0,1.0
2007-07-17 18:00:00,87.3,2.0448,Yes,Short,,Loss,2.0448,0,0,1.0
2007-07-25 18:00:00,95.6,2.0499,Yes,Long,1.0,Win,2.0499,0,0,
2007-08-08 18:00:00,0.0,2.0387,Yes,Short,,Win,2.0387,0,0,1.0
2007-08-29 18:00:00,34.6,2.0145,Yes,Short,,Loss,2.0145,0,0,1.0
2007-09-19 18:00:00,0.0,1.9996,Yes,Long,1.0,Win,1.9996,0,0,
2007-09-20 18:00:00,50.0,2.0142,Yes,Short,,Win,2.0142,0,0,1.0
2007-10-22 18:00:00,40.8,2.0279,Yes,Long,1.0,Win,2.0279,0,0,
2007-10-23 18:00:00,27.7,2.0486,Yes,Short,,Loss,2.0486,0,0,1.0
2007-11-07 18:00:00,96.4,2.1046,Yes,Short,,Win,2.1046,0,0,1.0
2007-11-12 18:00:00,78.8,2.0614,Yes,Long,1.0,Loss,2.0614,0,0,
2007-11-13 18:00:00,26.0,2.0729,Yes,Short,,Win,2.0729,0,0,1.0
2007-11-14 18:00:00,25.0,2.0587,Yes,Long,1.0,Loss,2.0587,0,0,
2007-11-20 18:00:00,25.0,2.0654,Yes,Short,,Loss,2.0654,0,0,1.0
2008-01-09 18:00:00,25.0,1.9566,Yes,Long,1.0,Win,1.9566,0,0,
2008-01-15 18:00:00,50.0,1.9673,Yes,Short,,Win,1.9673,0,0,1.0
2008-01-21 18:00:00,0.0,1.945,Yes,Long,1.0,Loss,1.945,0,0,
2008-01-22 18:00:00,0.0,1.9578,Yes,Short,,Loss,1.9578,0,0,1.0
2008-01-24 18:00:00,25.0,1.9734,Yes,Short,,Loss,1.9734,0,0,1.0
2008-02-07 18:00:00,0.0,1.9421,Yes,Long,1.0,Win,1.9421,0,0,
2008-02-12 18:00:00,50.0,1.9623,Yes,Short,,Win,1.9623,0,0,1.0
2008-02-21 18:00:00,25.0,1.9614,Yes,Short,,Loss,1.9614,0,0,1.0
2008-03-06 18:00:00,54.4,2.0073,Yes,Short,,Loss,2.0073,0,0,1.0
2008-03-12 18:00:00,33.0,2.0213,Yes,Short,,Loss,2.0213,0,0,1.0
2008-03-17 18:00:00,57.5,2.001,Yes,Long,1.0,Loss,2.001,0,0,
2008-03-18 18:00:00,14.0,2.0217,Yes,Short,,Win,2.0217,0,0,1.0
2008-03-19 18:00:00,52.0,1.9859,Yes,Long,1.0,Loss,1.9859,0,0,
2008-04-08 18:00:00,50.0,1.9683,Yes,Long,1.0,Win,1.9683,0,0,
2008-04-14 18:00:00,0.0,1.9839,Yes,Short,,Win,1.9839,0,0,1.0
2008-04-16 18:00:00,25.0,1.9759,Yes,Short,,Win,1.9759,0,0,1.0
2008-04-17 18:00:00,0.0,1.9857,Yes,Short,,Loss,1.9857,0,0,1.0
2008-04-21 18:00:00,35.2,1.9809,Yes,Long,1.0,Loss,1.9809,0,0,
2008-04-23 18:00:00,20.1,1.9806,Yes,Long,1.0,Win,1.9806,0,0,
2008-04-29 18:00:00,53.1,1.9716,Yes,Long,1.0,Loss,1.9716,0,0,
2008-05-07 18:00:00,25.0,1.9515,Yes,Long,1.0,Win,1.9515,0,0,
2008-05-20 18:00:00,50.0,1.9687,Yes,Short,,Win,1.9687,0,0,1.0
2008-06-02 18:00:00,64.9,1.9639,Yes,Long,1.0,Win,1.9639,0,0,
2008-06-10 18:00:00,50.0,1.953,Yes,Long,1.0,Win,1.953,0,0,
2008-06-12 18:00:00,0.0,1.946,Yes,Long,1.0,Win,1.946,0,0,
2008-06-16 18:00:00,25.0,1.9639,Yes,Short,,Win,1.9639,0,0,1.0
2008-06-23 18:00:00,59.9,1.9597,Yes,Long,1.0,Win,1.9597,0,0,
2008-06-26 18:00:00,79.7,1.9893,Yes,Short,,Win,1.9893,0,0,1.0
2008-07-07 18:00:00,13.9,1.9697,Yes,Long,1.0,Win,1.9697,0,0,
2008-07-15 18:00:00,50.0,2.0052,Yes,Short,,Win,2.0052,0,0,1.0
2008-07-24 18:00:00,10.7,1.9832,Yes,Long,1.0,Win,1.9832,0,0,
2008-07-29 18:00:00,25.0,1.9811,Yes,Long,1.0,Loss,1.9811,0,0,
2008-08-13 18:00:00,25.0,1.8655,Yes,Long,1.0,Win,1.8655,0,0,
2008-09-08 18:00:00,0.0,1.7645,Yes,Long,1.0,Loss,1.7645,0,0,
2008-09-16 18:00:00,28.0,1.7743,Yes,Long,1.0,Win,1.7743,0,0,
2008-10-06 18:00:00,25.0,1.7342,Yes,Long,1.0,Win,1.7342,0,0,
2008-10-13 18:00:00,25.0,1.742,Yes,Short,,Win,1.742,0,0,1.0
2008-10-22 18:00:00,0.0,1.6338,Yes,Long,1.0,Loss,1.6338,0,0,
2009-01-07 18:00:00,50.0,1.5255,Yes,Short,,Win,1.5255,0,0,1.0
2009-01-12 18:00:00,39.9,1.4828,Yes,Long,1.0,Loss,1.4828,0,0,
2009-01-13 18:00:00,26.4,1.453,Yes,Long,1.0,Loss,1.453,0,0,
2009-01-19 18:00:00,25.0,1.4521,Yes,Long,1.0,Loss,1.4521,0,0,
2009-01-20 18:00:00,25.0,1.4025,Yes,Long,1.0,Loss,1.4025,0,0,
2009-01-26 18:00:00,25.0,1.3961,Yes,Short,,Loss,1.3961,0,0,1.0
2009-02-25 18:00:00,15.1,1.4264,Yes,Long,1.0,Loss,1.4264,0,0,
2009-03-02 18:00:00,0.1,1.3988,Yes,Long,1.0,Win,1.3988,0,0,
2009-03-09 18:00:00,25.0,1.3757,Yes,Long,1.0,Win,1.3757,0,0,
2009-03-19 18:00:00,53.5,1.4585,Yes,Short,,Win,1.4585,0,0,1.0
2009-04-02 18:00:00,25.0,1.4742,Yes,Short,,Win,1.4742,0,0,1.0
2009-04-20 18:00:00,19.5,1.4541,Yes,Long,1.0,Win,1.4541,0,0,
2009-05-20 18:00:00,50.5,1.565,Yes,Short,,Loss,1.565,0,0,1.0
2009-06-01 18:00:00,91.3,1.6426,Yes,Short,,Loss,1.6426,0,0,1.0
2009-06-03 18:00:00,90.5,1.6383,Yes,Long,1.0,Loss,1.6383,0,0,
2009-06-09 18:00:00,0.5,1.6271,Yes,Short,,Loss,1.6271,0,0,1.0
2009-07-09 18:00:00,0.0,1.6232,Yes,Short,,Loss,1.6232,0,0,1.0
2009-08-03 18:00:00,58.7,1.6927,Yes,Short,,Win,1.6927,0,0,1.0
2009-08-06 18:00:00,86.4,1.6799,Yes,Long,1.0,Loss,1.6799,0,0,
2009-08-10 18:00:00,24.5,1.6532,Yes,Long,1.0,Loss,1.6532,0,0,
2009-08-17 18:00:00,50.0,1.6309,Yes,Long,1.0,Win,1.6309,0,0,
2009-08-18 18:00:00,25.0,1.6527,Yes,Short,,Loss,1.6527,0,0,1.0
2009-09-08 18:00:00,38.7,1.6563,Yes,Short,,Win,1.6563,0,0,1.0
2009-09-10 18:00:00,58.7,1.6672,Yes,Short,,Win,1.6672,0,0,1.0
2009-09-15 18:00:00,67.5,1.643,Yes,Long,1.0,Win,1.643,0,0,
2009-09-22 18:00:00,25.0,1.6371,Yes,Short,,Win,1.6371,0,0,1.0
2009-09-24 18:00:00,0.0,1.607,Yes,Long,1.0,Loss,1.607,0,0,
2009-10-15 18:00:00,50.0,1.6262,Yes,Short,,Loss,1.6262,0,0,1.0
2009-10-21 18:00:00,81.5,1.6621,Yes,Short,,Loss,1.6621,0,0,1.0
2009-10-29 18:00:00,50.0,1.6556,Yes,Short,,Win,1.6556,0,0,1.0
2009-11-11 18:00:00,29.9,1.6568,Yes,Long,1.0,Loss,1.6568,0,0,
2009-11-26 18:00:00,25.0,1.6495,Yes,Long,1.0,Win,1.6495,0,0,
2010-01-13 18:00:00,50.0,1.6285,Yes,Short,,Loss,1.6285,0,0,1.0
2010-02-04 18:00:00,50.0,1.576,Yes,Long,1.0,Loss,1.576,0,0,
2010-02-25 18:00:00,25.0,1.5198,Yes,Long,1.0,Win,1.5198,0,0,
2010-03-01 18:00:00,0.0,1.4971,Yes,Long,1.0,Win,1.4971,0,0,
2010-04-27 18:00:00,25.0,1.5342,Yes,Long,1.0,Loss,1.5342,0,0,
2010-05-04 18:00:00,0.0,1.5112,Yes,Long,1.0,Win,1.5112,0,0,
2010-05-06 18:00:00,0.0,1.4971,Yes,Long,1.0,Loss,1.4971,0,0,
2010-05-10 18:00:00,0.0,1.4987,Yes,Short,,Win,1.4987,0,0,1.0
2010-06-01 18:00:00,50.2,1.4698,Yes,Short,,Win,1.4698,0,0,1.0
2010-06-14 18:00:00,25.0,1.4787,Yes,Short,,Win,1.4787,0,0,1.0
2010-07-01 18:00:00,31.0,1.5111,Yes,Short,,Loss,1.5111,0,0,1.0
2010-07-13 18:00:00,0.3,1.5166,Yes,Short,,Win,1.5166,0,0,1.0
2010-08-02 18:00:00,70.4,1.5893,Yes,Short,,Win,1.5893,0,0,1.0
2010-08-10 18:00:00,60.1,1.5735,Yes,Long,1.0,Win,1.5735,0,0,
2010-08-11 18:00:00,20.3,1.5659,Yes,Long,1.0,Win,1.5659,0,0,
2010-09-08 18:00:00,25.0,1.5481,Yes,Short,,Win,1.5481,0,0,1.0
2010-10-19 18:00:00,29.1,1.5724,Yes,Long,1.0,Loss,1.5724,0,0,
2010-10-20 18:00:00,25.0,1.5853,Yes,Short,,Loss,1.5853,0,0,1.0
2010-10-26 18:00:00,0.0,1.5866,Yes,Short,,Win,1.5866,0,0,1.0
2010-10-28 18:00:00,25.0,1.5937,Yes,Short,,Win,1.5937,0,0,1.0
2010-11-04 18:00:00,95.2,1.628,Yes,Short,,Loss,1.628,0,0,1.0
2010-11-16 18:00:00,25.0,1.5879,Yes,Long,1.0,Win,1.5879,0,0,
2011-01-13 18:00:00,65.4,1.5868,Yes,Short,,Win,1.5868,0,0,1.0
2011-01-25 18:00:00,53.9,1.5815,Yes,Long,1.0,Win,1.5815,0,0,
2011-01-31 18:00:00,0.0,1.6039,Yes,Short,,Win,1.6039,0,0,1.0
2011-02-22 18:00:00,26.4,1.6126,Yes,Long,1.0,Win,1.6126,0,0,
2011-02-24 18:00:00,56.4,1.6103,Yes,Long,1.0,Win,1.6103,0,0,
2011-02-28 18:00:00,26.7,1.6245,Yes,Short,,Loss,1.6245,0,0,1.0
2011-03-10 18:00:00,50.5,1.6061,Yes,Long,1.0,Loss,1.6061,0,0,
2011-03-15 18:00:00,50.0,1.6062,Yes,Long,1.0,Win,1.6062,0,0,
2011-03-17 18:00:00,25.0,1.6141,Yes,Short,,Win,1.6141,0,0,1.0
2011-03-23 18:00:00,76.1,1.6244,Yes,Long,1.0,Loss,1.6244,0,0,
2011-04-05 18:00:00,50.0,1.6274,Yes,Short,,Loss,1.6274,0,0,1.0
2011-04-18 18:00:00,29.7,1.6198,Yes,Long,1.0,Win,1.6198,0,0,
2011-04-21 18:00:00,50.2,1.6569,Yes,Short,,Win,1.6569,0,0,1.0
2011-05-03 18:00:00,61.9,1.6489,Yes,Long,1.0,Loss,1.6489,0,0,
2011-06-15 18:00:00,0.0,1.6254,Yes,Long,1.0,Loss,1.6254,0,0,
2011-07-11 18:00:00,25.0,1.5885,Yes,Long,1.0,Win,1.5885,0,0,
2011-07-13 18:00:00,25.0,1.6082,Yes,Short,,Loss,1.6082,0,0,1.0
2011-07-21 18:00:00,74.6,1.6297,Yes,Short,,Loss,1.6297,0,0,1.0
2011-07-26 18:00:00,85.6,1.6387,Yes,Short,,Loss,1.6387,0,0,1.0
2011-08-01 18:00:00,87.6,1.626,Yes,Long,1.0,Win,1.626,0,0,
2011-08-03 18:00:00,31.8,1.6409,Yes,Short,,Loss,1.6409,0,0,1.0
2011-08-10 18:00:00,0.0,1.6141,Yes,Long,1.0,Win,1.6141,0,0,
2011-08-30 18:00:00,25.0,1.6274,Yes,Long,1.0,Win,1.6274,0,0,
2011-09-21 18:00:00,0.0,1.5605,Yes,Long,1.0,Loss,1.5605,0,0,
2011-09-22 18:00:00,0.0,1.534,Yes,Long,1.0,Win,1.534,0,0,
2011-09-27 18:00:00,25.0,1.5699,Yes,Short,,Win,1.5699,0,0,1.0
2011-10-12 18:00:00,25.3,1.5775,Yes,Short,,Win,1.5775,0,0,1.0
2011-11-09 18:00:00,50.0,1.5955,Yes,Long,1.0,Loss,1.5955,0,0,
2011-11-14 18:00:00,25.0,1.5896,Yes,Long,1.0,Win,1.5896,0,0,
2011-11-23 18:00:00,0.0,1.5509,Yes,Long,1.0,Win,1.5509,0,0,
2011-11-29 18:00:00,50.0,1.5622,Yes,Short,,Win,1.5622,0,0,1.0
2012-01-03 18:00:00,25.0,1.56524,Yes,Short,,Win,1.56524,0,0,1.0
2012-01-05 18:00:00,25.0,1.54767,Yes,Long,1.0,Win,1.54767,0,0,
2012-01-11 18:00:00,50.0,1.53232,Yes,Long,1.0,Loss,1.53232,0,0,
2012-02-01 18:00:00,96.8,1.58503,Yes,Short,,Win,1.58503,0,0,1.0
2012-02-16 18:00:00,25.0,1.57924,Yes,Short,,Loss,1.57924,0,0,1.0
2012-02-22 18:00:00,1.6,1.56749,Yes,Long,1.0,Loss,1.56749,0,0,
2012-03-06 18:00:00,41.7,1.57192,Yes,Long,1.0,Win,1.57192,0,0,
2012-03-08 18:00:00,25.0,1.58197,Yes,Short,,Win,1.58197,0,0,1.0
2012-03-13 18:00:00,0.0,1.57341,Yes,Short,,Win,1.57341,0,0,1.0
2012-03-28 18:00:00,82.9,1.58488,Yes,Long,1.0,Win,1.58488,0,0,
2012-04-18 18:00:00,56.4,1.60295,Yes,Short,,Win,1.60295,0,0,1.0
2012-05-16 18:00:00,0.0,1.59172,Yes,Long,1.0,Loss,1.59172,0,0,
2012-05-17 18:00:00,0.0,1.58108,Yes,Long,1.0,Win,1.58108,0,0,
2012-05-30 18:00:00,0.0,1.55315,Yes,Long,1.0,Loss,1.55315,0,0,
2012-05-31 18:00:00,0.0,1.53892,Yes,Long,1.0,Win,1.53892,0,0,
2012-07-04 18:00:00,54.5,1.55767,Yes,Long,1.0,Win,1.55767,0,0,
2012-07-12 18:00:00,50.0,1.54029,Yes,Long,1.0,Win,1.54029,0,0,
2012-07-23 18:00:00,77.4,1.55106,Yes,Long,1.0,Win,1.55106,0,0,
2012-07-26 18:00:00,25.0,1.56968,Yes,Short,,Win,1.56968,0,0,1.0
2012-09-11 18:00:00,67.3,1.60619,Yes,Short,,Loss,1.60619,0,0,1.0
2012-10-04 18:00:00,25.0,1.61641,Yes,Short,,Loss,1.61641,0,0,1.0
2012-10-08 18:00:00,25.0,1.60237,Yes,Long,1.0,Win,1.60237,0,0,
2012-10-23 18:00:00,27.2,1.59382,Yes,Long,1.0,Win,1.59382,0,0,
2012-10-24 18:00:00,0.0,1.60278,Yes,Short,,Loss,1.60278,0,0,1.0
2012-10-25 18:00:00,0.0,1.61393,Yes,Short,,Win,1.61393,0,0,1.0
2013-01-03 18:00:00,35.8,1.61487,Yes,Long,1.0,Loss,1.61487,0,0,
2013-01-08 18:00:00,50.0,1.60376,Yes,Long,1.0,Win,1.60376,0,0,
2013-01-10 18:00:00,0.0,1.61224,Yes,Short,,Loss,1.61224,0,0,1.0
2013-01-28 18:00:00,0.0,1.56837,Yes,Long,1.0,Win,1.56837,0,0,
2013-02-05 18:00:00,0.0,1.56483,Yes,Long,1.0,Win,1.56483,0,0,
2013-02-11 18:00:00,25.0,1.56659,Yes,Long,1.0,Loss,1.56659,0,0,
2013-02-13 18:00:00,0.0,1.55417,Yes,Long,1.0,Loss,1.55417,0,0,
2013-02-20 18:00:00,0.0,1.52978,Yes,Long,1.0,Loss,1.52978,0,0,
2013-03-14 18:00:00,50.0,1.50495,Yes,Short,,Loss,1.50495,0,0,1.0
2013-04-02 18:00:00,61.2,1.51263,Yes,Long,1.0,Loss,1.51263,0,0,
2013-04-17 18:00:00,70.0,1.5232,Yes,Long,1.0,Win,1.5232,0,0,
2013-04-25 18:00:00,25.0,1.54383,Yes,Short,,Loss,1.54383,0,0,1.0
2013-05-08 18:00:00,19.0,1.55639,Yes,Short,,Win,1.55639,0,0,1.0
2013-05-21 18:00:00,0.0,1.51402,Yes,Long,1.0,Win,1.51402,0,0,
2013-05-22 18:00:00,0.0,1.50436,Yes,Long,1.0,Loss,1.50436,0,0,
2013-05-30 18:00:00,25.0,1.52154,Yes,Short,,Loss,1.52154,0,0,1.0
2013-06-03 18:00:00,26.6,1.52941,Yes,Short,,Loss,1.52941,0,0,1.0
2013-06-06 18:00:00,88.7,1.55211,Yes,Short,,Loss,1.55211,0,0,1.0
2013-06-18 18:00:00,65.3,1.56062,Yes,Long,1.0,Win,1.56062,0,0,
2013-06-27 18:00:00,0.0,1.52038,Yes,Long,1.0,Win,1.52038,0,0,
2013-07-03 18:00:00,0.0,1.52562,Yes,Short,,Loss,1.52562,0,0,1.0
2013-07-04 18:00:00,25.0,1.50642,Yes,Long,1.0,Win,1.50642,0,0,
2013-07-09 18:00:00,25.0,1.48291,Yes,Long,1.0,Win,1.48291,0,0,
2013-08-07 18:00:00,50.0,1.55153,Yes,Short,,Win,1.55153,0,0,1.0
2013-09-09 18:00:00,76.0,1.5719,Yes,Short,,Win,1.5719,0,0,1.0
2013-09-11 18:00:00,68.4,1.58106,Yes,Short,,Loss,1.58106,0,0,1.0
2013-10-09 18:00:00,25.0,1.59291,Yes,Long,1.0,Win,1.59291,0,0,
2013-10-17 18:00:00,25.0,1.61459,Yes,Short,,Loss,1.61459,0,0,1.0
2013-11-13 18:00:00,0.0,1.60304,Yes,Short,,Win,1.60304,0,0,1.0
2013-11-25 18:00:00,90.4,1.61436,Yes,Long,1.0,Win,1.61436,0,0,
2014-01-02 18:00:00,69.2,1.64379,Yes,Long,1.0,Win,1.64379,0,0,
2014-01-13 18:00:00,25.0,1.63767,Yes,Long,1.0,Win,1.63767,0,0,
2014-01-22 18:00:00,50.0,1.65667,Yes,Short,,Loss,1.65667,0,0,1.0
2014-01-27 18:00:00,54.6,1.65852,Yes,Short,,Win,1.65852,0,0,1.0
2014-02-03 18:00:00,0.0,1.63043,Yes,Long,1.0,Win,1.63043,0,0,
2014-02-12 18:00:00,50.0,1.65752,Yes,Short,,Loss,1.65752,0,0,1.0
2014-03-10 18:00:00,38.4,1.66313,Yes,Long,1.0,Win,1.66313,0,0,
2014-04-08 18:00:00,51.4,1.67473,Yes,Short,,Win,1.67473,0,0,1.0
2014-04-16 18:00:00,50.6,1.67897,Yes,Short,,Loss,1.67897,0,0,1.0
2014-04-30 18:00:00,5.9,1.68834,Yes,Short,,Loss,1.68834,0,0,1.0
2014-05-06 18:00:00,59.2,1.69909,Yes,Short,,Win,1.69909,0,0,1.0
2014-05-28 18:00:00,36.2,1.6704,Yes,Long,1.0,Win,1.6704,0,0,
2014-06-05 18:00:00,0.0,1.67899,Yes,Short,,Loss,1.67899,0,0,1.0
2014-06-12 18:00:00,20.3,1.68405,Yes,Short,,Win,1.68405,0,0,1.0
2014-06-19 18:00:00,60.6,1.70528,Yes,Short,,Win,1.70528,0,0,1.0
2014-06-30 18:00:00,33.3,1.7096,Yes,Short,,Loss,1.7096,0,0,1.0
2014-07-15 18:00:00,0.0,1.71414,Yes,Short,,Loss,1.71414,0,0,1.0
2014-07-24 18:00:00,25.0,1.69724,Yes,Long,1.0,Win,1.69724,0,0,
2014-08-06 18:00:00,25.0,1.68319,Yes,Long,1.0,Win,1.68319,0,0,
2014-08-13 18:00:00,0.0,1.66923,Yes,Long,1.0,Loss,1.66923,0,0,
2014-08-19 18:00:00,50.0,1.66168,Yes,Long,1.0,Loss,1.66168,0,0,
2014-09-02 18:00:00,25.0,1.65059,Yes,Long,1.0,Loss,1.65059,0,0,
2014-09-04 18:00:00,0.0,1.63957,Yes,Long,1.0,Loss,1.63957,0,0,
2014-09-18 18:00:00,52.0,1.63867,Yes,Short,,Win,1.63867,0,0,1.0
2014-10-14 18:00:00,25.0,1.59168,Yes,Long,1.0,Loss,1.59168,0,0,
2014-11-06 18:00:00,0.0,1.58609,Yes,Long,1.0,Loss,1.58609,0,0,
2014-11-12 18:00:00,25.0,1.58142,Yes,Long,1.0,Loss,1.58142,0,0,
2015-01-06 18:00:00,25.0,1.51764,Yes,Long,1.0,Loss,1.51764,0,0,
2015-01-27 18:00:00,0.0,1.51942,Yes,Short,,Loss,1.51942,0,0,1.0
2015-02-03 18:00:00,0.0,1.51281,Yes,Short,,Loss,1.51281,0,0,1.0
2015-02-05 18:00:00,62.3,1.52912,Yes,Short,,Loss,1.52912,0,0,1.0
2015-02-12 18:00:00,81.9,1.53798,Yes,Short,,Loss,1.53798,0,0,1.0
2015-02-26 18:00:00,74.6,1.54233,Yes,Long,1.0,Loss,1.54233,0,0,
2015-03-04 18:00:00,0.0,1.52645,Yes,Long,1.0,Loss,1.52645,0,0,
2015-03-11 18:00:00,0.0,1.49439,Yes,Long,1.0,Loss,1.49439,0,0,
2015-03-19 18:00:00,25.0,1.47258,Yes,Long,1.0,Win,1.47258,0,0,
2015-04-09 18:00:00,8.3,1.47362,Yes,Long,1.0,Loss,1.47362,0,0,
2015-04-14 18:00:00,0.0,1.47898,Yes,Short,,Win,1.47898,0,0,1.0
2015-05-19 18:00:00,40.0,1.55064,Yes,Long,1.0,Loss,1.55064,0,0,
2015-06-02 18:00:00,0.0,1.5328,Yes,Short,,Loss,1.5328,0,0,1.0
2015-06-10 18:00:00,53.1,1.55396,Yes,Short,,Win,1.55396,0,0,1.0
2015-07-07 18:00:00,0.0,1.54185,Yes,Long,1.0,Win,1.54185,0,0,
2015-07-08 18:00:00,0.0,1.5352,Yes,Long,1.0,Win,1.5352,0,0,
2015-08-06 18:00:00,43.6,1.55026,Yes,Long,1.0,Win,1.55026,0,0,
2015-08-26 18:00:00,80.9,1.554,Yes,Long,1.0,Loss,1.554,0,0,
2015-08-27 18:00:00,0.4,1.53724,Yes,Long,1.0,Win,1.53724,0,0,
2015-09-16 18:00:00,27.1,1.5515,Yes,Short,,Win,1.5515,0,0,1.0
2015-09-22 18:00:00,27.2,1.53435,Yes,Long,1.0,Win,1.53435,0,0,
2015-09-23 18:00:00,6.8,1.5224,Yes,Long,1.0,Win,1.5224,0,0,
2015-10-13 18:00:00,66.2,1.52242,Yes,Long,1.0,Win,1.52242,0,0,
2015-10-14 18:00:00,57.6,1.5435,Yes,Short,,Loss,1.5435,0,0,1.0
2015-11-05 18:00:00,62.5,1.52322,Yes,Long,1.0,Loss,1.52322,0,0,
2015-11-19 18:00:00,76.3,1.53259,Yes,Short,,Win,1.53259,0,0,1.0
2016-01-12 18:00:00,50.0,1.44009,Yes,Long,1.0,Win,1.44009,0,0,
2016-02-01 18:00:00,39.2,1.43665,Yes,Short,,Loss,1.43665,0,0,1.0
2016-02-03 18:00:00,76.2,1.45744,Yes,Short,,Loss,1.45744,0,0,1.0
2016-02-16 18:00:00,0.0,1.42891,Yes,Long,1.0,Win,1.42891,0,0,
2016-03-15 18:00:00,84.8,1.41653,Yes,Long,1.0,Loss,1.41653,0,0,
2016-03-17 18:00:00,52.0,1.44894,Yes,Short,,Loss,1.44894,0,0,1.0
2016-03-22 18:00:00,13.7,1.42164,Yes,Long,1.0,Loss,1.42164,0,0,
2016-03-28 18:00:00,25.0,1.42579,Yes,Short,,Win,1.42579,0,0,1.0
2016-04-05 18:00:00,66.4,1.41329,Yes,Long,1.0,Win,1.41329,0,0,
2016-04-11 18:00:00,0.0,1.42631,Yes,Short,,Win,1.42631,0,0,1.0
2016-04-19 18:00:00,41.4,1.44023,Yes,Short,,Loss,1.44023,0,0,1.0
2016-05-03 18:00:00,94.2,1.45515,Yes,Long,1.0,Loss,1.45515,0,0,
2016-05-18 18:00:00,25.0,1.46161,Yes,Short,,Win,1.46161,0,0,1.0
2016-05-24 18:00:00,14.9,1.46092,Yes,Short,,Loss,1.46092,0,0,1.0
2016-06-16 18:00:00,25.0,1.40631,Yes,Long,1.0,Win,1.40631,0,0,
2016-06-20 18:00:00,25.0,1.46926,Yes,Short,,Loss,1.46926,0,0,1.0
2016-06-27 18:00:00,25.0,1.31492,Yes,Long,1.0,Win,1.31492,0,0,
2016-08-04 18:00:00,53.1,1.31273,Yes,Long,1.0,Loss,1.31273,0,0,
2016-08-18 18:00:00,50.0,1.31608,Yes,Short,,Win,1.31608,0,0,1.0
2016-09-01 18:00:00,50.0,1.32984,Yes,Short,,Win,1.32984,0,0,1.0
2016-09-06 18:00:00,35.3,1.34279,Yes,Short,,Loss,1.34279,0,0,1.0
2016-09-13 18:00:00,42.1,1.31807,Yes,Long,1.0,Win,1.31807,0,0,
2016-10-03 18:00:00,0.0,1.28343,Yes,Long,1.0,Win,1.28343,0,0,
2016-10-04 18:00:00,0.0,1.27535,Yes,Long,1.0,Loss,1.27535,0,0,
2016-10-06 18:00:00,0.0,1.26454,Yes,Long,1.0,Loss,1.26454,0,0,
2016-10-11 18:00:00,0.0,1.22246,Yes,Long,1.0,Loss,1.22246,0,0,
2016-11-03 18:00:00,56.9,1.24541,Yes,Short,,Loss,1.24541,0,0,1.0
2016-11-10 18:00:00,35.5,1.25218,Yes,Short,,Loss,1.25218,0,0,1.0
2016-11-14 18:00:00,83.6,1.24668,Yes,Long,1.0,Win,1.24668,0,0,
2016-11-21 18:00:00,0.0,1.24725,Yes,Short,,Loss,1.24725,0,0,1.0
2017-01-05 18:00:00,54.0,1.24122,Yes,Short,,Loss,1.24122,0,0,1.0
2017-01-09 18:00:00,53.9,1.21651,Yes,Long,1.0,Loss,1.21651,0,0,
2017-01-17 18:00:00,25.0,1.23832,Yes,Short,,Loss,1.23832,0,0,1.0
2017-02-23 18:00:00,50.0,1.25471,Yes,Short,,Loss,1.25471,0,0,1.0
2017-03-16 18:00:00,25.0,1.23679,Yes,Short,,Win,1.23679,0,0,1.0
2017-03-21 18:00:00,87.0,1.24791,Yes,Short,,Loss,1.24791,0,0,1.0
2017-04-18 18:00:00,73.6,1.27641,Yes,Short,,Loss,1.27641,0,0,1.0
2017-05-31 18:00:00,50.0,1.29106,Yes,Short,,Win,1.29106,0,0,1.0
2017-06-20 18:00:00,25.0,1.26172,Yes,Long,1.0,Win,1.26172,0,0,
2017-06-28 18:00:00,50.0,1.29415,Yes,Short,,Win,1.29415,0,0,1.0
2017-07-03 18:00:00,65.6,1.29371,Yes,Long,1.0,Loss,1.29371,0,0,
2017-08-03 18:00:00,95.8,1.31429,Yes,Long,1.0,Loss,1.31429,0,0,
2017-08-08 18:00:00,0.0,1.2959,Yes,Long,1.0,Win,1.2959,0,0,
2017-08-15 18:00:00,0.0,1.28529,Yes,Long,1.0,Win,1.28529,0,0,
2017-09-05 18:00:00,34.9,1.3027,Yes,Short,,Loss,1.3027,0,0,1.0
2017-09-07 18:00:00,85.7,1.31111,Yes,Short,,Win,1.31111,0,0,1.0
2017-09-12 18:00:00,43.7,1.32617,Yes,Short,,Loss,1.32617,0,0,1.0
2017-09-14 18:00:00,94.8,1.33485,Yes,Short,,Loss,1.33485,0,0,1.0
2017-10-02 18:00:00,25.0,1.32752,Yes,Long,1.0,Win,1.32752,0,0,
2017-10-05 18:00:00,25.0,1.31384,Yes,Long,1.0,Loss,1.31384,0,0,
2017-10-24 18:00:00,50.0,1.31181,Yes,Long,1.0,Win,1.31181,0,0,
2017-10-25 18:00:00,25.0,1.32521,Yes,Short,,Loss,1.32521,0,0,1.0
2017-10-26 18:00:00,25.0,1.31706,Yes,Long,1.0,Loss,1.31706,0,0,
2017-11-02 18:00:00,34.9,1.30674,Yes,Long,1.0,Loss,1.30674,0,0,
2017-11-28 18:00:00,44.4,1.32299,Yes,Long,1.0,Win,1.32299,0,0,
2017-11-30 18:00:00,65.3,1.35047,Yes,Short,,Loss,1.35047,0,0,1.0
2018-01-02 18:00:00,59.3,1.35943,Yes,Short,,Loss,1.35943,0,0,1.0
2018-01-03 18:00:00,67.2,1.35196,Yes,Long,1.0,Loss,1.35196,0,0,
2018-01-09 18:00:00,34.5,1.35165,Yes,Long,1.0,Win,1.35165,0,0,
2018-01-15 18:00:00,59.3,1.38038,Yes,Short,,Win,1.38038,0,0,1.0
2018-01-24 18:00:00,94.2,1.41974,Yes,Short,,Loss,1.41974,0,0,1.0
2018-02-28 18:00:00,0.0,1.3793,Yes,Long,1.0,Loss,1.3793,0,0,
2018-03-19 18:00:00,48.0,1.40284,Yes,Short,,Loss,1.40284,0,0,1.0
2018-03-27 18:00:00,90.3,1.41425,Yes,Long,1.0,Win,1.41425,0,0,
2018-04-05 18:00:00,25.0,1.39983,Yes,Long,1.0,Win,1.39983,0,0,
2018-04-16 18:00:00,90.9,1.4328,Yes,Short,,Loss,1.4328,0,0,1.0
2018-05-01 18:00:00,0.0,1.3596,Yes,Long,1.0,Win,1.3596,0,0,
2018-05-23 18:00:00,0.0,1.33399,Yes,Long,1.0,Win,1.33399,0,0,
2018-06-21 18:00:00,0.0,1.32571,Yes,Short,,Win,1.32571,0,0,1.0
2018-08-02 18:00:00,28.2,1.30318,Yes,Long,1.0,Loss,1.30318,0,0,
2018-08-23 18:00:00,62.3,1.28344,Yes,Long,1.0,Loss,1.28344,0,0,
2018-08-29 18:00:00,80.8,1.2998,Yes,Short,,Loss,1.2998,0,0,1.0
2018-09-05 18:00:00,2.7,1.2958,Yes,Short,,Win,1.2958,0,0,1.0
2018-09-10 18:00:00,25.0,1.3018,Yes,Short,,Loss,1.3018,0,0,1.0
2018-09-20 18:00:00,67.9,1.32529,Yes,Short,,Loss,1.32529,0,0,1.0
2018-10-22 18:00:00,0.0,1.29731,Yes,Long,1.0,Loss,1.29731,0,0,
2018-11-01 18:00:00,25.0,1.29738,Yes,Short,,Loss,1.29738,0,0,1.0
2018-11-13 18:00:00,30.3,1.30281,Yes,Short,,Win,1.30281,0,0,1.0
2018-11-15 18:00:00,50.0,1.27472,Yes,Long,1.0,Win,1.27472,0,0,
2019-01-02 18:00:00,47.6,1.25976,Yes,Long,1.0,Win,1.25976,0,0,
2019-01-03 18:00:00,25.0,1.26312,Yes,Short,,Loss,1.26312,0,0,1.0
2019-01-15 18:00:00,59.5,1.27606,Yes,Long,1.0,Win,1.27606,0,0,
2019-01-23 18:00:00,79.5,1.30722,Yes,Short,,Win,1.30722,0,0,1.0
2019-02-19 18:00:00,50.0,1.30344,Yes,Short,,Loss,1.30344,0,0,1.0
2019-02-26 18:00:00,64.4,1.32512,Yes,Short,,Loss,1.32512,0,0,1.0
2019-03-11 18:00:00,0.0,1.31309,Yes,Short,,Loss,1.31309,0,0,1.0
2019-03-12 18:00:00,25.0,1.30764,Yes,Long,1.0,Loss,1.30764,0,0,
2019-03-13 18:00:00,50.0,1.32134,Yes,Short,,Loss,1.32134,0,0,1.0
2019-03-21 18:00:00,47.4,1.30474,Yes,Long,1.0,Win,1.30474,0,0,
2019-04-01 18:00:00,0.0,1.31399,Yes,Short,,Win,1.31399,0,0,1.0
2019-04-30 18:00:00,25.0,1.30352,Yes,Short,,Loss,1.30352,0,0,1.0
2019-05-01 18:00:00,25.0,1.30826,Yes,Short,,Win,1.30826,0,0,1.0
2019-05-06 18:00:00,53.0,1.30952,Yes,Long,1.0,Win,1.30952,0,0,
2019-05-08 18:00:00,38.5,1.30032,Yes,Long,1.0,Loss,1.30032,0,0,
2019-06-19 18:00:00,0.0,1.26308,Yes,Short,,Loss,1.26308,0,0,1.0
2019-07-15 18:00:00,50.0,1.25159,Yes,Long,1.0,Win,1.25159,0,0,
2019-07-16 18:00:00,0.0,1.24178,Yes,Long,1.0,Loss,1.24178,0,0,
2019-07-24 18:00:00,0.0,1.24983,Yes,Short,,Win,1.24983,0,0,1.0
2019-07-29 18:00:00,0.0,1.22274,Yes,Long,1.0,Loss,1.22274,0,0,
2019-07-30 18:00:00,0.0,1.21507,Yes,Long,1.0,Win,1.21507,0,0,
2019-07-31 18:00:00,25.0,1.22449,Yes,Short,,Win,1.22449,0,0,1.0
2019-08-22 18:00:00,41.7,1.22529,Yes,Short,,Loss,1.22529,0,0,1.0
2019-09-02 18:00:00,4.4,1.20615,Yes,Long,1.0,Win,1.20615,0,0,
2019-09-04 18:00:00,0.0,1.21906,Yes,Short,,Loss,1.21906,0,0,1.0
2019-09-25 18:00:00,66.9,1.23782,Yes,Long,1.0,Loss,1.23782,0,0,
2019-10-03 18:00:00,25.0,1.24024,Yes,Short,,Win,1.24024,0,0,1.0
2019-10-15 18:00:00,45.2,1.27758,Yes,Short,,Loss,1.27758,0,0,1.0
2020-01-02 18:00:00,84.7,1.3127,Yes,Long,1.0,Win,1.3127,0,0,
2020-01-06 18:00:00,75.1,1.31622,Yes,Short,,Loss,1.31622,0,0,1.0
2020-01-22 18:00:00,25.0,1.31342,Yes,Short,,Loss,1.31342,0,0,1.0
2020-01-30 18:00:00,25.0,1.31058,Yes,Short,,Win,1.31058,0,0,1.0
2020-02-03 18:00:00,26.8,1.30051,Yes,Long,1.0,Loss,1.30051,0,0,
2020-02-13 18:00:00,50.0,1.3049,Yes,Short,,Win,1.3049,0,0,1.0
2020-02-25 18:00:00,25.0,1.30022,Yes,Short,,Win,1.30022,0,0,1.0
2020-02-26 18:00:00,50.0,1.29198,Yes,Long,1.0,Loss,1.29198,0,0,
2020-03-10 18:00:00,64.0,1.29106,Yes,Long,1.0,Loss,1.29106,0,0,
2020-03-12 18:00:00,9.9,1.25958,Yes,Long,1.0,Loss,1.25958,0,0,
2020-03-16 18:00:00,0.0,1.22426,Yes,Long,1.0,Win,1.22426,0,0,
2020-03-17 18:00:00,0.0,1.20459,Yes,Long,1.0,Win,1.20459,0,0,
2020-03-18 18:00:00,0.0,1.15447,Yes,Long,1.0,Win,1.15447,0,0,
2020-03-26 18:00:00,50.0,1.2171,Yes,Short,,Loss,1.2171,0,0,1.0
2020-04-21 18:00:00,33.4,1.22723,Yes,Long,1.0,Win,1.22723,0,0,
2020-04-30 18:00:00,0.0,1.26119,Yes,Short,,Win,1.26119,0,0,1.0
2020-05-18 18:00:00,0.0,1.2192,Yes,Short,,Win,1.2192,0,0,1.0
2020-05-26 18:00:00,50.0,1.23617,Yes,Short,,Win,1.23617,0,0,1.0
2020-05-27 18:00:00,60.0,1.22108,Yes,Long,1.0,Win,1.22108,0,0,
2020-06-01 18:00:00,71.0,1.24823,Yes,Short,,Loss,1.24823,0,0,1.0
2020-06-11 18:00:00,94.7,1.26441,Yes,Long,1.0,Loss,1.26441,0,0,
2020-06-18 18:00:00,25.0,1.24182,Yes,Long,1.0,Win,1.24182,0,0,
2020-07-21 18:00:00,50.0,1.27472,Yes,Short,,Loss,1.27472,0,0,1.0
2020-07-27 18:00:00,90.4,1.28968,Yes,Short,,Win,1.28968,0,0,1.0
2020-08-18 18:00:00,0.0,1.32177,Yes,Short,,Loss,1.32177,0,0,1.0
2020-09-08 18:00:00,0.3,1.30243,Yes,Long,1.0,Loss,1.30243,0,0,
2020-09-10 18:00:00,25.0,1.28665,Yes,Long,1.0,Loss,1.28665,0,0,
2020-09-16 18:00:00,50.0,1.30036,Yes,Short,,Win,1.30036,0,0,1.0
2020-09-21 18:00:00,50.0,1.2792,Yes,Long,1.0,Win,1.2792,0,0,
2020-10-14 18:00:00,42.2,1.30406,Yes,Short,,Win,1.30406,0,0,1.0
2020-10-15 18:00:00,17.4,1.29046,Yes,Long,1.0,Loss,1.29046,0,0,
2020-10-21 18:00:00,25.0,1.31576,Yes,Short,,Loss,1.31576,0,0,1.0
2020-11-03 18:00:00,0.0,1.30481,Yes,Short,,Win,1.30481,0,0,1.0
2020-11-04 18:00:00,25.0,1.30194,Yes,Long,1.0,Loss,1.30194,0,0,
2020-11-05 18:00:00,25.0,1.31152,Yes,Short,,Loss,1.31152,0,0,1.0
2021-01-04 18:00:00,60.4,1.35499,Yes,Long,1.0,Win,1.35499,0,0,
2021-01-12 18:00:00,0.0,1.36352,Yes,Short,,Loss,1.36352,0,0,1.0
2021-02-18 18:00:00,63.3,1.39561,Yes,Short,,Loss,1.39561,0,0,1.0
2021-03-23 18:00:00,25.0,1.37734,Yes,Long,1.0,Loss,1.37734,0,0,
2021-04-19 18:00:00,50.0,1.39867,Yes,Short,,Loss,1.39867,0,0,1.0
2021-04-22 18:00:00,89.6,1.38442,Yes,Long,1.0,Loss,1.38442,0,0,
2021-05-03 18:00:00,0.0,1.39276,Yes,Short,,Win,1.39276,0,0,1.0
2021-05-10 18:00:00,54.7,1.41391,Yes,Short,,Win,1.41391,0,0,1.0
2021-06-21 18:00:00,25.0,1.39039,Yes,Short,,Loss,1.39039,0,0,1.0
2021-07-19 18:00:00,25.0,1.36711,Yes,Long,1.0,Loss,1.36711,0,0,
2021-08-17 18:00:00,50.0,1.3738,Yes,Long,1.0,Loss,1.3738,0,0,
2021-08-19 18:00:00,0.0,1.36604,Yes,Long,1.0,Loss,1.36604,0,0,
2021-08-23 18:00:00,25.0,1.37177,Yes,Short,,Loss,1.37177,0,0,1.0
2021-09-02 18:00:00,34.7,1.38357,Yes,Short,,Loss,1.38357,0,0,1.0
2021-09-09 18:00:00,14.1,1.38438,Yes,Short,,Win,1.38438,0,0,1.0
2021-09-16 18:00:00,0.0,1.37682,Yes,Long,1.0,Win,1.37682,0,0,
2021-09-20 18:00:00,0.0,1.36644,Yes,Long,1.0,Loss,1.36644,0,0,
2021-09-23 18:00:00,25.0,1.37433,Yes,Short,,Win,1.37433,0,0,1.0
2021-09-28 18:00:00,25.0,1.35356,Yes,Long,1.0,Loss,1.35356,0,0,
2021-09-29 18:00:00,0.0,1.34251,Yes,Long,1.0,Win,1.34251,0,0,
2021-11-04 18:00:00,50.0,1.3491,Yes,Long,1.0,Win,1.3491,0,0,
2021-11-08 18:00:00,0.0,1.35636,Yes,Short,,Loss,1.35636,0,0,1.0
2021-11-10 18:00:00,25.0,1.34703,Yes,Long,1.0,Loss,1.34703,0,0,
2021-11-30 18:00:00,25.0,1.3251,Yes,Long,1.0,Win,1.3251,0,0,
2022-01-12 18:00:00,87.6,1.3699,Yes,Short,,Loss,1.3699,0,0,1.0
2022-01-24 18:00:00,0.0,1.34467,Yes,Long,1.0,Win,1.34467,0,0,
2022-01-27 18:00:00,0.0,1.33845,Yes,Long,1.0,Loss,1.33845,0,0,
2022-02-10 18:00:00,51.2,1.36384,Yes,Short,,Win,1.36384,0,0,1.0
2022-02-24 18:00:00,26.1,1.33562,Yes,Long,1.0,Win,1.33562,0,0,
2022-03-01 18:00:00,25.0,1.33169,Yes,Long,1.0,Win,1.33169,0,0,
2022-03-07 18:00:00,0.0,1.31131,Yes,Long,1.0,Loss,1.31131,0,0,
2022-03-28 18:00:00,76.1,1.30827,Yes,Long,1.0,Win,1.30827,0,0,
2022-04-14 18:00:00,0.0,1.30468,Yes,Long,1.0,Win,1.30468,0,0,
2022-04-25 18:00:00,25.0,1.27126,Yes,Long,1.0,Win,1.27126,0,0,
2022-04-26 18:00:00,25.0,1.26187,Yes,Long,1.0,Loss,1.26187,0,0,
2022-04-28 18:00:00,0.0,1.24386,Yes,Long,1.0,Win,1.24386,0,0,
2022-05-05 18:00:00,25.0,1.23741,Yes,Long,1.0,Loss,1.23741,0,0,
2022-05-17 18:00:00,50.0,1.24698,Yes,Short,,Loss,1.24698,0,0,1.0
2022-05-19 18:00:00,51.8,1.24921,Yes,Short,,Loss,1.24921,0,0,1.0
2022-06-01 18:00:00,60.3,1.24963,Yes,Long,1.0,Loss,1.24963,0,0,
2022-06-13 18:00:00,0.0,1.21301,Yes,Long,1.0,Win,1.21301,0,0,
2022-06-14 18:00:00,0.0,1.20011,Yes,Long,1.0,Loss,1.20011,0,0,
2022-06-16 18:00:00,0.0,1.2274,Yes,Short,,Loss,1.2274,0,0,1.0
2022-07-05 18:00:00,50.0,1.19155,Yes,Long,1.0,Win,1.19155,0,0,
2022-07-11 18:00:00,25.0,1.18834,Yes,Long,1.0,Win,1.18834,0,0,
2022-07-18 18:00:00,25.0,1.20239,Yes,Short,,Win,1.20239,0,0,1.0
2022-08-01 18:00:00,62.8,1.22818,Yes,Short,,Win,1.22818,0,0,1.0
2022-08-10 18:00:00,0.0,1.22591,Yes,Short,,Win,1.22591,0,0,1.0
2022-09-13 18:00:00,50.9,1.15416,Yes,Long,1.0,Loss,1.15416,0,0,
2022-10-05 18:00:00,56.7,1.12459,Yes,Long,1.0,Win,1.12459,0,0,
2022-10-17 18:00:00,50.0,1.14259,Yes,Short,,Win,1.14259,0,0,1.0
2022-11-03 18:00:00,37.8,1.11833,Yes,Long,1.0,Loss,1.11833,0,0,
2022-11-09 18:00:00,50.0,1.13939,Yes,Long,1.0,Loss,1.13939,0,0,
2022-11-10 18:00:00,0.0,1.16747,Yes,Short,,Loss,1.16747,0,0,1.0
2023-01-03 18:00:00,25.0,1.19683,Yes,Long,1.0,Win,1.19683,0,0,
2023-01-05 18:00:00,0.0,1.19002,Yes,Long,1.0,Win,1.19002,0,0,
2023-02-02 18:00:00,0.0,1.22584,Yes,Long,1.0,Loss,1.22584,0,0,
2023-02-15 18:00:00,50.0,1.20284,Yes,Long,1.0,Win,1.20284,0,0,
2023-03-07 18:00:00,50.0,1.18549,Yes,Long,1.0,Loss,1.18549,0,0,
2023-03-15 18:00:00,36.2,1.20116,Yes,Long,1.0,Win,1.20116,0,0,
2023-04-03 18:00:00,50.6,1.23886,Yes,Short,,Loss,1.23886,0,0,1.0
2023-04-04 18:00:00,55.7,1.25145,Yes,Short,,Win,1.25145,0,0,1.0
2023-04-25 18:00:00,50.0,1.23991,Yes,Long,1.0,Win,1.23991,0,0,
2023-04-26 18:00:00,25.0,1.24944,Yes,Short,,Win,1.24944,0,0,1.0
2023-05-11 18:00:00,56.7,1.25235,Yes,Long,1.0,Loss,1.25235,0,0,
2023-06-08 18:00:00,68.9,1.25337,Yes,Short,,Loss,1.25337,0,0,1.0
2023-06-13 18:00:00,45.1,1.25853,Yes,Short,,Loss,1.25853,0,0,1.0
2023-06-14 18:00:00,46.3,1.26954,Yes,Short,,Win,1.26954,0,0,1.0
2023-06-15 18:00:00,77.5,1.27432,Yes,Short,,Loss,1.27432,0,0,1.0
2023-06-28 18:00:00,25.0,1.26399,Yes,Long,1.0,Win,1.26399,0,0,
2023-07-10 18:00:00,62.7,1.27533,Yes,Long,1.0,Win,1.27533,0,0,
2023-07-12 18:00:00,92.3,1.29963,Yes,Short,,Win,1.29963,0,0,1.0
2023-07-13 18:00:00,93.6,1.31139,Yes,Short,,Win,1.31139,0,0,1.0
2023-07-19 18:00:00,91.1,1.29013,Yes,Long,1.0,Win,1.29013,0,0,
2023-08-02 18:00:00,0.0,1.26853,Yes,Long,1.0,Win,1.26853,0,0,
2023-08-30 18:00:00,25.0,1.27266,Yes,Short,,Win,1.27266,0,0,1.0
2023-09-06 18:00:00,0.0,1.24901,Yes,Long,1.0,Win,1.24901,0,0,
2023-09-14 18:00:00,25.0,1.24214,Yes,Long,1.0,Loss,1.24214,0,0,
2023-09-28 18:00:00,0.0,1.21977,Yes,Short,,Win,1.21977,0,0,1.0
2023-10-12 18:00:00,67.7,1.2213,Yes,Long,1.0,Loss,1.2213,0,0,
2023-11-14 18:00:00,27.8,1.24813,Yes,Short,,Loss,1.24813,0,0,1.0
2023-11-28 18:00:00,64.0,1.27104,Yes,Short,,Win,1.27104,0,0,1.0
2024-01-02 18:00:00,42.7,1.26294,Yes,Long,1.0,Loss,1.26294,0,0,
2024-02-05 18:00:00,25.0,1.25292,Yes,Long,1.0,Win,1.25292,0,0,
2024-03-06 18:00:00,55.8,1.27559,Yes,Short,,Win,1.27559,0,0,1.0
2024-03-07 18:00:00,63.3,1.27935,Yes,Short,,Loss,1.27935,0,0,1.0
2024-03-14 18:00:00,60.7,1.27482,Yes,Long,1.0,Win,1.27482,0,0,
2024-03-21 18:00:00,50.0,1.26641,Yes,Long,1.0,Loss,1.26641,0,0,
2024-04-01 18:00:00,0.0,1.25622,Yes,Long,1.0,Loss,1.25622,0,0,
2024-04-10 18:00:00,63.1,1.25654,Yes,Long,1.0,Loss,1.25654,0,0,
2024-04-23 18:00:00,0.0,1.24328,Yes,Short,,Loss,1.24328,0,0,1.0
2024-06-12 18:00:00,50.5,1.28423,Yes,Short,,Win,1.28423,0,0,1.0
2024-06-26 18:00:00,25.0,1.26222,Yes,Long,1.0,Loss,1.26222,0,0,
2024-07-03 18:00:00,25.0,1.27617,Yes,Short,,Win,1.27617,0,0,1.0
2024-07-11 18:00:00,44.7,1.2924,Yes,Short,,Win,1.2924,0,0,1.0
2024-08-01 18:00:00,25.0,1.2792,Yes,Long,1.0,Loss,1.2792,0,0,
2024-08-06 18:00:00,25.0,1.27058,Yes,Long,1.0,Loss,1.27058,0,0,
2024-09-11 18:00:00,0.0,1.30146,Yes,Long,1.0,Win,1.30146,0,0,
2024-09-16 18:00:00,50.0,1.31988,Yes,Short,,Loss,1.31988,0,0,1.0
2024-10-01 18:00:00,37.1,1.32882,Yes,Long,1.0,Loss,1.32882,0,0,
2024-10-03 18:00:00,25.0,1.31069,Yes,Long,1.0,Win,1.31069,0,0,
2024-10-31 18:00:00,50.0,1.28636,Yes,Long,1.0,Win,1.28636,0,0,
2024-11-06 18:00:00,50.0,1.28956,Yes,Long,1.0,Loss,1.28956,0,0,
2024-11-07 18:00:00,25.0,1.29836,Yes,Short,,Win,1.29836,0,0,1.0
2024-11-12 18:00:00,0.0,1.27321,Yes,Long,1.0,Win,1.27321,0,0,
2024-11-27 18:00:00,50.0,1.26754,Yes,Short,,Loss,1.26754,0,0,1.0
2025-01-02 18:00:00,25.0,1.23742,Yes,Long,1.0,Win,1.23742,0,0,
2025-01-06 18:00:00,0.0,1.25261,Yes,Short,,Win,1.25261,0,0,1.0
2025-01-08 18:00:00,0.0,1.23654,Yes,Long,1.0,Loss,1.23654,0,0,
2025-01-20 18:00:00,0.0,1.22946,Yes,Short,,Loss,1.22946,0,0,1.0
2025-02-03 18:00:00,8.6,1.23856,Yes,Short,,Loss,1.23856,0,0,1.0
2025-03-03 18:00:00,0.3,1.27088,Yes,Short,,Win,1.27088,0,0,1.0
2025-03-27 18:00:00,0.0,1.29566,Yes,Short,,Win,1.29566,0,0,1.0
2025-04-03 18:00:00,30.1,1.31677,Yes,Short,,Win,1.31677,0,0,1.0
2025-04-07 18:00:00,6.6,1.27547,Yes,Long,1.0,Loss,1.27547,0,0,
2025-04-10 18:00:00,50.0,1.29598,Yes,Short,,Loss,1.29598,0,0,1.0
2025-04-28 18:00:00,41.3,1.33925,Yes,Short,,Loss,1.33925,0,0,1.0
2025-05-06 18:00:00,50.0,1.33716,Yes,Short,,Loss,1.33716,0,0,1.0
2025-05-12 18:00:00,25.0,1.32011,Yes,Long,1.0,Loss,1.32011,0,0,
2025-05-13 18:00:00,0.0,1.32594,Yes,Short,,Loss,1.32594,0,0,1.0
2025-06-02 18:00:00,40.3,1.35524,Yes,Short,,Win,1.35524,0,0,1.0
2025-06-24 18:00:00,25.0,1.36218,Yes,Short,,Loss,1.36218,0,0,1.0
2025-07-02 18:00:00,68.0,1.35932,Yes,Long,1.0,Win,1.35932,0,0,
2025-07-21 18:00:00,25.0,1.34925,Yes,Short,,Win,1.34925,0,0,1.0
2025-09-02 18:00:00,41.7,1.3397,Yes,Long,1.0,Loss,1.3397,0,0,
2025-09-18 18:00:00,90.0,1.3552,Yes,Long,1.0,Win,1.3552,0,0,
2025-09-24 18:00:00,25.0,1.3451,Yes,Long,1.0,Loss,1.3451,0,0,
2025-09-25 18:00:00,0.0,1.33474,Yes,Long,1.0,Loss,1.33474,0,0,
2025-10-09 18:00:00,2.9,1.33318,Yes,Long,1.0,Loss,1.33318,0,0,
2025-11-04 18:00:00,50.0,1.30428,Yes,Long,1.0,Loss,1.30428,0,0,
2025-11-13 18:00:00,29.0,1.3212,Yes,Short,,Win,1.3212,0,0,1.0
2025-11-19 18:00:00,9.4,1.30749,Yes,Long,1.0,Loss,1.30749,0,0,
2025-11-25 18:00:00,50.0,1.31716,Yes,Short,,Win,1.31716,0,0,1.0
2025-11-26 18:00:00,50.0,1.32254,Yes,Short,,Loss,1.32254,0,0,1.0
2026-01-05 18:00:00,25.0,1.35249,Yes,Short,,Loss,1.35249,0,0,1.0
2026-01-12 18:00:00,0.0,1.34637,Yes,Short,,Win,1.34637,0,0,1.0
2026-01-15 18:00:00,25.0,1.33849,Yes,Long,1.0,Loss,1.33849,0,0,
2026-01-22 18:00:00,25.0,1.34891,Yes,Short,,Loss,1.34891,0,0,1.0
2026-01-27 18:00:00,80.9,1.378,Yes,Short,,Loss,1.378,0,0,1.0
2026-02-05 18:00:00,51.3,1.35493,Yes,Long,1.0,Loss,1.35493,0,0,
2026-02-17 18:00:00,25.0,1.3538,Yes,Long,1.0,Win,1.3538,0,0,
