Datetime_Kyiv,Trend_%,Close_Price,Status,Direction,First_LDN_PDL_Long,First_LDN_PDH_Short
2015-01-05 10:00:00,25.0,1.53045,True,Long,1.0,
2015-01-06 14:00:00,25.0,1.51924,True,Long,1.0,
2015-01-07 14:00:00,0.0,1.51274,True,Long,1.0,
2015-01-08 12:00:00,0.0,1.50561,True,Long,1.0,
2015-01-12 10:00:00,25.0,1.51138,True,Short,,1.0
2015-01-13 13:00:00,50.0,1.51412,True,Long,1.0,
2015-01-14 11:00:00,0.0,1.5173,True,Short,,1.0
2015-01-23 13:00:00,25.0,1.497,True,Long,1.0,
2015-01-26 12:00:00,0.0,1.50084,True,Short,,1.0
2015-01-27 12:00:00,0.0,1.50722,True,Short,,1.0
2015-01-29 12:00:00,25.0,1.51431,True,Long,1.0,
2015-02-03 11:00:00,50.0,1.50182,True,Long,1.0,
2015-02-10 13:00:00,15.3,1.52134,True,Long,1.0,
2015-02-11 14:00:00,47.6,1.52967,True,Short,,1.0
2015-02-12 14:00:00,80.0,1.53693,True,Long,1.0,
2015-02-16 11:00:00,83.7,1.53948,True,Short,,1.0
2015-02-17 13:00:00,55.6,1.53901,True,Long,1.0,
2015-02-18 14:00:00,26.0,1.54359,True,Short,,1.0
2015-02-25 13:00:00,75.1,1.54971,True,Short,,1.0
2015-02-27 14:00:00,46.4,1.54449,True,Long,1.0,
2015-03-05 10:00:00,0.0,1.52466,True,Long,1.0,
2015-03-10 13:00:00,0.0,1.50773,True,Long,1.0,
2015-03-13 11:00:00,0.0,1.48795,True,Long,1.0,
2015-03-26 14:00:00,5.2,1.49295,True,Short,,1.0
2015-03-27 12:00:00,40.0,1.48675,True,Long,1.0,
2015-04-07 14:00:00,50.0,1.48864,True,Long,1.0,
2015-04-09 14:00:00,28.2,1.4821,True,Long,1.0,
2015-04-10 14:00:00,25.0,1.46247,True,Long,1.0,
2015-04-13 11:00:00,25.0,1.46002,True,Long,1.0,
2015-04-20 14:00:00,50.4,1.49163,True,Short,,1.0
2015-04-21 12:00:00,6.2,1.48799,True,Long,1.0,
2015-04-24 14:00:00,67.7,1.51153,True,Short,,1.0
2015-04-27 11:00:00,92.8,1.51521,True,Short,,1.0
2015-04-29 14:00:00,92.8,1.5368,True,Short,,1.0
2015-05-04 12:00:00,37.3,1.51507,True,Short,,1.0
2015-05-05 14:00:00,19.3,1.51323,True,Long,1.0,
2015-05-06 12:00:00,33.2,1.51751,True,Short,,1.0
2015-05-08 10:00:00,25.0,1.5455,True,Short,,1.0
2015-05-11 13:00:00,50.4,1.54464,True,Long,1.0,
2015-05-13 14:00:00,64.2,1.56825,True,Short,,1.0
2015-05-25 11:00:00,25.0,1.55035,True,Long,1.0,
2015-06-01 11:00:00,0.0,1.52558,True,Short,,1.0
2015-06-03 12:00:00,50.0,1.527,True,Short,,1.0
2015-06-08 12:00:00,25.0,1.52303,True,Short,,1.0
2015-06-09 12:00:00,25.0,1.5291,True,Short,,1.0
2015-06-10 13:00:00,26.1,1.54628,True,Short,,1.0
2015-06-16 13:00:00,85.5,1.557,True,Short,,1.0
2015-06-18 14:00:00,91.8,1.59019,True,Short,,1.0
2015-06-22 12:00:00,71.9,1.58713,True,Short,,1.0
2015-06-23 14:00:00,69.5,1.57778,True,Long,1.0,
2015-06-29 14:00:00,3.0,1.56928,True,Long,1.0,
2015-07-02 13:00:00,0.0,1.56161,True,Long,1.0,
2015-07-03 14:00:00,0.0,1.56333,True,Short,,1.0
2015-07-06 13:00:00,25.0,1.55641,True,Long,1.0,
2015-07-13 10:00:00,50.0,1.55466,True,Long,1.0,
2015-07-14 14:00:00,50.0,1.55725,True,Long,1.0,
2015-07-15 13:00:00,50.0,1.56161,True,Short,,1.0
2015-07-17 13:00:00,30.2,1.56321,True,Short,,1.0
2015-07-20 13:00:00,42.2,1.5556,True,Short,,1.0
2015-07-22 14:00:00,28.0,1.56055,True,Short,,1.0
2015-07-23 13:00:00,47.2,1.56083,True,Short,,1.0
2015-07-24 13:00:00,28.6,1.5476,True,Long,1.0,
2015-07-27 12:00:00,0.0,1.5524,True,Short,,1.0
2015-07-31 13:00:00,0.6,1.55656,True,Long,1.0,
2015-08-03 13:00:00,33.6,1.55961,True,Short,,1.0
2015-08-05 11:00:00,31.8,1.5583,True,Long,1.0,
2015-08-10 13:00:00,0.0,1.5464,True,Short,,1.0
2015-08-11 13:00:00,25.0,1.55815,True,Short,,1.0
2015-08-12 14:00:00,50.0,1.55864,True,Long,1.0,
2015-08-17 12:00:00,52.7,1.56475,True,Short,,1.0
2015-08-18 13:00:00,58.0,1.56893,True,Long,1.0,
2015-08-21 12:00:00,36.3,1.57169,True,Short,,1.0
2015-08-24 12:00:00,84.7,1.57117,True,Long,1.0,
2015-08-31 12:00:00,0.0,1.54237,True,Short,,1.0
2015-09-01 14:00:00,25.0,1.53532,True,Long,1.0,
2015-09-03 14:00:00,0.0,1.5281,True,Long,1.0,
2015-09-04 13:00:00,0.0,1.52312,True,Long,1.0,
2015-09-08 12:00:00,50.0,1.53786,True,Short,,1.0
2015-09-10 12:00:00,25.0,1.53879,True,Long,1.0,
2015-09-14 13:00:00,60.8,1.54519,True,Short,,1.0
2015-09-21 13:00:00,84.3,1.5521,True,Short,,1.0
2015-09-23 13:00:00,10.6,1.53017,True,Long,1.0,
2015-10-01 13:00:00,25.0,1.51325,True,Long,1.0,
2015-10-05 13:00:00,50.0,1.52062,True,Short,,1.0
2015-10-09 12:00:00,67.9,1.53604,True,Short,,1.0
2015-10-12 14:00:00,82.2,1.53444,True,Short,,1.0
2015-10-13 13:00:00,64.5,1.52471,True,Short,,1.0
2015-10-20 13:00:00,82.8,1.5485,True,Short,,1.0
2015-10-21 12:00:00,54.4,1.54385,True,Long,1.0,
2015-10-22 14:00:00,23.9,1.54788,True,Short,,1.0
2015-10-26 14:00:00,3.7,1.53431,True,Short,,1.0
2015-10-30 11:00:00,0.0,1.53308,True,Short,,1.0
2015-11-02 13:00:00,25.0,1.54644,True,Short,,1.0
2015-11-11 11:00:00,50.0,1.51439,True,Short,,1.0
2015-11-16 12:00:00,50.0,1.52048,True,Long,1.0,
2015-11-17 12:00:00,25.0,1.51989,True,Long,1.0,
2015-11-18 13:00:00,0.0,1.52113,True,Short,,1.0
2015-11-19 11:00:00,54.8,1.52521,True,Short,,1.0
2015-11-23 11:00:00,54.8,1.51599,True,Long,1.0,
2015-11-27 14:00:00,25.0,1.50598,True,Long,1.0,
2015-12-01 13:00:00,0.0,1.50774,True,Short,,1.0
2015-12-07 12:00:00,25.0,1.5081,True,Long,1.0,
2015-12-16 13:00:00,40.3,1.50233,True,Long,1.0,
2015-12-17 12:00:00,0.1,1.49262,True,Long,1.0,
2015-12-24 11:00:00,0.0,1.48915,True,Short,,1.0
2015-12-28 11:00:00,25.0,1.49268,True,Long,1.0,
2016-01-04 11:00:00,25.0,1.47833,True,Long,1.0,
2016-01-05 14:00:00,25.0,1.4682,True,Long,1.0,
2016-01-06 12:00:00,25.0,1.46553,True,Long,1.0,
2016-01-14 14:00:00,25.0,1.43947,True,Long,1.0,
2016-01-18 11:00:00,0.0,1.42939,True,Long,1.0,
2016-01-19 13:00:00,0.0,1.43021,True,Short,,1.0
2016-01-20 13:00:00,25.0,1.41568,True,Long,1.0,
2016-01-22 13:00:00,25.0,1.42912,True,Short,,1.0
2016-01-26 12:00:00,25.0,1.41994,True,Long,1.0,
2016-01-29 10:00:00,52.9,1.43619,True,Short,,1.0
2016-02-04 14:00:00,79.5,1.46162,True,Short,,1.0
2016-02-05 13:00:00,81.6,1.4529,True,Long,1.0,
2016-02-11 13:00:00,42.9,1.44209,True,Long,1.0,
2016-02-12 14:00:00,11.3,1.45128,True,Short,,1.0
2016-02-16 10:00:00,0.0,1.45004,True,Long,1.0,
2016-02-17 11:00:00,0.0,1.43103,True,Long,1.0,
2016-02-26 13:00:00,25.0,1.39615,True,Short,,1.0
2016-03-01 11:00:00,0.0,1.39545,True,Short,,1.0
2016-03-03 11:00:00,50.0,1.40813,True,Short,,1.0
2016-03-16 12:00:00,69.2,1.41165,True,Long,1.0,
2016-03-21 12:00:00,63.3,1.44066,True,Long,1.0,
2016-03-22 13:00:00,65.3,1.42788,True,Long,1.0,
2016-03-24 13:00:00,0.0,1.41376,True,Long,1.0,
2016-03-30 13:00:00,50.0,1.43938,True,Short,,1.0
2016-03-31 12:00:00,50.0,1.43847,True,Long,1.0,
2016-04-04 14:00:00,4.5,1.42289,True,Long,1.0,
2016-04-08 12:00:00,25.0,1.41061,True,Long,1.0,
2016-04-11 11:00:00,0.0,1.41428,True,Short,,1.0
2016-04-14 13:00:00,25.0,1.41445,True,Long,1.0,
2016-04-18 12:00:00,0.1,1.41856,True,Long,1.0,
2016-04-19 12:00:00,33.6,1.43199,True,Short,,1.0
2016-04-21 11:00:00,53.6,1.43329,True,Long,1.0,
2016-04-25 12:00:00,50.2,1.44274,True,Short,,1.0
2016-04-29 13:00:00,69.5,1.4594,True,Short,,1.0
2016-05-02 13:00:00,93.4,1.46116,True,Short,,1.0
2016-05-03 14:00:00,93.2,1.46713,True,Short,,1.0
2016-05-09 12:00:00,25.0,1.44327,True,Short,,1.0
2016-05-13 13:00:00,50.0,1.44076,True,Long,1.0,
2016-05-16 14:00:00,25.0,1.43508,True,Short,,1.0
2016-05-17 13:00:00,25.0,1.4487,True,Short,,1.0
2016-05-19 14:00:00,26.0,1.46358,True,Short,,1.0
2016-05-23 13:00:00,21.4,1.44908,True,Long,1.0,
2016-05-25 14:00:00,48.1,1.46607,True,Short,,1.0
2016-05-26 13:00:00,80.4,1.47045,True,Short,,1.0
2016-05-30 10:00:00,55.5,1.46119,True,Short,,1.0
2016-05-31 14:00:00,22.5,1.46182,True,Long,1.0,
2016-06-03 12:00:00,0.0,1.4433,True,Long,1.0,
2016-06-06 12:00:00,50.0,1.4432,True,Long,1.0,
2016-06-07 10:00:00,0.0,1.45039,True,Short,,1.0
2016-06-09 10:00:00,25.0,1.45162,True,Long,1.0,
2016-06-10 13:00:00,0.0,1.44312,True,Long,1.0,
2016-06-17 14:00:00,25.0,1.42547,True,Short,,1.0
2016-06-20 14:00:00,25.0,1.46228,True,Short,,1.0
2016-06-23 11:00:00,41.9,1.4745,True,Short,,1.0
2016-06-24 10:00:00,57.7,1.35997,True,Long,1.0,
2016-07-04 11:00:00,0.0,1.32759,True,Short,,1.0
2016-07-05 14:00:00,25.0,1.31588,True,Long,1.0,
2016-07-11 12:00:00,25.0,1.28562,True,Short,,1.0
2016-07-13 11:00:00,0.0,1.32428,True,Short,,1.0
2016-07-15 10:00:00,50.1,1.33929,True,Short,,1.0
2016-07-18 14:00:00,60.9,1.32315,True,Short,,1.0
2016-07-19 13:00:00,56.0,1.31959,True,Long,1.0,
2016-07-21 12:00:00,18.6,1.31964,True,Short,,1.0
2016-07-22 14:00:00,35.8,1.3107,True,Short,,1.0
2016-07-25 14:00:00,25.4,1.31311,True,Short,,1.0
2016-07-26 13:00:00,25.0,1.3121,True,Long,1.0,
2016-08-04 13:00:00,74.6,1.32985,True,Long,1.0,
2016-08-08 14:00:00,2.5,1.30656,True,Long,1.0,
2016-08-09 12:00:00,0.0,1.30109,True,Long,1.0,
2016-08-11 14:00:00,25.0,1.29813,True,Long,1.0,
2016-08-15 13:00:00,25.0,1.29077,True,Short,,1.0
2016-08-16 14:00:00,0.0,1.29787,True,Short,,1.0
2016-08-17 14:00:00,25.0,1.30066,True,Short,,1.0
2016-08-18 14:00:00,50.0,1.31536,True,Short,,1.0
2016-08-22 11:00:00,54.6,1.30824,True,Long,1.0,
2016-08-23 13:00:00,41.4,1.31783,True,Short,,1.0
2016-08-29 13:00:00,84.6,1.3102,True,Long,1.0,
2016-08-30 12:00:00,19.4,1.30693,True,Long,1.0,
2016-08-31 14:00:00,27.0,1.31378,True,Short,,1.0
2016-09-01 14:00:00,50.0,1.32458,True,Short,,1.0
2016-09-05 11:00:00,54.2,1.33032,True,Short,,1.0
2016-09-12 13:00:00,30.0,1.32502,True,Short,,1.0
2016-09-15 10:00:00,0.0,1.32164,True,Short,,1.0
2016-09-19 13:00:00,0.0,1.305,True,Short,,1.0
2016-09-21 10:00:00,0.0,1.29724,True,Long,1.0,
2016-09-22 14:00:00,25.0,1.30526,True,Short,,1.0
2016-09-26 11:00:00,25.0,1.29301,True,Short,,1.0
2016-09-27 13:00:00,25.0,1.29447,True,Short,,1.0
2016-09-28 13:00:00,50.0,1.29972,True,Short,,1.0
2016-09-29 12:00:00,50.0,1.29926,True,Short,,1.0
2016-09-30 13:00:00,50.0,1.29685,True,Long,1.0,
2016-10-03 13:00:00,0.0,1.28772,True,Long,1.0,
2016-10-05 12:00:00,0.0,1.2733,True,Long,1.0,
2016-10-07 12:00:00,0.0,1.24336,True,Long,1.0,
2016-10-10 12:00:00,25.0,1.24171,True,Long,1.0,
2016-10-11 13:00:00,25.0,1.23004,True,Long,1.0,
2016-10-17 13:00:00,0.0,1.21701,True,Short,,1.0
2016-10-24 13:00:00,0.0,1.2242,True,Short,,1.0
2016-10-27 14:00:00,25.0,1.22595,True,Short,,1.0
2016-11-01 13:00:00,50.0,1.2241,True,Short,,1.0
2016-11-02 13:00:00,50.0,1.22767,True,Short,,1.0
2016-11-03 11:00:00,50.6,1.23322,True,Short,,1.0
2016-11-07 14:00:00,79.3,1.24229,True,Long,1.0,
2016-11-09 12:00:00,35.5,1.24328,True,Long,1.0,
2016-11-11 14:00:00,84.5,1.26282,True,Short,,1.0
2016-11-14 12:00:00,84.1,1.25306,True,Long,1.0,
2016-11-17 13:00:00,27.2,1.24898,True,Short,,1.0
2016-11-18 11:00:00,50.4,1.24023,True,Long,1.0,
2016-11-23 14:00:00,50.0,1.24283,True,Long,1.0,
2016-11-28 12:00:00,25.0,1.24357,True,Short,,1.0
2016-12-05 12:00:00,76.7,1.27165,True,Short,,1.0
2016-12-06 13:00:00,87.2,1.27528,True,Short,,1.0
2016-12-07 14:00:00,90.1,1.26089,True,Long,1.0,
2016-12-08 13:00:00,60.2,1.26768,True,Short,,1.0
2016-12-13 13:00:00,59.5,1.27061,True,Short,,1.0
2016-12-15 12:00:00,25.0,1.25332,True,Long,1.0,
2016-12-23 13:00:00,25.0,1.2255,True,Long,1.0,
2016-12-28 10:00:00,0.0,1.22568,True,Short,,1.0
2016-12-30 13:00:00,25.0,1.23021,True,Short,,1.0
2017-01-03 12:00:00,25.0,1.22774,True,Long,1.0,
2017-01-05 10:00:00,25.0,1.22751,True,Short,,1.0
2017-01-09 14:00:00,59.0,1.2152,True,Long,1.0,
2017-01-10 12:00:00,25.0,1.21535,True,Long,1.0,
2017-01-11 14:00:00,25.0,1.21157,True,Long,1.0,
2017-01-12 12:00:00,25.0,1.22698,True,Short,,1.0
2017-01-13 10:00:00,25.0,1.2188,True,Long,1.0,
2017-01-16 11:00:00,25.0,1.20627,True,Long,1.0,
2017-01-20 11:00:00,52.1,1.22909,True,Short,,1.0
2017-01-23 11:00:00,44.3,1.24503,True,Short,,1.0
2017-01-25 13:00:00,58.9,1.25807,True,Short,,1.0
2017-01-26 13:00:00,63.7,1.2594,True,Short,,1.0
2017-01-27 11:00:00,92.7,1.25486,True,Long,1.0,
2017-01-30 13:00:00,40.7,1.2518,True,Long,1.0,
2017-01-31 14:00:00,33.3,1.24876,True,Long,1.0,
2017-02-02 13:00:00,77.4,1.26751,True,Short,,1.0
2017-02-03 10:00:00,68.8,1.25219,True,Long,1.0,
2017-02-06 12:00:00,0.6,1.2488,True,Long,1.0,
2017-02-07 12:00:00,0.0,1.23768,True,Long,1.0,
2017-02-09 13:00:00,50.0,1.25606,True,Short,,1.0
2017-02-13 12:00:00,25.0,1.25188,True,Short,,1.0
2017-02-14 14:00:00,25.0,1.24803,True,Long,1.0,
2017-02-16 14:00:00,0.0,1.25007,True,Short,,1.0
2017-02-17 14:00:00,0.0,1.24266,True,Long,1.0,
2017-02-22 10:00:00,0.0,1.24649,True,Short,,1.0
2017-02-24 10:00:00,50.0,1.25327,True,Short,,1.0
2017-02-27 12:00:00,50.0,1.24198,True,Long,1.0,
2017-03-01 11:00:00,0.0,1.23702,True,Long,1.0,
2017-03-02 14:00:00,0.0,1.22964,True,Long,1.0,
2017-03-03 14:00:00,0.0,1.22302,True,Long,1.0,
2017-03-07 14:00:00,25.0,1.21926,True,Long,1.0,
2017-03-09 13:00:00,0.0,1.21517,True,Long,1.0,
2017-03-13 12:00:00,25.0,1.2206,True,Short,,1.0
2017-03-14 13:00:00,50.0,1.21316,True,Long,1.0,
2017-03-15 11:00:00,25.0,1.22274,True,Short,,1.0
2017-03-17 14:00:00,51.7,1.236,True,Short,,1.0
2017-03-20 12:00:00,67.9,1.24116,True,Short,,1.0
2017-03-22 11:00:00,89.6,1.24649,True,Short,,1.0
2017-03-23 11:00:00,68.4,1.2475,True,Short,,1.0
2017-03-29 12:00:00,63.6,1.24449,True,Long,1.0,
2017-04-04 13:00:00,50.0,1.2462,True,Long,1.0,
2017-04-11 14:00:00,0.0,1.24263,True,Short,,1.0
2017-04-12 14:00:00,50.0,1.24984,True,Short,,1.0
2017-04-13 12:00:00,50.0,1.25483,True,Short,,1.0
2017-04-18 13:00:00,74.2,1.25565,True,Short,,1.0
2017-04-24 12:00:00,43.0,1.28244,True,Long,1.0,
2017-04-27 13:00:00,85.9,1.29015,True,Short,,1.0
2017-05-01 11:00:00,82.5,1.2916,True,Long,1.0,
2017-05-02 14:00:00,56.5,1.29242,True,Long,1.0,
2017-05-03 13:00:00,37.9,1.29109,True,Short,,1.0
2017-05-04 12:00:00,85.6,1.28902,True,Long,1.0,
2017-05-05 14:00:00,32.9,1.29334,True,Short,,1.0
2017-05-08 10:00:00,57.8,1.29832,True,Long,1.0,
2017-05-10 14:00:00,22.6,1.29441,True,Short,,1.0
2017-05-16 14:00:00,50.0,1.28929,True,Short,,1.0
2017-05-22 14:00:00,8.5,1.29977,True,Long,1.0,
2017-05-23 13:00:00,70.6,1.29936,True,Long,1.0,
2017-05-25 14:00:00,30.8,1.29592,True,Short,,1.0
2017-05-26 12:00:00,44.5,1.28725,True,Long,1.0,
2017-05-30 14:00:00,0.0,1.28612,True,Short,,1.0
2017-05-31 11:00:00,50.0,1.28102,True,Long,1.0,
2017-06-05 14:00:00,25.0,1.29044,True,Long,1.0,
2017-06-06 12:00:00,50.0,1.29232,True,Short,,1.0
2017-06-08 14:00:00,58.4,1.29421,True,Short,,1.0
2017-06-09 12:00:00,73.6,1.27181,True,Long,1.0,
2017-06-12 11:00:00,25.1,1.27355,True,Short,,1.0
2017-06-14 13:00:00,25.0,1.27421,True,Short,,1.0
2017-06-19 12:00:00,25.0,1.28041,True,Long,1.0,
2017-06-20 13:00:00,25.0,1.26989,True,Long,1.0,
2017-06-21 14:00:00,0.0,1.26467,True,Long,1.0,
2017-06-23 13:00:00,25.0,1.27239,True,Short,,1.0
2017-06-26 13:00:00,50.0,1.27126,True,Short,,1.0
2017-06-30 11:00:00,68.9,1.30101,True,Short,,1.0
2017-07-03 11:00:00,58.6,1.30063,True,Long,1.0,
2017-07-04 11:00:00,43.1,1.29468,True,Long,1.0,
2017-07-10 12:00:00,41.1,1.28679,True,Short,,1.0
2017-07-12 13:00:00,25.0,1.28559,True,Long,1.0,
2017-07-13 13:00:00,0.0,1.29241,True,Short,,1.0
2017-07-14 12:00:00,25.0,1.29575,True,Short,,1.0
2017-07-18 13:00:00,63.5,1.3045,True,Short,,1.0
2017-07-24 11:00:00,47.3,1.30132,True,Short,,1.0
2017-07-26 12:00:00,60.6,1.30175,True,Long,1.0,
2017-07-27 13:00:00,29.3,1.31403,True,Short,,1.0
2017-08-01 10:00:00,51.0,1.32126,True,Short,,1.0
2017-08-03 14:00:00,69.6,1.32349,True,Short,,1.0
2017-08-07 12:00:00,18.3,1.30446,True,Short,,1.0
2017-08-10 13:00:00,25.0,1.29919,True,Long,1.0,
2017-08-14 13:00:00,25.0,1.2977,True,Short,,1.0
2017-08-16 13:00:00,0.0,1.28837,True,Long,1.0,
2017-08-17 11:00:00,0.0,1.28891,True,Short,,1.0
2017-08-18 14:00:00,50.0,1.28901,True,Short,,1.0
2017-08-21 13:00:00,25.0,1.28758,True,Long,1.0,
2017-08-24 12:00:00,0.0,1.28125,True,Long,1.0,
2017-08-28 13:00:00,25.0,1.28983,True,Short,,1.0
2017-08-29 14:00:00,50.0,1.29488,True,Short,,1.0
2017-08-30 13:00:00,51.4,1.29243,True,Long,1.0,
2017-09-04 12:00:00,71.8,1.29373,True,Short,,1.0
2017-09-05 14:00:00,84.3,1.29579,True,Long,1.0,
2017-09-08 11:00:00,86.6,1.31398,True,Short,,1.0
2017-09-11 10:00:00,86.3,1.3188,True,Long,1.0,
2017-09-13 13:00:00,45.5,1.32669,True,Short,,1.0
2017-09-18 12:00:00,68.9,1.35642,True,Short,,1.0
2017-09-20 14:00:00,68.3,1.35332,True,Short,,1.0
2017-09-22 12:00:00,64.1,1.35681,True,Short,,1.0
2017-09-25 12:00:00,60.7,1.35348,True,Short,,1.0
2017-09-27 13:00:00,10.6,1.33939,True,Long,1.0,
2017-09-28 14:00:00,0.0,1.34211,True,Long,1.0,
2017-10-03 11:00:00,25.0,1.32764,True,Long,1.0,
2017-10-05 13:00:00,50.0,1.31945,True,Long,1.0,
2017-10-12 11:00:00,50.0,1.32547,True,Short,,1.0
2017-10-13 13:00:00,25.0,1.32712,True,Short,,1.0
2017-10-16 12:00:00,50.0,1.33,True,Long,1.0,
2017-10-19 10:00:00,17.0,1.32095,True,Short,,1.0
2017-10-20 11:00:00,33.8,1.31312,True,Long,1.0,
2017-10-23 12:00:00,0.0,1.31766,True,Short,,1.0
2017-10-25 13:00:00,25.0,1.32052,True,Long,1.0,
2017-10-26 11:00:00,25.0,1.3232,True,Short,,1.0
2017-10-27 14:00:00,25.0,1.30998,True,Long,1.0,
2017-10-30 10:00:00,25.0,1.31399,True,Short,,1.0
2017-10-31 11:00:00,0.0,1.32038,True,Short,,1.0
2017-11-01 14:00:00,27.9,1.32966,True,Short,,1.0
2017-11-03 13:00:00,0.2,1.30657,True,Long,1.0,
2017-11-09 14:00:00,0.0,1.31198,True,Long,1.0,
2017-11-10 13:00:00,25.0,1.31559,True,Short,,1.0
2017-11-13 13:00:00,50.0,1.30931,True,Long,1.0,
2017-11-15 13:00:00,50.0,1.31692,True,Short,,1.0
2017-11-17 13:00:00,40.8,1.31972,True,Short,,1.0
2017-11-20 13:00:00,64.1,1.32447,True,Short,,1.0
2017-11-24 10:00:00,89.2,1.33231,True,Long,1.0,
2017-11-29 12:00:00,67.8,1.34066,True,Short,,1.0
2017-11-30 13:00:00,66.7,1.34395,True,Short,,1.0
2017-12-04 11:00:00,92.2,1.34311,True,Long,1.0,
2017-12-05 12:00:00,41.6,1.34217,True,Long,1.0,
2017-12-08 10:00:00,13.7,1.34926,True,Short,,1.0
2017-12-11 14:00:00,54.4,1.33667,True,Long,1.0,
2017-12-12 14:00:00,0.0,1.33649,True,Long,1.0,
2017-12-14 13:00:00,25.0,1.34455,True,Short,,1.0
2017-12-20 14:00:00,25.0,1.34061,True,Short,,1.0
2017-12-21 11:00:00,50.0,1.33774,True,Long,1.0,
2017-12-22 14:00:00,0.0,1.33817,True,Short,,1.0
2017-12-26 12:00:00,25.0,1.33624,True,Short,,1.0
2017-12-28 12:00:00,50.0,1.34409,True,Short,,1.0
2017-12-29 13:00:00,65.9,1.35094,True,Short,,1.0
2018-01-02 13:00:00,57.2,1.35505,True,Short,,1.0
2018-01-03 10:00:00,62.1,1.35931,True,Short,,1.0
2018-01-05 10:00:00,42.3,1.35412,True,Short,,1.0
2018-01-08 14:00:00,91.6,1.35467,True,Long,1.0,
2018-01-09 13:00:00,37.0,1.35372,True,Long,1.0,
2018-01-10 14:00:00,25.5,1.35272,True,Long,1.0,
2018-01-11 11:00:00,36.0,1.34869,True,Long,1.0,
2018-01-15 10:00:00,30.3,1.37418,True,Short,,1.0
2018-01-19 13:00:00,64.6,1.38884,True,Short,,1.0
2018-01-23 10:00:00,94.5,1.39534,True,Short,,1.0
2018-01-25 10:00:00,93.8,1.42463,True,Short,,1.0
2018-01-30 12:00:00,36.4,1.40846,True,Long,1.0,
2018-01-31 11:00:00,32.4,1.41279,True,Short,,1.0
2018-02-01 13:00:00,52.5,1.42182,True,Short,,1.0
2018-02-05 11:00:00,65.9,1.41161,True,Long,1.0,
2018-02-06 11:00:00,0.4,1.39928,True,Long,1.0,
2018-02-08 13:00:00,25.0,1.38796,True,Long,1.0,
2018-02-13 14:00:00,25.0,1.38959,True,Short,,1.0
2018-02-15 13:00:00,25.0,1.40456,True,Short,,1.0
2018-02-19 12:00:00,53.6,1.40281,True,Long,1.0,
2018-02-20 12:00:00,38.6,1.39905,True,Long,1.0,
2018-02-22 11:00:00,14.0,1.3888,True,Long,1.0,
2018-02-23 12:00:00,10.0,1.39699,True,Short,,1.0
2018-02-26 13:00:00,54.6,1.40481,True,Short,,1.0
2018-03-01 14:00:00,0.0,1.37419,True,Long,1.0,
2018-03-05 14:00:00,50.0,1.38108,True,Short,,1.0
2018-03-15 14:00:00,84.7,1.39284,True,Long,1.0,
2018-03-21 14:00:00,58.2,1.40476,True,Short,,1.0
2018-03-22 14:00:00,63.4,1.41597,True,Short,,1.0
2018-03-29 13:00:00,33.6,1.40663,True,Long,1.0,
2018-04-02 14:00:00,25.8,1.40586,True,Short,,1.0
2018-04-03 13:00:00,50.0,1.40682,True,Short,,1.0
2018-04-09 12:00:00,50.0,1.41104,True,Short,,1.0
2018-04-11 13:00:00,60.1,1.41926,True,Short,,1.0
2018-04-17 13:00:00,91.6,1.43206,True,Short,,1.0
2018-04-19 14:00:00,36.5,1.42197,True,Long,1.0,
2018-04-20 13:00:00,13.1,1.40658,True,Long,1.0,
2018-04-23 13:00:00,0.0,1.39652,True,Short,,1.0
2018-04-24 13:00:00,0.0,1.39568,True,Long,1.0,
2018-04-26 14:00:00,0.0,1.39635,True,Long,1.0,
2018-04-30 11:00:00,25.0,1.3753,True,Short,,1.0
2018-05-02 12:00:00,0.0,1.36423,True,Long,1.0,
2018-05-07 13:00:00,0.0,1.35293,True,Short,,1.0
2018-05-08 12:00:00,25.0,1.35079,True,Short,,1.0
2018-05-14 14:00:00,25.0,1.35899,True,Short,,1.0
2018-05-15 14:00:00,50.0,1.35387,True,Long,1.0,
2018-05-17 12:00:00,25.0,1.35298,True,Short,,1.0
2018-05-22 14:00:00,0.0,1.34549,True,Short,,1.0
2018-05-25 14:00:00,0.0,1.33387,True,Long,1.0,
2018-05-28 10:00:00,0.0,1.33303,True,Short,,1.0
2018-05-29 14:00:00,25.0,1.3249,True,Long,1.0,
2018-05-31 14:00:00,0.0,1.33275,True,Short,,1.0
2018-06-01 11:00:00,50.0,1.32853,True,Long,1.0,
2018-06-07 13:00:00,56.3,1.34532,True,Short,,1.0
2018-06-11 13:00:00,36.2,1.33675,True,Short,,1.0
2018-06-12 12:00:00,59.1,1.3401,True,Long,1.0,
2018-06-14 14:00:00,10.6,1.34312,True,Short,,1.0
2018-06-15 13:00:00,25.0,1.32806,True,Long,1.0,
2018-06-18 14:00:00,0.0,1.32573,True,Long,1.0,
2018-06-20 14:00:00,0.0,1.31577,True,Long,1.0,
2018-06-25 13:00:00,50.0,1.32402,True,Long,1.0,
2018-06-26 10:00:00,25.0,1.32701,True,Short,,1.0
2018-06-28 14:00:00,0.0,1.30988,True,Long,1.0,
2018-06-29 10:00:00,0.0,1.3107,True,Short,,1.0
2018-07-02 14:00:00,0.0,1.31637,True,Long,1.0,
2018-07-04 12:00:00,25.0,1.32056,True,Short,,1.0
2018-07-09 14:00:00,51.7,1.33342,True,Short,,1.0
2018-07-12 12:00:00,56.9,1.32112,True,Long,1.0,
2018-07-18 14:00:00,0.0,1.30301,True,Long,1.0,
2018-07-19 14:00:00,0.0,1.29848,True,Long,1.0,
2018-07-23 10:00:00,0.0,1.31339,True,Short,,1.0
2018-07-24 12:00:00,50.0,1.31135,True,Long,1.0,
2018-07-25 13:00:00,25.0,1.31604,True,Short,,1.0
2018-07-26 12:00:00,50.0,1.31785,True,Short,,1.0
2018-07-30 13:00:00,0.0,1.3122,True,Short,,1.0
2018-08-02 13:00:00,34.5,1.308,True,Long,1.0,
2018-08-03 14:00:00,25.0,1.3002,True,Long,1.0,
2018-08-09 13:00:00,0.0,1.28865,True,Long,1.0,
2018-08-10 13:00:00,0.0,1.27834,True,Long,1.0,
2018-08-13 14:00:00,0.0,1.27502,True,Long,1.0,
2018-08-14 14:00:00,25.0,1.27722,True,Short,,1.0
2018-08-15 10:00:00,50.0,1.27211,True,Long,1.0,
2018-08-20 12:00:00,25.0,1.27359,True,Long,1.0,
2018-08-21 12:00:00,50.0,1.28315,True,Short,,1.0
2018-08-23 10:00:00,54.0,1.28738,True,Long,1.0,
2018-08-27 13:00:00,27.5,1.28433,True,Long,1.0,
2018-08-28 14:00:00,83.7,1.28954,True,Short,,1.0
2018-08-29 12:00:00,85.0,1.28757,True,Long,1.0,
2018-08-30 13:00:00,57.8,1.3017,True,Short,,1.0
2018-09-10 12:00:00,50.0,1.29427,True,Long,1.0,
2018-09-11 13:00:00,25.2,1.30344,True,Short,,1.0
2018-09-17 11:00:00,93.2,1.3085,True,Short,,1.0
2018-09-18 12:00:00,95.8,1.3138,True,Short,,1.0
2018-09-19 14:00:00,95.1,1.31813,True,Short,,1.0
2018-09-24 12:00:00,58.1,1.31183,True,Long,1.0,
2018-09-27 13:00:00,56.5,1.31266,True,Long,1.0,
2018-09-28 14:00:00,50.1,1.30413,True,Long,1.0,
2018-10-01 11:00:00,0.0,1.30531,True,Long,1.0,
2018-10-05 12:00:00,25.0,1.30326,True,Short,,1.0
2018-10-10 13:00:00,25.0,1.31541,True,Short,,1.0
2018-10-12 13:00:00,80.4,1.32111,True,Short,,1.0
2018-10-17 14:00:00,57.9,1.31323,True,Long,1.0,
2018-10-18 12:00:00,71.1,1.31089,True,Long,1.0,
2018-10-19 13:00:00,25.1,1.30273,True,Long,1.0,
2018-10-22 12:00:00,0.0,1.305,True,Short,,1.0
2018-10-23 12:00:00,0.0,1.29921,True,Long,1.0,
2018-10-29 11:00:00,0.0,1.28113,True,Short,,1.0
2018-11-01 13:00:00,0.0,1.28701,True,Short,,1.0
2018-11-02 14:00:00,25.0,1.30207,True,Short,,1.0
2018-11-06 12:00:00,52.7,1.30304,True,Short,,1.0
2018-11-07 14:00:00,71.4,1.31496,True,Short,,1.0
2018-11-09 13:00:00,64.0,1.30283,True,Long,1.0,
2018-11-12 14:00:00,55.1,1.2873,True,Long,1.0,
2018-11-15 14:00:00,50.0,1.2777,True,Long,1.0,
2018-11-19 12:00:00,0.0,1.28645,True,Short,,1.0
2018-11-21 14:00:00,0.0,1.28101,True,Long,1.0,
2018-11-22 14:00:00,0.0,1.28822,True,Short,,1.0
2018-11-27 12:00:00,25.0,1.2757,True,Long,1.0,
2018-11-30 14:00:00,25.0,1.27569,True,Long,1.0,
2018-12-03 12:00:00,0.0,1.27188,True,Short,,1.0
2018-12-04 13:00:00,25.0,1.28098,True,Short,,1.0
2018-12-12 11:00:00,0.0,1.25353,True,Long,1.0,
2018-12-13 12:00:00,25.0,1.26576,True,Short,,1.0
2018-12-14 12:00:00,25.0,1.25855,True,Long,1.0,
2018-12-18 12:00:00,25.0,1.26494,True,Short,,1.0
2018-12-26 10:00:00,71.2,1.26919,True,Short,,1.0
2018-12-27 14:00:00,43.1,1.26355,True,Long,1.0,
2018-12-31 11:00:00,61.5,1.27378,True,Short,,1.0
2019-01-02 10:00:00,46.7,1.27111,True,Short,,1.0
2019-01-03 12:00:00,26.0,1.25689,True,Long,1.0,
2019-01-04 14:00:00,0.0,1.26692,True,Short,,1.0
2019-01-07 13:00:00,25.0,1.27543,True,Short,,1.0
2019-01-08 11:00:00,27.1,1.27664,True,Short,,1.0
2019-01-11 13:00:00,56.1,1.28232,True,Long,1.0,
2019-01-21 13:00:00,84.9,1.28726,True,Long,1.0,
2019-01-22 14:00:00,31.2,1.28982,True,Short,,1.0
2019-01-29 11:00:00,88.8,1.31669,True,Long,1.0,
2019-01-31 11:00:00,59.5,1.31168,True,Short,,1.0
2019-02-01 14:00:00,57.5,1.30537,True,Long,1.0,
2019-02-11 13:00:00,25.0,1.29161,True,Long,1.0,
2019-02-12 12:00:00,0.0,1.28503,True,Long,1.0,
2019-02-13 10:00:00,0.0,1.28996,True,Short,,1.0
2019-02-14 12:00:00,25.0,1.2834,True,Long,1.0,
2019-02-25 12:00:00,32.8,1.30682,True,Short,,1.0
2019-02-26 14:00:00,62.7,1.31824,True,Short,,1.0
2019-03-05 11:00:00,33.7,1.31863,True,Long,1.0,
2019-03-07 10:00:00,36.3,1.3169,True,Short,,1.0
2019-03-11 13:00:00,0.0,1.30187,True,Long,1.0,
2019-03-12 11:00:00,0.0,1.32039,True,Short,,1.0
2019-03-15 11:00:00,25.0,1.32605,True,Long,1.0,
2019-03-20 13:00:00,74.4,1.32219,True,Long,1.0,
2019-03-26 13:00:00,50.0,1.32415,True,Long,1.0,
2019-03-28 12:00:00,50.0,1.31614,True,Long,1.0,
2019-03-29 13:00:00,25.0,1.31049,True,Long,1.0,
2019-04-03 14:00:00,25.0,1.31707,True,Short,,1.0
2019-04-08 14:00:00,0.0,1.30541,True,Short,,1.0
2019-04-09 11:00:00,25.0,1.30682,True,Short,,1.0
2019-04-12 13:00:00,0.0,1.30751,True,Long,1.0,
2019-04-24 13:00:00,25.0,1.29391,True,Long,1.0,
2019-04-26 12:00:00,0.0,1.29091,True,Short,,1.0
2019-04-29 10:00:00,25.0,1.29379,True,Short,,1.0
2019-05-09 14:00:00,27.6,1.29839,True,Long,1.0,
2019-05-13 12:00:00,52.2,1.30084,True,Short,,1.0
2019-05-14 13:00:00,0.0,1.29438,True,Long,1.0,
2019-05-15 13:00:00,0.0,1.29021,True,Long,1.0,
2019-05-16 13:00:00,0.0,1.28309,True,Long,1.0,
2019-05-20 14:00:00,0.0,1.27408,True,Short,,1.0
2019-05-21 14:00:00,25.0,1.26955,True,Long,1.0,
2019-05-22 13:00:00,25.0,1.26719,True,Long,1.0,
2019-05-23 13:00:00,0.0,1.26345,True,Long,1.0,
2019-05-27 10:00:00,25.0,1.27308,True,Short,,1.0
2019-05-28 14:00:00,50.0,1.26748,True,Long,1.0,
2019-05-30 13:00:00,0.0,1.26329,True,Long,1.0,
2019-06-03 12:00:00,0.0,1.26422,True,Long,1.0,
2019-06-04 13:00:00,50.0,1.26665,True,Short,,1.0
2019-06-05 14:00:00,50.0,1.27081,True,Short,,1.0
2019-06-06 13:00:00,50.0,1.26954,True,Long,1.0,
2019-06-13 13:00:00,80.0,1.26717,True,Long,1.0,
2019-06-17 13:00:00,0.0,1.25888,True,Long,1.0,
2019-06-18 10:00:00,0.0,1.25401,True,Long,1.0,
2019-06-20 13:00:00,25.0,1.27198,True,Short,,1.0
2019-06-24 12:00:00,0.0,1.27286,True,Short,,1.0
2019-06-25 12:00:00,50.1,1.27625,True,Short,,1.0
2019-06-26 13:00:00,31.4,1.26844,True,Long,1.0,
2019-07-01 11:00:00,47.0,1.26564,True,Short,,1.0
2019-07-02 10:00:00,33.6,1.26367,True,Long,1.0,
2019-07-03 13:00:00,25.0,1.25714,True,Long,1.0,
2019-07-08 11:00:00,0.0,1.25232,True,Short,,1.0
2019-07-17 12:00:00,25.0,1.24019,True,Long,1.0,
2019-07-22 13:00:00,25.0,1.24668,True,Short,,1.0
2019-07-23 14:00:00,50.0,1.24597,True,Long,1.0,
2019-07-26 14:00:00,25.0,1.24283,True,Long,1.0,
2019-07-30 10:00:00,25.0,1.21462,True,Long,1.0,
2019-08-05 13:00:00,50.0,1.21353,True,Long,1.0,
2019-08-19 12:00:00,50.0,1.21243,True,Short,,1.0
2019-08-20 13:00:00,25.0,1.20971,True,Long,1.0,
2019-08-22 13:00:00,36.0,1.21334,True,Long,1.0,
2019-08-28 14:00:00,90.4,1.22086,True,Long,1.0,
2019-09-02 12:00:00,9.8,1.20839,True,Short,,1.0
2019-09-03 13:00:00,0.0,1.19879,True,Long,1.0,
2019-09-09 13:00:00,25.3,1.23487,True,Long,1.0,
2019-09-16 14:00:00,63.8,1.24508,True,Long,1.0,
2019-09-20 12:00:00,63.8,1.25313,True,Short,,1.0
2019-09-23 10:00:00,87.5,1.24498,True,Short,,1.0
2019-09-27 13:00:00,0.0,1.22891,True,Long,1.0,
2019-10-01 14:00:00,25.0,1.23009,True,Long,1.0,
2019-10-07 14:00:00,25.0,1.23304,True,Long,1.0,
2019-10-14 12:00:00,56.9,1.25778,True,Long,1.0,
2019-10-15 12:00:00,41.9,1.26501,True,Short,,1.0
2019-10-21 11:00:00,69.5,1.29491,True,Long,1.0,
2019-10-23 14:00:00,93.0,1.2861,True,Long,1.0,
2019-10-24 13:00:00,63.5,1.2883,True,Short,,1.0
2019-10-28 12:00:00,42.9,1.2831,True,Short,,1.0
2019-10-29 13:00:00,54.4,1.28521,True,Long,1.0,
2019-10-30 12:00:00,25.0,1.28943,True,Short,,1.0
2019-11-04 14:00:00,25.0,1.29144,True,Long,1.0,
2019-11-05 13:00:00,7.7,1.29103,True,Long,1.0,
2019-11-07 11:00:00,8.1,1.28671,True,Long,1.0,
2019-11-14 13:00:00,25.0,1.2839,True,Short,,1.0
2019-11-18 14:00:00,50.0,1.29583,True,Short,,1.0
2019-11-20 12:00:00,52.3,1.29014,True,Long,1.0,
2019-11-22 13:00:00,85.4,1.28787,True,Long,1.0,
2019-11-27 11:00:00,25.0,1.28613,True,Long,1.0,
2019-11-28 11:00:00,0.0,1.29365,True,Short,,1.0
2019-11-29 13:00:00,50.0,1.28993,True,Long,1.0,
2019-12-04 13:00:00,61.9,1.30576,True,Short,,1.0
2019-12-05 13:00:00,76.7,1.31346,True,Short,,1.0
2019-12-09 10:00:00,66.6,1.31607,True,Short,,1.0
2019-12-10 12:00:00,94.9,1.31765,True,Long,1.0,
2019-12-11 12:00:00,68.9,1.31529,True,Long,1.0,
2019-12-12 11:00:00,68.3,1.31832,True,Short,,1.0
2019-12-17 13:00:00,60.0,1.32067,True,Long,1.0,
2019-12-18 12:00:00,39.4,1.30971,True,Long,1.0,
2019-12-26 10:00:00,0.0,1.29891,True,Short,,1.0
2019-12-27 12:00:00,50.0,1.30684,True,Short,,1.0
2019-12-30 11:00:00,50.0,1.3118,True,Short,,1.0
2020-01-07 12:00:00,74.0,1.31602,True,Short,,1.0
2020-01-14 12:00:00,0.0,1.29849,True,Long,1.0,
2020-01-15 10:00:00,0.0,1.3017,True,Short,,1.0
2020-01-16 12:00:00,50.0,1.30613,True,Short,,1.0
2020-01-17 13:00:00,50.0,1.30361,True,Short,,1.0
2020-01-20 13:00:00,50.0,1.29969,True,Long,1.0,
2020-01-24 13:00:00,68.3,1.30884,True,Short,,1.0
2020-01-28 12:00:00,17.6,1.30143,True,Long,1.0,
2020-01-30 12:00:00,25.0,1.30088,True,Long,1.0,
2020-01-31 12:00:00,25.4,1.31025,True,Short,,1.0
2020-02-04 11:00:00,25.0,1.30159,True,Long,1.0,
2020-02-05 13:00:00,0.0,1.306,True,Short,,1.0
2020-02-10 11:00:00,0.0,1.29107,True,Long,1.0,
2020-02-12 14:00:00,50.0,1.29852,True,Short,,1.0
2020-02-18 12:00:00,27.9,1.30288,True,Long,1.0,
2020-02-25 13:00:00,25.0,1.29655,True,Short,,1.0
2020-02-28 11:00:00,0.0,1.29043,True,Long,1.0,
2020-03-09 11:00:00,50.0,1.31325,True,Short,,1.0
2020-03-10 10:00:00,54.3,1.30587,True,Long,1.0,
2020-03-11 11:00:00,38.5,1.29594,True,Long,1.0,
2020-03-16 13:00:00,25.0,1.2331,True,Long,1.0,
2020-03-20 12:00:00,0.0,1.17915,True,Short,,1.0
2020-03-24 14:00:00,0.0,1.1752,True,Short,,1.0
2020-03-25 14:00:00,25.0,1.18344,True,Short,,1.0
2020-03-31 13:00:00,43.7,1.23491,True,Long,1.0,
2020-04-06 10:00:00,60.7,1.22468,True,Long,1.0,
2020-04-07 13:00:00,23.3,1.23137,True,Short,,1.0
2020-04-13 13:00:00,53.5,1.25067,True,Short,,1.0
2020-04-14 11:00:00,62.4,1.25606,True,Short,,1.0
2020-04-20 14:00:00,27.7,1.24639,True,Long,1.0,
2020-04-24 14:00:00,50.0,1.23578,True,Long,1.0,
2020-04-27 12:00:00,0.0,1.24333,True,Short,,1.0
2020-05-04 12:00:00,46.9,1.24324,True,Long,1.0,
2020-05-06 14:00:00,47.6,1.23744,True,Long,1.0,
2020-05-07 10:00:00,30.0,1.2382,True,Long,1.0,
2020-05-13 10:00:00,25.0,1.22921,True,Long,1.0,
2020-05-14 13:00:00,0.0,1.22234,True,Long,1.0,
2020-05-18 12:00:00,0.0,1.21044,True,Long,1.0,
2020-05-19 12:00:00,0.0,1.22511,True,Short,,1.0
2020-05-21 11:00:00,25.0,1.21912,True,Long,1.0,
2020-05-22 13:00:00,0.0,1.21721,True,Long,1.0,
2020-05-25 11:00:00,0.0,1.21647,True,Short,,1.0
2020-05-29 11:00:00,45.3,1.23203,True,Short,,1.0
2020-06-01 13:00:00,73.5,1.23895,True,Short,,1.0
2020-06-02 12:00:00,76.0,1.25522,True,Short,,1.0
2020-06-03 13:00:00,86.3,1.25959,True,Short,,1.0
2020-06-04 14:00:00,92.0,1.25301,True,Long,1.0,
2020-06-05 13:00:00,95.0,1.2632,True,Short,,1.0
2020-06-08 10:00:00,95.4,1.26888,True,Short,,1.0
2020-06-09 14:00:00,95.4,1.26426,True,Long,1.0,
2020-06-10 13:00:00,46.5,1.2752,True,Short,,1.0
2020-06-11 13:00:00,70.3,1.26927,True,Long,1.0,
2020-06-15 12:00:00,15.4,1.25417,True,Long,1.0,
2020-06-16 11:00:00,1.4,1.26214,True,Short,,1.0
2020-06-22 14:00:00,0.0,1.23807,True,Short,,1.0
2020-06-23 14:00:00,0.0,1.24563,True,Short,,1.0
2020-06-25 12:00:00,50.0,1.24437,True,Long,1.0,
2020-06-29 12:00:00,0.0,1.23305,True,Short,,1.0
2020-07-03 13:00:00,50.0,1.24502,True,Long,1.0,
2020-07-06 12:00:00,0.0,1.24903,True,Short,,1.0
2020-07-10 13:00:00,92.2,1.26096,True,Long,1.0,
2020-07-13 11:00:00,68.8,1.26235,True,Short,,1.0
2020-07-14 14:00:00,88.6,1.25225,True,Long,1.0,
2020-07-21 13:00:00,25.7,1.26888,True,Short,,1.0
2020-07-23 12:00:00,60.3,1.27186,True,Short,,1.0
2020-07-29 13:00:00,94.3,1.29681,True,Short,,1.0
2020-07-31 13:00:00,72.2,1.31359,True,Short,,1.0
2020-08-03 10:00:00,72.0,1.3062,True,Short,,1.0
2020-08-06 12:00:00,68.0,1.31604,True,Short,,1.0
2020-08-07 10:00:00,91.5,1.31104,True,Long,1.0,
2020-08-10 10:00:00,58.5,1.30508,True,Short,,1.0
2020-08-12 11:00:00,59.3,1.30494,True,Long,1.0,
2020-08-17 13:00:00,50.0,1.31151,True,Short,,1.0
2020-08-19 12:00:00,26.5,1.32429,True,Short,,1.0
2020-08-20 13:00:00,58.6,1.31168,True,Long,1.0,
2020-08-21 12:00:00,46.2,1.31993,True,Short,,1.0
2020-08-24 10:00:00,18.1,1.31067,True,Long,1.0,
2020-08-27 13:00:00,53.6,1.32074,True,Short,,1.0
2020-08-31 14:00:00,59.6,1.33145,True,Long,1.0,
2020-09-02 13:00:00,81.4,1.33636,True,Long,1.0,
2020-09-03 12:00:00,61.3,1.33166,True,Long,1.0,
2020-09-09 12:00:00,0.0,1.29387,True,Long,1.0,
2020-09-10 12:00:00,0.0,1.30158,True,Short,,1.0
2020-09-21 12:00:00,50.0,1.28436,True,Short,,1.0
2020-09-22 13:00:00,0.0,1.27871,True,Long,1.0,
2020-09-23 14:00:00,0.0,1.27207,True,Long,1.0,
2020-09-25 13:00:00,50.0,1.27285,True,Short,,1.0
2020-09-30 13:00:00,25.0,1.28319,True,Long,1.0,
2020-10-01 12:00:00,25.0,1.28241,True,Short,,1.0
2020-10-05 13:00:00,52.0,1.29518,True,Long,1.0,
2020-10-06 13:00:00,66.0,1.29699,True,Short,,1.0
2020-10-08 14:00:00,33.0,1.28944,True,Short,,1.0
2020-10-09 14:00:00,77.3,1.2948,True,Short,,1.0
2020-10-12 13:00:00,76.0,1.30272,True,Short,,1.0
2020-10-14 13:00:00,44.9,1.29367,True,Long,1.0,
2020-10-16 12:00:00,30.5,1.2932,True,Long,1.0,
2020-10-23 12:00:00,53.0,1.30887,True,Long,1.0,
2020-10-26 11:00:00,31.3,1.30492,True,Long,1.0,
2020-11-02 12:00:00,25.0,1.29212,True,Long,1.0,
2020-11-09 11:00:00,56.3,1.31278,True,Short,,1.0
2020-11-11 13:00:00,87.5,1.32694,True,Short,,1.0
2020-11-16 12:00:00,58.4,1.31828,True,Short,,1.0
2020-11-18 13:00:00,73.7,1.32784,True,Short,,1.0
2020-11-19 12:00:00,69.7,1.32434,True,Long,1.0,
2020-11-20 13:00:00,64.3,1.32776,True,Short,,1.0
2020-11-23 13:00:00,66.4,1.33716,True,Short,,1.0
2020-11-25 12:00:00,59.6,1.3313,True,Short,,1.0
2020-11-26 10:00:00,67.8,1.33581,True,Short,,1.0
2020-12-01 12:00:00,54.1,1.33537,True,Short,,1.0
2020-12-07 13:00:00,71.4,1.32571,True,Long,1.0,
2020-12-11 12:00:00,25.0,1.31979,True,Long,1.0,
2020-12-15 12:00:00,50.0,1.33244,True,Long,1.0,
2020-12-18 13:00:00,58.9,1.35325,True,Long,1.0,
2020-12-21 14:00:00,69.2,1.32807,True,Long,1.0,
2020-12-24 14:00:00,61.3,1.35807,True,Short,,1.0
2020-12-31 14:00:00,7.1,1.36619,True,Short,,1.0
2021-01-04 11:00:00,61.2,1.36726,True,Short,,1.0
2021-01-06 14:00:00,70.4,1.36154,True,Short,,1.0
2021-01-11 12:00:00,27.5,1.34962,True,Long,1.0,
2021-01-12 13:00:00,25.0,1.35865,True,Short,,1.0
2021-01-13 13:00:00,25.0,1.36693,True,Short,,1.0
2021-01-18 13:00:00,53.6,1.35487,True,Long,1.0,
2021-01-19 14:00:00,27.2,1.36087,True,Short,,1.0
2021-01-20 14:00:00,29.9,1.3669,True,Short,,1.0
2021-01-21 13:00:00,62.2,1.37189,True,Short,,1.0
2021-01-26 11:00:00,34.4,1.36583,True,Long,1.0,
2021-01-27 11:00:00,11.5,1.37346,True,Short,,1.0
2021-01-28 13:00:00,44.6,1.36479,True,Long,1.0,
2021-02-01 12:00:00,49.0,1.37187,True,Short,,1.0
2021-02-05 13:00:00,25.0,1.36887,True,Short,,1.0
2021-02-08 11:00:00,25.0,1.37064,True,Short,,1.0
2021-02-09 10:00:00,50.0,1.3775,True,Short,,1.0
2021-02-10 12:00:00,58.5,1.38406,True,Short,,1.0
2021-02-12 13:00:00,53.9,1.37821,True,Long,1.0,
2021-02-15 12:00:00,38.5,1.39053,True,Short,,1.0
2021-02-16 13:00:00,44.1,1.39252,True,Short,,1.0
2021-02-19 13:00:00,89.5,1.39953,True,Short,,1.0
2021-02-23 12:00:00,89.5,1.4084,True,Short,,1.0
2021-02-24 11:00:00,90.5,1.41621,True,Short,,1.0
2021-02-26 14:00:00,61.2,1.3943,True,Long,1.0,
2021-03-02 13:00:00,4.9,1.39269,True,Long,1.0,
2021-03-03 13:00:00,0.0,1.39523,True,Short,,1.0
2021-03-04 13:00:00,50.0,1.39381,True,Long,1.0,
2021-03-09 12:00:00,25.0,1.38793,True,Short,,1.0
2021-03-11 14:00:00,50.0,1.39591,True,Short,,1.0
2021-03-16 13:00:00,0.0,1.38619,True,Long,1.0,
2021-03-17 11:00:00,0.0,1.39,True,Short,,1.0
2021-03-18 11:00:00,53.4,1.39607,True,Short,,1.0
2021-03-23 14:00:00,25.0,1.37927,True,Long,1.0,
2021-03-24 11:00:00,25.0,1.37303,True,Long,1.0,
2021-03-25 11:00:00,0.0,1.37013,True,Long,1.0,
2021-03-26 13:00:00,0.0,1.37755,True,Short,,1.0
2021-03-30 13:00:00,25.0,1.37619,True,Long,1.0,
2021-04-02 11:00:00,50.0,1.38378,True,Short,,1.0
2021-04-05 14:00:00,53.2,1.38638,True,Short,,1.0
2021-04-06 11:00:00,76.1,1.388,True,Short,,1.0
2021-04-07 12:00:00,59.6,1.38305,True,Long,1.0,
2021-04-08 14:00:00,12.1,1.37394,True,Long,1.0,
2021-04-09 12:00:00,1.0,1.37123,True,Long,1.0,
2021-04-12 11:00:00,0.0,1.37278,True,Long,1.0,
2021-04-14 14:00:00,25.0,1.37586,True,Short,,1.0
2021-04-16 12:00:00,50.0,1.37562,True,Long,1.0,
2021-04-20 13:00:00,61.1,1.39843,True,Short,,1.0
2021-04-21 13:00:00,80.6,1.39346,True,Long,1.0,
2021-04-26 14:00:00,51.3,1.38982,True,Short,,1.0
2021-04-27 14:00:00,69.7,1.39111,True,Long,1.0,
2021-04-29 13:00:00,31.0,1.39398,True,Short,,1.0
2021-05-03 12:00:00,0.0,1.38561,True,Long,1.0,
2021-05-05 13:00:00,25.0,1.38944,True,Short,,1.0
2021-05-17 11:00:00,58.2,1.40946,True,Long,1.0,
2021-05-24 13:00:00,60.5,1.4136,True,Short,,1.0
2021-05-25 13:00:00,39.3,1.41795,True,Short,,1.0
2021-05-27 12:00:00,39.4,1.41158,True,Long,1.0,
2021-05-31 12:00:00,51.2,1.41961,True,Short,,1.0
2021-06-01 13:00:00,26.9,1.4182,True,Short,,1.0
2021-06-04 11:00:00,25.0,1.41146,True,Long,1.0,
2021-06-07 12:00:00,0.0,1.41415,True,Long,1.0,
2021-06-09 14:00:00,25.0,1.41729,True,Short,,1.0
2021-06-10 13:00:00,25.0,1.40979,True,Long,1.0,
2021-06-11 11:00:00,0.0,1.41671,True,Short,,1.0
2021-06-14 14:00:00,25.0,1.41068,True,Long,1.0,
2021-06-15 12:00:00,0.0,1.40866,True,Short,,1.0
2021-06-17 13:00:00,25.0,1.39737,True,Long,1.0,
2021-06-18 13:00:00,0.0,1.3902,True,Long,1.0,
2021-06-23 13:00:00,50.0,1.39595,True,Short,,1.0
2021-06-28 13:00:00,0.0,1.39146,True,Short,,1.0
2021-07-02 13:00:00,0.0,1.37495,True,Long,1.0,
2021-07-05 10:00:00,0.0,1.38442,True,Long,1.0,
2021-07-06 12:00:00,25.0,1.38557,True,Short,,1.0
2021-07-16 13:00:00,29.9,1.38276,True,Long,1.0,
2021-07-19 14:00:00,0.0,1.37063,True,Long,1.0,
2021-07-20 13:00:00,0.0,1.36488,True,Long,1.0,
2021-07-22 13:00:00,50.0,1.37494,True,Short,,1.0
2021-07-26 12:00:00,25.0,1.37677,True,Long,1.0,
2021-07-28 13:00:00,50.0,1.38744,True,Short,,1.0
2021-07-29 14:00:00,59.5,1.39584,True,Short,,1.0
2021-08-02 14:00:00,93.9,1.38996,True,Short,,1.0
2021-08-04 13:00:00,88.1,1.39361,True,Short,,1.0
2021-08-05 12:00:00,82.6,1.39149,True,Long,1.0,
2021-08-09 14:00:00,8.2,1.3879,True,Long,1.0,
2021-08-10 12:00:00,0.0,1.38641,True,Long,1.0,
2021-08-13 14:00:00,0.0,1.37995,True,Long,1.0,
2021-08-16 12:00:00,0.0,1.38603,True,Long,1.0,
2021-08-17 13:00:00,50.0,1.38009,True,Long,1.0,
2021-08-20 13:00:00,0.0,1.36177,True,Long,1.0,
2021-08-23 12:00:00,0.0,1.36536,True,Short,,1.0
2021-08-24 12:00:00,0.0,1.37081,True,Short,,1.0
2021-08-30 12:00:00,25.0,1.37626,True,Short,,1.0
2021-08-31 12:00:00,51.0,1.37691,True,Short,,1.0
2021-09-01 11:00:00,63.4,1.37562,True,Long,1.0,
2021-09-08 14:00:00,29.5,1.37642,True,Long,1.0,
2021-09-10 14:00:00,64.6,1.38732,True,Short,,1.0
2021-09-13 13:00:00,64.3,1.38228,True,Long,1.0,
2021-09-14 13:00:00,35.9,1.38622,True,Short,,1.0
2021-09-27 12:00:00,50.0,1.37019,True,Long,1.0,
2021-09-29 14:00:00,0.0,1.35032,True,Long,1.0,
2021-10-04 13:00:00,50.0,1.35851,True,Long,1.0,
2021-10-11 12:00:00,50.6,1.36471,True,Short,,1.0
2021-10-12 14:00:00,72.4,1.36155,True,Long,1.0,
2021-10-18 14:00:00,51.5,1.37269,True,Long,1.0,
2021-10-22 14:00:00,68.4,1.37842,True,Long,1.0,
2021-10-25 10:00:00,41.0,1.37696,True,Short,,1.0
2021-11-01 11:00:00,50.0,1.36562,True,Long,1.0,
2021-11-05 14:00:00,25.0,1.3446,True,Long,1.0,
2021-11-09 13:00:00,50.0,1.35695,True,Short,,1.0
2021-11-11 12:00:00,50.0,1.33864,True,Long,1.0,
2021-11-16 12:00:00,50.0,1.34435,True,Short,,1.0
2021-11-17 11:00:00,50.0,1.34313,True,Short,,1.0
2021-11-18 11:00:00,25.0,1.34923,True,Short,,1.0
2021-11-19 14:00:00,25.0,1.34198,True,Long,1.0,
2021-11-26 12:00:00,0.0,1.33182,True,Long,1.0,
2021-11-30 14:00:00,25.0,1.33369,True,Short,,1.0
2021-12-03 12:00:00,0.0,1.32813,True,Long,1.0,
2021-12-07 12:00:00,0.0,1.32549,True,Short,,1.0
2021-12-10 10:00:00,25.0,1.32,True,Short,,1.0
2021-12-14 12:00:00,25.0,1.3236,True,Long,1.0,
2021-12-15 12:00:00,25.0,1.32612,True,Short,,1.0
2021-12-16 12:00:00,0.0,1.32829,True,Short,,1.0
2021-12-20 13:00:00,5.4,1.3203,True,Long,1.0,
2021-12-21 14:00:00,28.5,1.32539,True,Short,,1.0
2021-12-29 14:00:00,57.4,1.3427,True,Long,1.0,
2022-01-06 12:00:00,92.0,1.3529,True,Long,1.0,
2022-01-10 13:00:00,65.4,1.3582,True,Short,,1.0
2022-01-11 12:00:00,89.6,1.36043,True,Short,,1.0
2022-01-13 14:00:00,89.1,1.37142,True,Short,,1.0
2022-01-21 12:00:00,51.2,1.35669,True,Long,1.0,
2022-01-27 12:00:00,0.0,1.34059,True,Long,1.0,
2022-01-31 13:00:00,25.0,1.34036,True,Short,,1.0
2022-02-07 14:00:00,13.6,1.35175,True,Long,1.0,
2022-02-09 14:00:00,74.5,1.35763,True,Short,,1.0
2022-02-11 10:00:00,73.9,1.35595,True,Long,1.0,
2022-02-14 12:00:00,13.2,1.35178,True,Long,1.0,
2022-02-18 12:00:00,67.6,1.36114,True,Short,,1.0
2022-02-23 12:00:00,18.4,1.36017,True,Short,,1.0
2022-02-28 12:00:00,25.0,1.34103,True,Long,1.0,
2022-03-01 11:00:00,25.0,1.34134,True,Short,,1.0
2022-03-02 11:00:00,50.0,1.33076,True,Long,1.0,
2022-03-03 11:00:00,25.0,1.33806,True,Short,,1.0
2022-03-07 14:00:00,0.0,1.3185,True,Long,1.0,
2022-03-08 11:00:00,0.0,1.31205,True,Long,1.0,
2022-03-09 14:00:00,25.0,1.31502,True,Short,,1.0
2022-03-10 12:00:00,50.0,1.31593,True,Short,,1.0
2022-03-11 12:00:00,50.0,1.30843,True,Long,1.0,
2022-03-17 12:00:00,50.0,1.31844,True,Short,,1.0
2022-03-22 11:00:00,52.4,1.3185,True,Long,1.0,
2022-03-24 13:00:00,79.1,1.32021,True,Long,1.0,
2022-03-28 12:00:00,31.8,1.31625,True,Long,1.0,
2022-04-04 13:00:00,0.0,1.31179,True,Short,,1.0
2022-04-05 13:00:00,25.0,1.31407,True,Short,,1.0
2022-04-06 12:00:00,50.0,1.30969,True,Long,1.0,
2022-04-08 13:00:00,25.0,1.30422,True,Long,1.0,
2022-04-11 12:00:00,0.0,1.30284,True,Long,1.0,
2022-04-13 13:00:00,25.0,1.30117,True,Long,1.0,
2022-04-14 12:00:00,0.0,1.31351,True,Short,,1.0
2022-04-18 10:00:00,50.0,1.30217,True,Long,1.0,
2022-04-19 11:00:00,50.0,1.30145,True,Long,1.0,
2022-04-21 13:00:00,0.0,1.30629,True,Short,,1.0
2022-04-25 12:00:00,25.0,1.27465,True,Long,1.0,
2022-04-27 14:00:00,0.0,1.25885,True,Long,1.0,
2022-04-28 11:00:00,0.0,1.25558,True,Long,1.0,
2022-05-02 11:00:00,25.0,1.25735,True,Long,1.0,
2022-05-04 12:00:00,0.0,1.25148,True,Long,1.0,
2022-05-06 12:00:00,25.0,1.23399,True,Long,1.0,
2022-05-09 12:00:00,0.0,1.22702,True,Long,1.0,
2022-05-16 13:00:00,0.0,1.22289,True,Long,1.0,
2022-05-19 13:00:00,25.3,1.2398,True,Long,1.0,
2022-05-30 14:00:00,62.6,1.26421,True,Long,1.0,
2022-05-31 12:00:00,87.2,1.26121,True,Long,1.0,
2022-06-06 14:00:00,25.0,1.25542,True,Short,,1.0
2022-06-07 12:00:00,25.0,1.24941,True,Long,1.0,
2022-06-09 14:00:00,50.0,1.25337,True,Long,1.0,
2022-06-20 12:00:00,50.0,1.22458,True,Short,,1.0
2022-06-21 10:00:00,25.0,1.22765,True,Short,,1.0
2022-06-22 13:00:00,50.0,1.22529,True,Long,1.0,
2022-06-27 13:00:00,67.7,1.22786,True,Short,,1.0
2022-07-12 14:00:00,0.0,1.18439,True,Long,1.0,
2022-07-13 12:00:00,0.0,1.18899,True,Short,,1.0
2022-07-14 13:00:00,50.0,1.18694,True,Long,1.0,
2022-07-21 14:00:00,0.0,1.19613,True,Long,1.0,
2022-07-25 12:00:00,69.3,1.20272,True,Long,1.0,
2022-07-28 14:00:00,86.9,1.21173,True,Short,,1.0
2022-07-29 13:00:00,86.9,1.21498,True,Short,,1.0
2022-08-03 12:00:00,66.3,1.21778,True,Long,1.0,
2022-08-08 13:00:00,6.5,1.20875,True,Short,,1.0
2022-08-16 13:00:00,0.0,1.2022,True,Long,1.0,
2022-08-17 12:00:00,0.0,1.21029,True,Short,,1.0
2022-08-18 12:00:00,50.0,1.20471,True,Long,1.0,
2022-08-19 10:00:00,25.0,1.19044,True,Long,1.0,
2022-08-22 14:00:00,0.0,1.18035,True,Long,1.0,
2022-08-23 12:00:00,0.0,1.17771,True,Long,1.0,
2022-08-25 13:00:00,50.0,1.18344,True,Short,,1.0
2022-08-26 13:00:00,25.0,1.18332,True,Long,1.0,
2022-08-29 11:00:00,50.0,1.16725,True,Long,1.0,
2022-09-01 10:00:00,0.0,1.15897,True,Long,1.0,
2022-09-05 12:00:00,0.0,1.14898,True,Long,1.0,
2022-09-06 12:00:00,0.0,1.15735,True,Short,,1.0
2022-09-09 14:00:00,50.0,1.1613,True,Short,,1.0
2022-09-12 14:00:00,50.0,1.16815,True,Short,,1.0
2022-09-13 14:00:00,50.0,1.17309,True,Short,,1.0
2022-09-14 12:00:00,51.1,1.15375,True,Long,1.0,
2022-09-16 13:00:00,26.5,1.13771,True,Long,1.0,
2022-09-20 13:00:00,25.0,1.14187,True,Short,,1.0
2022-09-21 12:00:00,25.0,1.13292,True,Long,1.0,
2022-09-22 13:00:00,0.0,1.12912,True,Long,1.0,
2022-09-30 14:00:00,50.0,1.10652,True,Short,,1.0
2022-10-03 10:00:00,50.0,1.11875,True,Long,1.0,
2022-10-04 13:00:00,50.0,1.13639,True,Short,,1.0
2022-10-05 12:00:00,51.2,1.14218,True,Short,,1.0
2022-10-10 11:00:00,30.5,1.10721,True,Long,1.0,
2022-10-11 12:00:00,17.1,1.10435,True,Long,1.0,
2022-10-12 13:00:00,26.9,1.10668,True,Long,1.0,
2022-10-17 12:00:00,25.0,1.12664,True,Short,,1.0
2022-10-19 14:00:00,28.9,1.12548,True,Long,1.0,
2022-10-24 12:00:00,19.1,1.13252,True,Short,,1.0
2022-10-28 14:00:00,75.2,1.15351,True,Long,1.0,
2022-11-09 14:00:00,50.0,1.14553,True,Long,1.0,
2022-11-17 12:00:00,68.9,1.18671,True,Short,,1.0
2022-11-21 13:00:00,37.7,1.18086,True,Long,1.0,
2022-12-06 14:00:00,77.0,1.22237,True,Long,1.0,
2022-12-07 10:00:00,45.4,1.21518,True,Long,1.0,
2022-12-13 11:00:00,48.5,1.22673,True,Short,,1.0
2022-12-15 13:00:00,69.5,1.23307,True,Long,1.0,
2022-12-16 13:00:00,35.7,1.21906,True,Long,1.0,
2022-12-19 13:00:00,29.9,1.21859,True,Short,,1.0
2022-12-27 11:00:00,25.0,1.20615,True,Short,,1.0
2023-01-03 13:00:00,50.0,1.1931,True,Long,1.0,
2023-01-04 12:00:00,0.0,1.20672,True,Short,,1.0
2023-01-09 13:00:00,0.0,1.21434,True,Short,,1.0
2023-01-12 14:00:00,9.4,1.21333,True,Short,,1.0
2023-01-13 12:00:00,43.4,1.22305,True,Short,,1.0
2023-01-17 10:00:00,81.4,1.22129,True,Long,1.0,
2023-01-23 11:00:00,64.5,1.24063,True,Short,,1.0
2023-01-26 12:00:00,56.2,1.23951,True,Short,,1.0
2023-01-31 12:00:00,36.7,1.23133,True,Long,1.0,
2023-02-02 10:00:00,0.0,1.23704,True,Short,,1.0
2023-02-03 12:00:00,25.0,1.22561,True,Long,1.0,
2023-02-07 12:00:00,0.0,1.19951,True,Long,1.0,
2023-02-08 13:00:00,25.0,1.20924,True,Short,,1.0
2023-02-13 14:00:00,25.0,1.21058,True,Long,1.0,
2023-02-17 12:00:00,0.0,1.19402,True,Long,1.0,
2023-02-20 12:00:00,0.0,1.20212,True,Short,,1.0
2023-02-21 13:00:00,25.0,1.20877,True,Long,1.0,
2023-02-23 13:00:00,50.0,1.20296,True,Long,1.0,
2023-02-24 12:00:00,0.0,1.20233,True,Long,1.0,
2023-02-27 10:00:00,0.0,1.19524,True,Long,1.0,
2023-03-02 12:00:00,0.3,1.19592,True,Long,1.0,
2023-03-07 11:00:00,50.0,1.20119,True,Short,,1.0
2023-03-08 12:00:00,50.0,1.18326,True,Long,1.0,
2023-03-10 13:00:00,25.0,1.19752,True,Short,,1.0
2023-03-17 11:00:00,39.8,1.21303,True,Short,,1.0
2023-03-22 14:00:00,87.3,1.22697,True,Short,,1.0
2023-03-23 11:00:00,85.8,1.23205,True,Short,,1.0
2023-03-24 14:00:00,85.2,1.2213,True,Long,1.0,
2023-03-28 13:00:00,81.5,1.22862,True,Short,,1.0
2023-03-31 13:00:00,84.3,1.23674,True,Short,,1.0
2023-04-03 12:00:00,81.4,1.23324,True,Long,1.0,
2023-04-10 12:00:00,60.4,1.24283,True,Long,1.0,
2023-04-17 13:00:00,53.3,1.2401,True,Short,,1.0
2023-04-19 13:00:00,25.0,1.24138,True,Short,,1.0
2023-04-24 13:00:00,0.0,1.24303,True,Long,1.0,
2023-04-25 12:00:00,25.0,1.2474,True,Short,,1.0
2023-05-03 14:00:00,19.8,1.25047,True,Short,,1.0
2023-05-04 12:00:00,24.0,1.25583,True,Short,,1.0
2023-05-05 12:00:00,79.9,1.26073,True,Short,,1.0
2023-05-08 12:00:00,81.9,1.26374,True,Short,,1.0
2023-05-09 14:00:00,87.5,1.26186,True,Long,1.0,
2023-05-10 13:00:00,60.6,1.26222,True,Short,,1.0
2023-05-11 13:00:00,84.3,1.25829,True,Long,1.0,
2023-05-17 13:00:00,50.0,1.24417,True,Long,1.0,
2023-05-22 13:00:00,25.0,1.24438,True,Long,1.0,
2023-05-24 12:00:00,0.0,1.24221,True,Short,,1.0
2023-05-25 13:00:00,0.0,1.23774,True,Long,1.0,
2023-05-29 12:00:00,50.0,1.23463,True,Short,,1.0
2023-05-30 12:00:00,25.0,1.2376,True,Long,1.0,
2023-06-02 12:00:00,50.0,1.25356,True,Short,,1.0
2023-06-05 13:00:00,57.4,1.23954,True,Long,1.0,
2023-06-06 11:00:00,13.3,1.24331,True,Short,,1.0
2023-06-09 12:00:00,72.3,1.25419,True,Short,,1.0
2023-06-16 12:00:00,86.4,1.27955,True,Short,,1.0
2023-06-19 13:00:00,94.9,1.28048,True,Short,,1.0
2023-06-20 13:00:00,95.7,1.27665,True,Long,1.0,
2023-06-23 10:00:00,82.9,1.27182,True,Long,1.0,
2023-06-26 12:00:00,47.0,1.27369,True,Long,1.0,
2023-06-27 12:00:00,34.1,1.27372,True,Short,,1.0
2023-07-03 10:00:00,50.0,1.26874,True,Short,,1.0
2023-07-06 10:00:00,25.0,1.27162,True,Long,1.0,
2023-07-10 12:00:00,56.8,1.28178,True,Long,1.0,
2023-07-11 12:00:00,70.8,1.28854,True,Short,,1.0
2023-07-17 12:00:00,95.5,1.30936,True,Long,1.0,
2023-07-21 14:00:00,7.1,1.28449,True,Long,1.0,
2023-07-24 13:00:00,0.0,1.28315,True,Short,,1.0
2023-07-27 14:00:00,50.0,1.29575,True,Short,,1.0
2023-07-28 10:00:00,50.0,1.27874,True,Long,1.0,
2023-07-31 13:00:00,0.0,1.28583,True,Short,,1.0
2023-08-07 12:00:00,25.0,1.27277,True,Long,1.0,
2023-08-10 10:00:00,0.0,1.27322,True,Long,1.0,
2023-08-14 13:00:00,0.0,1.26962,True,Long,1.0,
2023-08-15 12:00:00,0.0,1.27116,True,Short,,1.0
2023-08-21 13:00:00,0.0,1.27402,True,Short,,1.0
2023-08-22 13:00:00,29.0,1.27906,True,Short,,1.0
2023-08-25 10:00:00,0.0,1.25688,True,Long,1.0,
2023-08-28 12:00:00,0.0,1.25759,True,Short,,1.0
2023-08-29 13:00:00,25.0,1.26152,True,Short,,1.0
2023-09-01 12:00:00,25.0,1.26748,True,Long,1.0,
2023-09-05 14:00:00,0.0,1.25546,True,Long,1.0,
2023-09-08 12:00:00,0.0,1.24861,True,Short,,1.0
2023-09-12 14:00:00,50.0,1.24681,True,Long,1.0,
2023-09-13 13:00:00,25.0,1.24633,True,Long,1.0,
2023-09-18 12:00:00,0.0,1.23802,True,Short,,1.0
2023-09-19 12:00:00,0.0,1.23759,True,Long,1.0,
2023-09-20 12:00:00,25.0,1.23684,True,Long,1.0,
2023-09-25 13:00:00,0.0,1.22277,True,Short,,1.0
2023-09-26 13:00:00,0.0,1.21863,True,Long,1.0,
2023-09-27 11:00:00,0.0,1.21477,True,Long,1.0,
2023-10-02 11:00:00,50.0,1.21939,True,Long,1.0,
2023-10-03 10:00:00,25.0,1.20842,True,Long,1.0,
2023-10-04 13:00:00,0.0,1.21274,True,Long,1.0,
2023-10-11 13:00:00,60.0,1.22847,True,Short,,1.0
2023-10-16 13:00:00,19.2,1.21459,True,Short,,1.0
2023-10-23 10:00:00,25.0,1.21575,True,Long,1.0,
2023-10-24 13:00:00,25.0,1.22403,True,Short,,1.0
2023-10-26 12:00:00,25.0,1.20789,True,Long,1.0,
2023-10-27 11:00:00,0.0,1.21186,True,Short,,1.0
2023-10-30 12:00:00,50.0,1.21227,True,Long,1.0,
2023-11-08 13:00:00,84.8,1.22673,True,Long,1.0,
2023-11-09 13:00:00,32.9,1.22612,True,Short,,1.0
2023-11-13 14:00:00,13.1,1.2242,True,Short,,1.0
2023-11-14 14:00:00,6.8,1.22931,True,Short,,1.0
2023-11-16 12:00:00,33.7,1.2406,True,Long,1.0,
2023-11-17 11:00:00,32.8,1.24094,True,Long,1.0,
2023-11-20 13:00:00,17.6,1.24706,True,Short,,1.0
2023-11-21 14:00:00,58.4,1.2535,True,Short,,1.0
2023-11-23 13:00:00,38.8,1.25564,True,Short,,1.0
2023-11-27 11:00:00,86.3,1.26083,True,Short,,1.0
2023-11-29 10:00:00,67.8,1.2697,True,Short,,1.0
2023-12-13 14:00:00,25.0,1.25179,True,Long,1.0,
2023-12-21 13:00:00,48.1,1.26657,True,Long,1.0,
2023-12-22 11:00:00,22.0,1.26861,True,Short,,1.0
2023-12-27 11:00:00,29.8,1.27198,True,Short,,1.0
2023-12-28 11:00:00,26.8,1.27941,True,Short,,1.0
2023-12-29 13:00:00,64.8,1.27452,True,Long,1.0,
2024-01-02 12:00:00,40.1,1.26948,True,Short,,1.0
2024-01-04 14:00:00,25.0,1.26922,True,Short,,1.0
2024-01-10 10:00:00,25.0,1.27143,True,Long,1.0,
2024-01-11 10:00:00,0.0,1.27618,True,Short,,1.0
2024-01-15 14:00:00,68.9,1.2724,True,Long,1.0,
2024-01-17 10:00:00,28.7,1.26517,True,Long,1.0,
2024-01-18 10:00:00,0.0,1.2688,True,Short,,1.0
2024-01-22 10:00:00,50.0,1.26932,True,Short,,1.0
2024-01-23 11:00:00,50.0,1.2728,True,Short,,1.0
2024-01-24 13:00:00,25.0,1.274,True,Short,,1.0
2024-01-26 11:00:00,0.3,1.27141,True,Long,1.0,
2024-02-01 11:00:00,25.0,1.26557,True,Long,1.0,
2024-02-02 14:00:00,25.0,1.27563,True,Short,,1.0
2024-02-07 14:00:00,50.0,1.26313,True,Short,,1.0
2024-02-12 11:00:00,25.0,1.26209,True,Short,,1.0
2024-02-13 11:00:00,25.0,1.26543,True,Short,,1.0
2024-02-14 14:00:00,25.0,1.25521,True,Long,1.0,
2024-02-16 11:00:00,25.0,1.25853,True,Short,,1.0
2024-02-19 11:00:00,25.0,1.26143,True,Short,,1.0
2024-02-22 12:00:00,25.0,1.26791,True,Short,,1.0
2024-02-28 14:00:00,44.5,1.26301,True,Long,1.0,
2024-03-04 12:00:00,35.4,1.26749,True,Short,,1.0
2024-03-08 14:00:00,70.1,1.28385,True,Short,,1.0
2024-03-12 12:00:00,63.3,1.27969,True,Long,1.0,
2024-03-14 14:00:00,62.5,1.27948,True,Short,,1.0
2024-03-19 13:00:00,25.0,1.2692,True,Long,1.0,
2024-03-21 11:00:00,25.0,1.27713,True,Short,,1.0
2024-03-22 14:00:00,50.0,1.26194,True,Long,1.0,
2024-03-26 10:00:00,0.0,1.2649,True,Short,,1.0
2024-03-28 13:00:00,0.0,1.26118,True,Long,1.0,
2024-04-02 12:00:00,0.0,1.25617,True,Long,1.0,
2024-04-03 10:00:00,0.0,1.2574,True,Short,,1.0
2024-04-04 13:00:00,25.0,1.26643,True,Short,,1.0
2024-04-05 12:00:00,50.0,1.26366,True,Long,1.0,
2024-04-09 12:00:00,25.3,1.26601,True,Short,,1.0
2024-04-16 12:00:00,0.0,1.24365,True,Long,1.0,
2024-04-17 14:00:00,0.0,1.24535,True,Short,,1.0
2024-04-18 12:00:00,50.0,1.24742,True,Short,,1.0
2024-04-19 12:00:00,50.0,1.24402,True,Long,1.0,
2024-04-25 14:00:00,50.0,1.25074,True,Short,,1.0
2024-04-26 14:00:00,50.0,1.25114,True,Short,,1.0
2024-04-29 10:00:00,27.9,1.25226,True,Short,,1.0
2024-05-01 12:00:00,70.4,1.24977,True,Long,1.0,
2024-05-03 11:00:00,56.8,1.25478,True,Short,,1.0
2024-05-06 11:00:00,83.2,1.25679,True,Long,1.0,
2024-05-08 14:00:00,42.2,1.24952,True,Long,1.0,
2024-05-10 13:00:00,0.0,1.25295,True,Short,,1.0
2024-05-13 12:00:00,50.0,1.25328,True,Short,,1.0
2024-05-14 14:00:00,50.6,1.25539,True,Long,1.0,
2024-05-20 10:00:00,79.4,1.27002,True,Short,,1.0
2024-05-22 12:00:00,71.3,1.27282,True,Short,,1.0
2024-05-24 12:00:00,41.6,1.27043,True,Long,1.0,
2024-05-27 14:00:00,61.9,1.27554,True,Long,1.0,
2024-05-29 10:00:00,87.8,1.27604,True,Long,1.0,
2024-05-30 12:00:00,53.7,1.27122,True,Long,1.0,
2024-06-04 10:00:00,8.0,1.27992,True,Short,,1.0
2024-06-06 13:00:00,40.1,1.27845,True,Short,,1.0
2024-06-10 14:00:00,52.7,1.26958,True,Short,,1.0
2024-06-11 12:00:00,0.5,1.27245,True,Short,,1.0
2024-06-17 13:00:00,0.0,1.26672,True,Long,1.0,
2024-06-25 11:00:00,50.0,1.26887,True,Short,,1.0
2024-07-01 12:00:00,0.0,1.26737,True,Short,,1.0
2024-07-02 13:00:00,25.0,1.26327,True,Long,1.0,
2024-07-08 13:00:00,49.7,1.28189,True,Long,1.0,
2024-07-15 13:00:00,70.3,1.29824,True,Long,1.0,
2024-07-16 12:00:00,70.5,1.29631,True,Long,1.0,
2024-07-24 14:00:00,1.5,1.29068,True,Long,1.0,
2024-07-25 13:00:00,25.0,1.28848,True,Long,1.0,
2024-08-02 13:00:00,25.0,1.27387,True,Long,1.0,
2024-08-05 12:00:00,0.0,1.2762,True,Long,1.0,
2024-08-09 13:00:00,0.0,1.276,True,Short,,1.0
2024-08-12 12:00:00,50.0,1.27636,True,Short,,1.0
2024-08-13 13:00:00,50.0,1.2791,True,Short,,1.0
2024-08-19 14:00:00,60.5,1.29493,True,Short,,1.0
2024-08-20 14:00:00,95.7,1.30035,True,Short,,1.0
2024-08-22 14:00:00,97.4,1.31204,True,Short,,1.0
2024-09-02 11:00:00,31.5,1.31343,True,Long,1.0,
2024-09-03 12:00:00,17.3,1.31219,True,Long,1.0,
2024-09-06 13:00:00,50.0,1.31745,True,Short,,1.0
2024-09-11 11:00:00,25.0,1.30824,True,Short,,1.0
2024-09-13 10:00:00,50.0,1.31336,True,Short,,1.0
2024-09-17 14:00:00,50.1,1.32111,True,Short,,1.0
2024-09-20 13:00:00,78.0,1.32935,True,Short,,1.0
2024-09-23 14:00:00,92.3,1.32997,True,Long,1.0,
2024-09-24 11:00:00,69.7,1.33491,True,Short,,1.0
2024-09-30 14:00:00,65.6,1.34063,True,Short,,1.0
2024-10-03 14:00:00,25.0,1.31177,True,Long,1.0,
2024-10-09 13:00:00,25.0,1.30871,True,Long,1.0,
2024-10-14 12:00:00,25.0,1.30665,True,Short,,1.0
2024-10-16 13:00:00,50.0,1.30162,True,Long,1.0,
2024-10-17 13:00:00,0.0,1.29928,True,Long,1.0,
2024-10-18 12:00:00,0.0,1.30409,True,Short,,1.0
2024-10-21 14:00:00,50.0,1.30214,True,Long,1.0,
2024-10-30 13:00:00,50.0,1.29707,True,Short,,1.0
2024-11-06 10:00:00,50.1,1.29189,True,Long,1.0,
2024-11-12 12:00:00,0.0,1.28182,True,Long,1.0,
2024-11-14 14:00:00,0.0,1.26647,True,Long,1.0,
2024-11-20 11:00:00,25.0,1.2669,True,Short,,1.0
2024-11-21 13:00:00,50.0,1.26377,True,Long,1.0,
2024-11-22 14:00:00,0.0,1.25116,True,Long,1.0,
2024-11-25 10:00:00,0.0,1.25608,True,Short,,1.0
2024-11-26 12:00:00,25.0,1.25888,True,Long,1.0,
2024-11-29 11:00:00,50.0,1.26925,True,Short,,1.0
2024-12-04 10:00:00,36.7,1.26716,True,Short,,1.0
2024-12-05 12:00:00,54.0,1.27191,True,Short,,1.0
2024-12-06 12:00:00,61.6,1.27614,True,Short,,1.0
2024-12-11 14:00:00,32.5,1.27404,True,Long,1.0,
2024-12-12 11:00:00,31.1,1.27588,True,Short,,1.0
2024-12-13 11:00:00,42.2,1.26394,True,Long,1.0,
2024-12-17 11:00:00,0.0,1.26867,True,Short,,1.0
2024-12-20 10:00:00,0.0,1.25057,True,Long,1.0,
2025-01-07 13:00:00,25.0,1.25394,True,Short,,1.0
2025-01-09 12:00:00,0.0,1.22845,True,Long,1.0,
2025-01-13 13:00:00,0.0,1.21099,True,Long,1.0,
2025-01-14 12:00:00,0.0,1.21872,True,Short,,1.0
2025-01-17 11:00:00,25.0,1.21956,True,Long,1.0,
2025-01-22 14:00:00,50.0,1.23556,True,Short,,1.0
2025-01-23 12:00:00,58.7,1.232,True,Long,1.0,
2025-01-24 10:00:00,51.0,1.2404,True,Short,,1.0
2025-01-31 13:00:00,61.3,1.24088,True,Long,1.0,
2025-02-03 12:00:00,18.6,1.2312,True,Long,1.0,
2025-02-05 14:00:00,53.7,1.25365,True,Short,,1.0
2025-02-11 12:00:00,25.0,1.23602,True,Long,1.0,
2025-02-12 12:00:00,0.0,1.24413,True,Short,,1.0
2025-02-13 11:00:00,50.0,1.24907,True,Short,,1.0
2025-02-14 13:00:00,56.5,1.25813,True,Short,,1.0
2025-02-19 11:00:00,74.7,1.26044,True,Short,,1.0
2025-02-21 11:00:00,66.3,1.26498,True,Short,,1.0
2025-02-25 12:00:00,37.4,1.26256,True,Long,1.0,
2025-02-28 10:00:00,46.0,1.25997,True,Long,1.0,
2025-03-05 13:00:00,63.7,1.28233,True,Short,,1.0
2025-03-06 11:00:00,68.3,1.28762,True,Short,,1.0
2025-03-07 13:00:00,78.5,1.29195,True,Short,,1.0
2025-03-14 11:00:00,65.2,1.29278,True,Long,1.0,
2025-03-18 12:00:00,58.4,1.29897,True,Short,,1.0
2025-03-20 14:00:00,86.6,1.29511,True,Long,1.0,
2025-03-21 12:00:00,50.4,1.29435,True,Long,1.0,
2025-03-24 14:00:00,33.8,1.29434,True,Short,,1.0
2025-03-26 12:00:00,25.0,1.29068,True,Long,1.0,
2025-03-31 13:00:00,25.0,1.29278,True,Short,,1.0
2025-04-07 13:00:00,9.8,1.28364,True,Short,,1.0
2025-04-09 12:00:00,25.0,1.28249,True,Short,,1.0
2025-04-16 11:00:00,58.3,1.32834,True,Short,,1.0
2025-04-17 12:00:00,66.9,1.32394,True,Long,1.0,
2025-04-18 13:00:00,64.2,1.32709,True,Short,,1.0
2025-04-22 11:00:00,95.5,1.3377,True,Short,,1.0
2025-04-23 14:00:00,67.1,1.33011,True,Long,1.0,
2025-04-28 11:00:00,46.6,1.33054,True,Short,,1.0
2025-05-01 13:00:00,33.6,1.33153,True,Long,1.0,
2025-05-05 11:00:00,0.0,1.32804,True,Short,,1.0
2025-05-09 11:00:00,0.0,1.32621,True,Long,1.0,
2025-05-14 10:00:00,0.0,1.3299,True,Short,,1.0
2025-05-16 12:00:00,25.0,1.33043,True,Short,,1.0
2025-05-21 12:00:00,8.5,1.33986,True,Short,,1.0
2025-05-26 11:00:00,67.7,1.35663,True,Short,,1.0
2025-05-27 13:00:00,93.4,1.35452,True,Long,1.0,
2025-05-28 11:00:00,43.7,1.3498,True,Long,1.0,
2025-05-29 11:00:00,38.5,1.34644,True,Long,1.0,
2025-06-02 13:00:00,42.9,1.35408,True,Short,,1.0
2025-06-10 13:00:00,46.4,1.34917,True,Long,1.0,
2025-06-12 11:00:00,34.4,1.35426,True,Short,,1.0
2025-06-13 12:00:00,35.6,1.35589,True,Long,1.0,
2025-06-16 13:00:00,2.6,1.35853,True,Short,,1.0
2025-06-19 12:00:00,0.0,1.34271,True,Long,1.0,
2025-06-20 11:00:00,0.0,1.34761,True,Short,,1.0
2025-06-23 10:00:00,25.0,1.34373,True,Long,1.0,
2025-06-26 14:00:00,50.6,1.37281,True,Short,,1.0
2025-06-30 11:00:00,48.6,1.37026,True,Short,,1.0
2025-07-04 12:00:00,47.4,1.36638,True,Short,,1.0
2025-07-11 14:00:00,0.0,1.35292,True,Long,1.0,
2025-07-14 12:00:00,0.0,1.34756,True,Long,1.0,
2025-07-21 14:00:00,25.0,1.34579,True,Short,,1.0
2025-07-28 10:00:00,41.7,1.34212,True,Short,,1.0
2025-07-29 13:00:00,3.6,1.33537,True,Long,1.0,
2025-08-07 14:00:00,25.0,1.33768,True,Short,,1.0
2025-08-11 12:00:00,54.4,1.34643,True,Short,,1.0
2025-08-18 10:00:00,70.8,1.35448,True,Short,,1.0
2025-08-19 12:00:00,66.0,1.35195,True,Long,1.0,
2025-08-21 13:00:00,9.8,1.34754,True,Long,1.0,
2025-08-22 12:00:00,0.2,1.34133,True,Long,1.0,
2025-08-26 13:00:00,25.0,1.34795,True,Long,1.0,
2025-08-28 12:00:00,0.0,1.34985,True,Short,,1.0
2025-09-01 12:00:00,50.0,1.35349,True,Short,,1.0
2025-09-03 13:00:00,25.2,1.34074,True,Long,1.0,
2025-09-08 10:00:00,50.0,1.35182,True,Long,1.0,
2025-09-09 12:00:00,50.0,1.35728,True,Short,,1.0
2025-09-10 13:00:00,52.0,1.35421,True,Long,1.0,
2025-09-15 10:00:00,68.3,1.35626,True,Short,,1.0
2025-09-18 12:00:00,91.3,1.36392,True,Long,1.0,
2025-09-19 14:00:00,26.6,1.34963,True,Long,1.0,
2025-09-22 10:00:00,2.9,1.34743,True,Long,1.0,
2025-09-23 14:00:00,0.0,1.35104,True,Short,,1.0
2025-09-29 14:00:00,0.0,1.34279,True,Short,,1.0
2025-10-01 14:00:00,25.0,1.34708,True,Short,,1.0
2025-10-06 14:00:00,0.0,1.34219,True,Long,1.0,
2025-10-08 12:00:00,29.6,1.34083,True,Long,1.0,
2025-10-09 14:00:00,3.9,1.33695,True,Long,1.0,
2025-10-10 13:00:00,0.0,1.32905,True,Long,1.0,
2025-10-13 12:00:00,0.0,1.33261,True,Short,,1.0
2025-10-14 13:00:00,25.0,1.32673,True,Long,1.0,
2025-10-15 12:00:00,0.0,1.33454,True,Short,,1.0
2025-10-17 12:00:00,50.0,1.34235,True,Short,,1.0
2025-10-20 13:00:00,50.0,1.34279,True,Long,1.0,
2025-10-21 12:00:00,27.1,1.33796,True,Long,1.0,
2025-10-24 14:00:00,26.6,1.33171,True,Long,1.0,
2025-10-27 10:00:00,0.0,1.33266,True,Short,,1.0
2025-10-28 13:00:00,25.0,1.33076,True,Long,1.0,
2025-10-29 13:00:00,25.0,1.32174,True,Long,1.0,
2025-11-10 12:00:00,50.0,1.31597,True,Short,,1.0
2025-11-11 13:00:00,50.0,1.31482,True,Long,1.0,
2025-11-13 13:00:00,1.0,1.31475,True,Short,,1.0
2025-11-19 14:00:00,16.3,1.31178,True,Long,1.0,
2025-11-24 10:00:00,25.0,1.30949,True,Short,,1.0
2025-11-25 14:00:00,50.0,1.31347,True,Short,,1.0
2025-11-28 13:00:00,58.2,1.32017,True,Long,1.0,
2025-12-02 14:00:00,81.5,1.32089,True,Long,1.0,
2025-12-04 12:00:00,64.8,1.33438,True,Short,,1.0
2025-12-08 13:00:00,39.2,1.33177,True,Long,1.0,
2025-12-09 13:00:00,36.2,1.33285,True,Short,,1.0
2025-12-17 12:00:00,51.1,1.33346,True,Long,1.0,
2025-12-24 10:00:00,72.4,1.35217,True,Short,,1.0
2025-12-26 12:00:00,59.8,1.34881,True,Long,1.0,
2025-12-29 13:00:00,60.1,1.34889,True,Long,1.0,
2025-12-30 10:00:00,58.7,1.35087,True,Short,,1.0
2025-12-31 13:00:00,54.7,1.34551,True,Long,1.0,
2026-01-05 12:00:00,25.0,1.3463,True,Long,1.0,
2026-01-06 11:00:00,25.0,1.35356,True,Short,,1.0
2026-01-07 12:00:00,50.0,1.34976,True,Long,1.0,
2026-01-08 13:00:00,25.0,1.34441,True,Long,1.0,
2026-01-09 14:00:00,0.0,1.34193,True,Long,1.0,
2026-01-19 13:00:00,0.0,1.34082,True,Short,,1.0
2026-01-20 12:00:00,50.0,1.34798,True,Short,,1.0
2026-01-23 14:00:00,25.7,1.35282,True,Short,,1.0
2026-01-26 13:00:00,35.2,1.36657,True,Short,,1.0
2026-01-30 10:00:00,44.8,1.37643,True,Long,1.0,
2026-02-04 12:00:00,46.7,1.37158,True,Short,,1.0
2026-02-05 13:00:00,57.3,1.36116,True,Long,1.0,
2026-02-09 10:00:00,0.0,1.36015,True,Short,,1.0
2026-02-11 14:00:00,25.0,1.36799,True,Short,,1.0
2026-02-12 10:00:00,25.0,1.36371,True,Long,1.0,
2026-02-13 11:00:00,0.0,1.36223,True,Long,1.0,
2026-02-16 13:00:00,0.0,1.36442,True,Short,,1.0
2026-02-17 11:00:00,25.0,1.3591,True,Long,1.0,
2026-02-23 10:00:00,25.0,1.35155,True,Short,,1.0
2026-02-24 12:00:00,50.0,1.34933,True,Long,1.0,
