Datetime_Kyiv,Trend_%,Close_Price,Status,Direction,First_LDN_Counter_Low,First_LDN_Counter_High
2015-01-05 10:00:00,25.0,1.53045,True,Short,1.0,
2015-01-08 12:00:00,0.0,1.50561,True,Short,1.0,
2015-01-09 10:00:00,0.0,1.5116,True,Short,1.0,
2015-01-12 10:00:00,25.0,1.51138,True,Long,,1.0
2015-01-14 11:00:00,0.0,1.5173,True,Long,,1.0
2015-01-16 13:00:00,25.0,1.52025,True,Long,,1.0
2015-01-19 11:00:00,0.9,1.51639,True,Short,1.0,
2015-01-21 10:00:00,30.2,1.51591,True,Long,,1.0
2015-01-22 10:00:00,25.0,1.51497,True,Short,1.0,
2015-01-23 13:00:00,50.0,1.497,True,Short,1.0,
2015-01-26 12:00:00,0.0,1.50084,True,Long,,1.0
2015-01-27 12:00:00,0.0,1.50722,True,Long,,1.0
2015-01-29 12:00:00,25.0,1.51431,True,Short,1.0,
2015-01-30 13:00:00,0.0,1.50806,True,Short,1.0,
2015-02-03 11:00:00,25.0,1.50182,True,Short,1.0,
2015-02-04 09:00:00,25.0,1.516,True,Long,,1.0
2015-02-06 09:00:00,64.7,1.53168,True,Long,,1.0
2015-02-10 13:00:00,16.1,1.52134,True,Short,1.0,
2015-02-16 11:00:00,83.8,1.53948,True,Long,,1.0
2015-02-17 13:00:00,56.2,1.53901,True,Short,1.0,
2015-02-19 11:00:00,76.2,1.5445,True,Long,,1.0
2015-02-24 13:00:00,49.9,1.54461,True,Long,,1.0
2015-02-25 13:00:00,46.7,1.54971,True,Long,,1.0
2015-03-02 09:00:00,18.3,1.53945,True,Long,,1.0
2015-03-05 10:00:00,0.0,1.52466,True,Short,1.0,
2015-03-10 13:00:00,0.0,1.50773,True,Short,1.0,
2015-03-11 09:00:00,0.0,1.50792,True,Short,1.0,
2015-03-13 11:00:00,0.0,1.48795,True,Short,1.0,
2015-03-16 10:00:00,0.0,1.47736,True,Short,1.0,
2015-03-17 11:00:00,0.0,1.47869,True,Long,,1.0
2015-03-19 12:00:00,25.0,1.48967,True,Long,,1.0
2015-03-20 12:00:00,50.0,1.47279,True,Long,,1.0
2015-03-23 09:00:00,25.0,1.49048,True,Long,,1.0
2015-03-24 13:00:00,25.0,1.49242,True,Long,,1.0
2015-03-25 12:00:00,50.6,1.48847,True,Short,1.0,
2015-03-26 09:00:00,6.0,1.48845,True,Short,1.0,
2015-03-27 12:00:00,41.8,1.48675,True,Short,1.0,
2015-03-30 13:00:00,10.6,1.4835,True,Short,1.0,
2015-03-31 10:00:00,4.8,1.47809,True,Short,1.0,
2015-04-01 11:00:00,25.0,1.48343,True,Long,,1.0
2015-04-02 13:00:00,25.0,1.47958,True,Long,,1.0
2015-04-03 11:00:00,25.0,1.48341,True,Long,,1.0
2015-04-06 09:00:00,50.0,1.49172,True,Long,,1.0
2015-04-07 10:00:00,50.5,1.48904,True,Short,1.0,
2015-04-09 10:00:00,6.5,1.48681,True,Long,,1.0
2015-04-10 09:00:00,0.3,1.47109,True,Short,1.0,
2015-04-13 11:00:00,0.0,1.46002,True,Short,1.0,
2015-04-14 13:00:00,0.0,1.46322,True,Long,,1.0
2015-04-15 09:00:00,50.0,1.47583,True,Long,,1.0
2015-04-21 12:00:00,9.4,1.48799,True,Short,1.0,
2015-04-23 11:00:00,89.8,1.49858,True,Long,,1.0
2015-04-27 11:00:00,92.1,1.51521,True,Long,,1.0
2015-05-06 12:00:00,29.4,1.51751,True,Long,,1.0
2015-05-07 11:00:00,50.3,1.52154,True,Long,,1.0
2015-05-08 10:00:00,50.0,1.5455,True,Long,,1.0
2015-05-13 10:00:00,63.4,1.56632,True,Long,,1.0
2015-05-15 12:00:00,97.0,1.57479,True,Long,,1.0
2015-05-20 12:00:00,24.5,1.55072,True,Short,1.0,
2015-05-22 12:00:00,50.9,1.56587,True,Long,,1.0
2015-05-25 11:00:00,0.0,1.55035,True,Short,1.0,
2015-05-28 09:00:00,0.0,1.53659,True,Short,1.0,
2015-06-02 13:00:00,0.0,1.52658,True,Short,1.0,
2015-06-03 12:00:00,50.0,1.527,True,Long,,1.0
2015-06-04 09:00:00,50.0,1.53305,True,Long,,1.0
2015-06-05 10:00:00,50.0,1.53357,True,Long,,1.0
2015-06-09 12:00:00,25.0,1.5291,True,Long,,1.0
2015-06-10 13:00:00,51.7,1.54628,True,Long,,1.0
2015-06-11 10:00:00,65.2,1.54633,True,Long,,1.0
2015-06-12 13:00:00,52.5,1.54865,True,Long,,1.0
2015-06-15 12:00:00,84.1,1.55233,True,Long,,1.0
2015-06-16 13:00:00,83.7,1.557,True,Long,,1.0
2015-06-22 12:00:00,71.5,1.58713,True,Long,,1.0
2015-06-25 11:00:00,24.9,1.57066,True,Short,1.0,
2015-06-26 13:00:00,37.5,1.57428,True,Short,1.0,
2015-07-02 13:00:00,0.0,1.56161,True,Short,1.0,
2015-07-03 10:00:00,0.0,1.56094,True,Short,1.0,
2015-07-06 13:00:00,25.0,1.55641,True,Short,1.0,
2015-07-07 11:00:00,0.0,1.55454,True,Long,,1.0
2015-07-08 09:00:00,0.0,1.54576,True,Short,1.0,
2015-07-13 09:00:00,50.0,1.55151,True,Long,,1.0
2015-07-15 13:00:00,25.0,1.56161,True,Long,,1.0
2015-07-16 13:00:00,50.1,1.5615,True,Long,,1.0
2015-07-17 13:00:00,6.9,1.56321,True,Long,,1.0
2015-07-20 13:00:00,45.4,1.5556,True,Long,,1.0
2015-07-23 13:00:00,68.4,1.56083,True,Long,,1.0
2015-07-24 09:00:00,54.0,1.55172,True,Short,1.0,
2015-07-27 12:00:00,0.0,1.5524,True,Long,,1.0
2015-07-29 09:00:00,50.0,1.56054,True,Long,,1.0
2015-07-31 13:00:00,0.6,1.55656,True,Short,1.0,
2015-08-03 13:00:00,32.6,1.55961,True,Long,,1.0
2015-08-04 12:00:00,34.6,1.55836,True,Long,,1.0
2015-08-05 11:00:00,32.8,1.5583,True,Short,1.0,
2015-08-07 13:00:00,1.1,1.55183,True,Short,1.0,
2015-08-11 13:00:00,50.0,1.55815,True,Long,,1.0
2015-08-13 12:00:00,25.0,1.56099,True,Long,,1.0
2015-08-14 09:00:00,25.0,1.56114,True,Short,1.0,
2015-08-17 12:00:00,55.8,1.56475,True,Long,,1.0
2015-08-20 09:00:00,86.1,1.56803,True,Short,1.0,
2015-08-21 12:00:00,36.6,1.57169,True,Long,,1.0
2015-08-24 12:00:00,85.2,1.57117,True,Short,1.0,
2015-09-04 10:00:00,25.0,1.52299,True,Short,1.0,
2015-09-07 11:00:00,0.0,1.52005,True,Short,1.0,
2015-09-08 12:00:00,25.0,1.53786,True,Long,,1.0
2015-09-09 13:00:00,50.0,1.53743,True,Long,,1.0
2015-09-11 10:00:00,25.0,1.54456,True,Long,,1.0
2015-09-14 13:00:00,62.9,1.54519,True,Long,,1.0
2015-09-15 12:00:00,29.0,1.54378,True,Short,1.0,
2015-09-16 13:00:00,28.1,1.54021,True,Short,1.0,
2015-09-17 13:00:00,82.2,1.5505,True,Long,,1.0
2015-09-23 13:00:00,9.5,1.53017,True,Short,1.0,
2015-09-28 12:00:00,0.0,1.52306,True,Short,1.0,
2015-09-29 13:00:00,50.0,1.51819,True,Short,1.0,
2015-09-30 13:00:00,0.0,1.51895,True,Short,1.0,
2015-10-01 13:00:00,25.0,1.51325,True,Short,1.0,
2015-10-02 09:00:00,0.0,1.51422,True,Short,1.0,
2015-10-05 09:00:00,50.0,1.5211,True,Long,,1.0
2015-10-06 13:00:00,25.0,1.51674,True,Short,1.0,
2015-10-07 09:00:00,50.0,1.52507,True,Long,,1.0
2015-10-12 11:00:00,85.6,1.5362,True,Short,1.0,
2015-10-14 13:00:00,58.7,1.53602,True,Short,1.0,
2015-10-15 09:00:00,57.8,1.54737,True,Long,,1.0
2015-10-16 09:00:00,83.8,1.54674,True,Long,,1.0
2015-10-20 09:00:00,82.0,1.54741,True,Long,,1.0
2015-10-21 12:00:00,77.9,1.54385,True,Short,1.0,
2015-10-22 11:00:00,23.7,1.54432,True,Short,1.0,
2015-10-23 13:00:00,42.6,1.53939,True,Short,1.0,
2015-10-26 12:00:00,1.9,1.53467,True,Short,1.0,
2015-10-28 12:00:00,0.0,1.5304,True,Short,1.0,
2015-10-29 11:00:00,0.0,1.52621,True,Short,1.0,
2015-10-30 11:00:00,0.0,1.53308,True,Long,,1.0
2015-11-02 10:00:00,25.0,1.54372,True,Long,,1.0
2015-11-03 11:00:00,50.0,1.54084,True,Long,,1.0
2015-11-05 11:00:00,59.4,1.53804,True,Short,1.0,
2015-11-09 13:00:00,0.0,1.5103,True,Short,1.0,
2015-11-10 10:00:00,0.0,1.51059,True,Long,,1.0
2015-11-11 11:00:00,50.0,1.51439,True,Long,,1.0
2015-11-13 12:00:00,25.0,1.52195,True,Long,,1.0
2015-11-16 11:00:00,50.0,1.51949,True,Long,,1.0
2015-11-17 12:00:00,0.0,1.51989,True,Short,1.0,
2015-11-18 13:00:00,25.0,1.52113,True,Long,,1.0
2015-11-19 11:00:00,68.0,1.52521,True,Long,,1.0
2015-11-23 11:00:00,48.4,1.51599,True,Short,1.0,
2015-11-24 09:00:00,27.1,1.51462,True,Short,1.0,
2015-12-01 13:00:00,0.0,1.50774,True,Long,,1.0
2015-12-03 09:00:00,0.0,1.49346,True,Short,1.0,
2015-12-04 13:00:00,50.0,1.5115,True,Long,,1.0
2015-12-07 12:00:00,25.0,1.5081,True,Short,1.0,
2015-12-08 09:00:00,25.0,1.50518,True,Short,1.0,
2015-12-10 10:00:00,0.8,1.51734,True,Long,,1.0
2015-12-11 12:00:00,59.9,1.51554,True,Long,,1.0
2015-12-14 09:00:00,66.5,1.51784,True,Long,,1.0
2015-12-16 13:00:00,39.8,1.50233,True,Short,1.0,
2015-12-17 12:00:00,0.0,1.49262,True,Short,1.0,
2015-12-18 12:00:00,0.0,1.49328,True,Short,1.0,
2015-12-23 13:00:00,0.0,1.48873,True,Short,1.0,
2015-12-24 11:00:00,0.0,1.48915,True,Long,,1.0
2015-12-25 09:00:00,50.0,1.49215,True,Long,,1.0
2015-12-28 11:00:00,25.0,1.49268,True,Short,1.0,
2015-12-30 12:00:00,0.0,1.48171,True,Short,1.0,
2016-01-01 09:00:00,25.0,1.47331,True,Short,1.0,
2016-01-06 12:00:00,25.0,1.46553,True,Short,1.0,
2016-01-08 13:00:00,25.0,1.46018,True,Long,,1.0
2016-01-11 11:00:00,0.0,1.45652,True,Short,1.0,
2016-01-12 10:00:00,50.0,1.45357,True,Short,1.0,
2016-01-13 12:00:00,25.0,1.44313,True,Short,1.0,
2016-01-18 11:00:00,0.0,1.42939,True,Short,1.0,
2016-01-19 13:00:00,0.0,1.43021,True,Long,,1.0
2016-01-20 13:00:00,25.0,1.41568,True,Short,1.0,
2016-01-21 11:00:00,0.0,1.41812,True,Short,1.0,
2016-01-22 13:00:00,25.0,1.42912,True,Long,,1.0
2016-01-25 11:00:00,50.0,1.42583,True,Long,,1.0
2016-01-26 12:00:00,0.0,1.41994,True,Short,1.0,
2016-01-27 11:00:00,25.0,1.43042,True,Long,,1.0
2016-01-28 10:00:00,25.0,1.42615,True,Short,1.0,
2016-01-29 10:00:00,59.5,1.43619,True,Long,,1.0
2016-02-05 13:00:00,80.9,1.4529,True,Short,1.0,
2016-02-09 11:00:00,25.0,1.44364,True,Short,1.0,
2016-02-11 13:00:00,66.3,1.44209,True,Short,1.0,
2016-02-12 09:00:00,12.4,1.44945,True,Short,1.0,
2016-02-15 10:00:00,50.8,1.44929,True,Long,,1.0
2016-02-16 10:00:00,0.0,1.45004,True,Short,1.0,
2016-02-17 11:00:00,0.0,1.43103,True,Short,1.0,
2016-02-18 11:00:00,0.0,1.42971,True,Short,1.0,
2016-02-19 10:00:00,50.0,1.43317,True,Long,,1.0
2016-02-23 10:00:00,25.0,1.41218,True,Short,1.0,
2016-02-24 09:00:00,25.0,1.3983,True,Short,1.0,
2016-02-25 13:00:00,25.0,1.39508,True,Short,1.0,
2016-02-26 13:00:00,25.0,1.39615,True,Long,,1.0
2016-03-01 11:00:00,0.0,1.39545,True,Long,,1.0
2016-03-02 12:00:00,50.0,1.39716,True,Long,,1.0
2016-03-03 11:00:00,50.0,1.40813,True,Long,,1.0
2016-03-04 11:00:00,50.0,1.41381,True,Long,,1.0
2016-03-07 10:00:00,57.3,1.41502,True,Long,,1.0
2016-03-08 11:00:00,79.8,1.42362,True,Long,,1.0
2016-03-10 12:00:00,65.5,1.42293,True,Long,,1.0
2016-03-16 12:00:00,68.4,1.41165,True,Short,1.0,
2016-03-18 11:00:00,55.6,1.44161,True,Long,,1.0
2016-03-21 12:00:00,62.6,1.44066,True,Short,1.0,
2016-03-22 13:00:00,40.2,1.42788,True,Short,1.0,
2016-03-24 13:00:00,0.0,1.41376,True,Short,1.0,
2016-03-30 13:00:00,50.0,1.43938,True,Long,,1.0
2016-03-31 09:00:00,50.0,1.43418,True,Short,1.0,
2016-04-01 09:00:00,25.0,1.43446,True,Short,1.0,
2016-04-07 09:00:00,0.0,1.41444,True,Short,1.0,
2016-04-08 13:00:00,25.0,1.40788,True,Long,,1.0
2016-04-11 11:00:00,0.0,1.41428,True,Long,,1.0
2016-04-14 13:00:00,0.0,1.41445,True,Short,1.0,
2016-04-19 09:00:00,36.9,1.43132,True,Long,,1.0
2016-04-21 11:00:00,52.5,1.43329,True,Short,1.0,
2016-04-22 12:00:00,49.2,1.43443,True,Long,,1.0
2016-04-25 12:00:00,50.6,1.44274,True,Long,,1.0
2016-04-27 13:00:00,93.5,1.45958,True,Long,,1.0
2016-04-28 09:00:00,69.7,1.45408,True,Short,1.0,
2016-04-29 13:00:00,68.8,1.4594,True,Long,,1.0
2016-05-02 13:00:00,93.5,1.46116,True,Long,,1.0
2016-05-06 13:00:00,3.1,1.45113,True,Short,1.0,
2016-05-09 13:00:00,25.0,1.44757,True,Short,1.0,
2016-05-10 11:00:00,0.0,1.44186,True,Short,1.0,
2016-05-11 10:00:00,25.0,1.4449,True,Short,1.0,
2016-05-12 10:00:00,50.0,1.44228,True,Long,,1.0
2016-05-13 13:00:00,50.0,1.44076,True,Short,1.0,
2016-05-17 13:00:00,25.0,1.4487,True,Long,,1.0
2016-05-20 12:00:00,67.3,1.45719,True,Long,,1.0
2016-05-23 13:00:00,45.3,1.44908,True,Short,1.0,
2016-05-26 13:00:00,78.6,1.47045,True,Long,,1.0
2016-05-31 09:00:00,19.5,1.46716,True,Long,,1.0
2016-06-03 12:00:00,0.0,1.4433,True,Short,1.0,
2016-06-06 12:00:00,50.0,1.4432,True,Short,1.0,
2016-06-07 10:00:00,0.0,1.45039,True,Long,,1.0
2016-06-09 10:00:00,25.0,1.45162,True,Short,1.0,
2016-06-10 13:00:00,0.0,1.44312,True,Short,1.0,
2016-06-16 13:00:00,25.0,1.41583,True,Long,,1.0
2016-06-20 09:00:00,25.0,1.45536,True,Long,,1.0
2016-06-23 11:00:00,71.9,1.4745,True,Long,,1.0
2016-06-24 10:00:00,86.7,1.35997,True,Short,1.0,
2016-06-28 12:00:00,0.0,1.32976,True,Short,1.0,
2016-07-01 12:00:00,0.0,1.33028,True,Short,1.0,
2016-07-07 13:00:00,0.0,1.30005,True,Short,1.0,
2016-07-08 11:00:00,50.0,1.29427,True,Long,,1.0
2016-07-13 11:00:00,0.0,1.32428,True,Long,,1.0
2016-07-15 10:00:00,50.1,1.33929,True,Long,,1.0
2016-07-18 10:00:00,61.7,1.32241,True,Short,1.0,
2016-07-19 10:00:00,82.6,1.32124,True,Short,1.0,
2016-07-20 12:00:00,76.6,1.31503,True,Short,1.0,
2016-07-21 12:00:00,17.8,1.31964,True,Long,,1.0
2016-07-25 13:00:00,25.0,1.31589,True,Short,1.0,
2016-07-26 13:00:00,25.0,1.3121,True,Short,1.0,
2016-07-29 13:00:00,50.0,1.31764,True,Long,,1.0
2016-08-05 11:00:00,22.7,1.31387,True,Short,1.0,
2016-08-09 12:00:00,0.0,1.30109,True,Short,1.0,
2016-08-19 12:00:00,50.1,1.31227,True,Long,,1.0
2016-08-22 11:00:00,58.3,1.30824,True,Short,1.0,
2016-08-23 13:00:00,42.0,1.31783,True,Long,,1.0
2016-08-25 12:00:00,90.3,1.32138,True,Long,,1.0
2016-08-29 13:00:00,83.0,1.3102,True,Short,1.0,
2016-08-30 12:00:00,14.4,1.30693,True,Short,1.0,
2016-09-01 10:00:00,50.0,1.31461,True,Long,,1.0
2016-09-05 11:00:00,53.3,1.33032,True,Long,,1.0
2016-09-06 12:00:00,33.7,1.33386,True,Long,,1.0
2016-09-07 09:00:00,43.0,1.34125,True,Long,,1.0
2016-09-08 12:00:00,83.2,1.3362,True,Short,1.0,
2016-09-13 11:00:00,43.8,1.33118,True,Long,,1.0
2016-09-15 10:00:00,25.0,1.32164,True,Long,,1.0
2016-09-16 11:00:00,25.0,1.31967,True,Long,,1.0
2016-09-19 12:00:00,0.0,1.30472,True,Short,1.0,
2016-09-21 10:00:00,0.0,1.29724,True,Short,1.0,
2016-09-27 10:00:00,25.0,1.298,True,Short,1.0,
2016-09-28 13:00:00,50.0,1.29972,True,Long,,1.0
2016-09-29 12:00:00,50.0,1.29926,True,Long,,1.0
2016-09-30 13:00:00,50.0,1.29685,True,Short,1.0,
2016-10-03 13:00:00,0.0,1.28772,True,Short,1.0,
2016-10-05 12:00:00,0.0,1.2733,True,Short,1.0,
2016-10-06 12:00:00,0.0,1.27268,True,Short,1.0,
2016-10-07 12:00:00,0.0,1.24336,True,Short,1.0,
2016-10-10 12:00:00,0.0,1.24171,True,Short,1.0,
2016-10-11 13:00:00,0.0,1.23004,True,Short,1.0,
2016-10-12 13:00:00,25.0,1.22439,True,Short,1.0,
2016-10-13 13:00:00,25.0,1.21902,True,Short,1.0,
2016-10-20 13:00:00,25.0,1.22769,True,Long,,1.0
2016-10-21 11:00:00,25.0,1.22396,True,Short,1.0,
2016-10-25 11:00:00,27.6,1.22223,True,Short,1.0,
2016-10-26 11:00:00,0.6,1.21841,True,Short,1.0,
2016-10-28 12:00:00,25.0,1.21657,True,Short,1.0,
2016-10-31 10:00:00,25.0,1.2179,True,Long,,1.0
2016-11-01 13:00:00,50.0,1.2241,True,Long,,1.0
2016-11-02 13:00:00,50.0,1.22767,True,Long,,1.0
2016-11-03 11:00:00,51.7,1.23322,True,Long,,1.0
2016-11-09 09:00:00,59.8,1.23939,True,Long,,1.0
2016-11-10 12:00:00,36.9,1.23919,True,Long,,1.0
2016-11-14 12:00:00,85.1,1.25306,True,Short,1.0,
2016-11-16 09:00:00,14.9,1.24755,True,Short,1.0,
2016-11-17 10:00:00,26.4,1.24778,True,Short,1.0,
2016-11-18 11:00:00,50.1,1.24023,True,Short,1.0,
2016-11-21 13:00:00,0.0,1.2383,True,Short,1.0,
2016-11-22 10:00:00,50.0,1.24807,True,Long,,1.0
2016-11-25 11:00:00,50.0,1.24718,True,Long,,1.0
2016-11-28 12:00:00,25.1,1.24357,True,Long,,1.0
2016-12-02 11:00:00,76.5,1.25985,True,Long,,1.0
2016-12-05 12:00:00,77.3,1.27165,True,Long,,1.0
2016-12-06 13:00:00,88.6,1.27528,True,Long,,1.0
2016-12-08 13:00:00,60.5,1.26768,True,Long,,1.0
2016-12-09 11:00:00,27.0,1.26145,True,Short,1.0,
2016-12-12 10:00:00,14.1,1.25879,True,Short,1.0,
2016-12-13 13:00:00,56.1,1.27061,True,Long,,1.0
2016-12-14 09:00:00,52.3,1.26668,True,Short,1.0,
2016-12-15 12:00:00,0.0,1.25332,True,Short,1.0,
2016-12-16 13:00:00,0.0,1.24253,True,Short,1.0,
2016-12-19 10:00:00,25.0,1.24869,True,Long,,1.0
2016-12-21 13:00:00,0.0,1.23644,True,Short,1.0,
2016-12-22 11:00:00,50.0,1.23327,True,Long,,1.0
2016-12-23 13:00:00,25.0,1.2255,True,Short,1.0,
2016-12-26 09:00:00,0.0,1.22809,True,Short,1.0,
2016-12-28 10:00:00,0.0,1.22568,True,Long,,1.0
2016-12-29 11:00:00,25.0,1.2261,True,Short,1.0,
2016-12-30 13:00:00,50.0,1.23021,True,Long,,1.0
2017-01-02 11:00:00,50.0,1.23254,True,Long,,1.0
2017-01-03 12:00:00,25.0,1.22774,True,Short,1.0,
2017-01-05 10:00:00,52.3,1.22751,True,Long,,1.0
2017-01-10 12:00:00,25.0,1.21535,True,Short,1.0,
2017-01-11 11:00:00,0.0,1.21221,True,Long,,1.0
2017-01-12 12:00:00,25.0,1.22698,True,Long,,1.0
2017-01-16 11:00:00,0.0,1.20627,True,Short,1.0,
2017-01-18 10:00:00,50.0,1.23108,True,Long,,1.0
2017-01-20 11:00:00,30.2,1.22909,True,Long,,1.0
2017-01-23 11:00:00,70.1,1.24503,True,Long,,1.0
2017-01-24 13:00:00,77.7,1.24559,True,Long,,1.0
2017-01-25 13:00:00,58.3,1.25807,True,Long,,1.0
2017-01-26 13:00:00,65.4,1.2594,True,Long,,1.0
2017-01-27 11:00:00,93.0,1.25486,True,Short,1.0,
2017-01-30 13:00:00,40.3,1.2518,True,Short,1.0,
2017-02-02 13:00:00,78.4,1.26751,True,Long,,1.0
2017-02-03 10:00:00,66.9,1.25219,True,Short,1.0,
2017-02-06 12:00:00,0.1,1.2488,True,Short,1.0,
2017-02-07 12:00:00,0.0,1.23768,True,Short,1.0,
2017-02-08 11:00:00,25.0,1.24982,True,Long,,1.0
2017-02-09 13:00:00,50.0,1.25606,True,Long,,1.0
2017-02-14 09:00:00,25.0,1.25292,True,Long,,1.0
2017-02-21 11:00:00,25.0,1.24298,True,Short,1.0,
2017-02-22 10:00:00,0.0,1.24649,True,Long,,1.0
2017-02-23 13:00:00,50.0,1.24768,True,Long,,1.0
2017-02-24 10:00:00,50.0,1.25327,True,Long,,1.0
2017-02-27 12:00:00,25.0,1.24198,True,Short,1.0,
2017-02-28 12:00:00,0.2,1.24353,True,Short,1.0,
2017-03-01 11:00:00,0.0,1.23702,True,Short,1.0,
2017-03-06 11:00:00,0.0,1.22598,True,Long,,1.0
2017-03-09 13:00:00,0.0,1.21517,True,Short,1.0,
2017-03-10 13:00:00,0.0,1.21413,True,Long,,1.0
2017-03-13 12:00:00,25.0,1.2206,True,Long,,1.0
2017-03-14 13:00:00,50.0,1.21316,True,Short,1.0,
2017-03-15 11:00:00,0.0,1.22274,True,Long,,1.0
2017-03-16 12:00:00,25.0,1.22493,True,Long,,1.0
2017-03-20 12:00:00,71.1,1.24116,True,Long,,1.0
2017-03-21 11:00:00,84.4,1.23868,True,Short,1.0,
2017-03-22 11:00:00,91.3,1.24649,True,Long,,1.0
2017-03-23 11:00:00,94.0,1.2475,True,Long,,1.0
2017-03-24 13:00:00,95.0,1.24848,True,Long,,1.0
2017-03-29 12:00:00,62.3,1.24449,True,Short,1.0,
2017-04-03 11:00:00,54.9,1.25307,True,Long,,1.0
2017-04-04 13:00:00,50.0,1.2462,True,Short,1.0,
2017-04-05 09:00:00,0.0,1.24439,True,Short,1.0,
2017-04-06 13:00:00,25.0,1.24786,True,Long,,1.0
2017-04-07 09:00:00,50.0,1.24739,True,Long,,1.0
2017-04-11 09:00:00,0.0,1.24154,True,Long,,1.0
2017-04-13 12:00:00,50.0,1.25483,True,Long,,1.0
2017-04-18 13:00:00,72.3,1.25565,True,Long,,1.0
2017-04-19 13:00:00,76.3,1.28311,True,Long,,1.0
2017-04-24 12:00:00,66.9,1.28244,True,Short,1.0,
2017-04-27 09:00:00,85.2,1.2869,True,Long,,1.0
2017-04-28 10:00:00,82.9,1.2894,True,Long,,1.0
2017-05-03 13:00:00,38.8,1.29109,True,Long,,1.0
2017-05-04 12:00:00,84.5,1.28902,True,Short,1.0,
2017-05-08 13:00:00,54.4,1.2968,True,Long,,1.0
2017-05-09 10:00:00,50.9,1.29342,True,Long,,1.0
2017-05-11 09:00:00,60.7,1.29412,True,Long,,1.0
2017-05-17 09:00:00,25.0,1.29376,True,Long,,1.0
2017-05-18 10:00:00,50.0,1.29515,True,Long,,1.0
2017-05-19 12:00:00,25.0,1.30009,True,Short,1.0,
2017-05-22 10:00:00,8.7,1.29993,True,Long,,1.0
2017-05-23 13:00:00,70.6,1.29936,True,Short,1.0,
2017-05-24 12:00:00,27.1,1.29922,True,Short,1.0,
2017-05-26 12:00:00,62.7,1.28725,True,Short,1.0,
2017-05-29 09:00:00,25.0,1.28291,True,Short,1.0,
2017-06-02 12:00:00,25.0,1.28562,True,Long,,1.0
2017-06-06 09:00:00,50.0,1.29291,True,Long,,1.0
2017-06-07 13:00:00,25.0,1.2918,True,Short,1.0,
2017-06-09 12:00:00,47.2,1.27181,True,Short,1.0,
2017-06-13 11:00:00,25.0,1.26859,True,Short,1.0,
2017-06-14 13:00:00,25.0,1.27421,True,Long,,1.0
2017-06-16 10:00:00,0.0,1.27689,True,Short,1.0,
2017-06-20 13:00:00,25.0,1.26989,True,Short,1.0,
2017-06-22 12:00:00,0.0,1.26619,True,Long,,1.0
2017-06-23 13:00:00,25.0,1.27239,True,Long,,1.0
2017-06-26 13:00:00,50.0,1.27126,True,Long,,1.0
2017-06-28 10:00:00,50.0,1.28001,True,Long,,1.0
2017-06-30 11:00:00,71.0,1.30101,True,Long,,1.0
2017-07-03 13:00:00,63.8,1.2974,True,Long,,1.0
2017-07-04 11:00:00,44.0,1.29468,True,Short,1.0,
2017-07-06 11:00:00,32.7,1.29243,True,Long,,1.0
2017-07-07 10:00:00,52.3,1.29535,True,Long,,1.0
2017-07-10 10:00:00,12.5,1.28928,True,Short,1.0,
2017-07-11 11:00:00,0.0,1.2895,True,Short,1.0,
2017-07-12 13:00:00,25.0,1.28559,True,Short,1.0,
2017-07-13 13:00:00,0.0,1.29241,True,Long,,1.0
2017-07-14 12:00:00,50.0,1.29575,True,Long,,1.0
2017-07-19 09:00:00,44.5,1.30417,True,Short,1.0,
2017-07-20 09:00:00,49.9,1.30258,True,Short,1.0,
2017-07-24 11:00:00,44.1,1.30132,True,Long,,1.0
2017-07-25 12:00:00,63.5,1.303,True,Long,,1.0
2017-07-26 09:00:00,56.2,1.30244,True,Long,,1.0
2017-07-27 09:00:00,26.1,1.31404,True,Long,,1.0
2017-07-28 09:00:00,50.4,1.30811,True,Long,,1.0
2017-07-31 12:00:00,40.2,1.31029,True,Long,,1.0
2017-08-01 10:00:00,55.5,1.32126,True,Long,,1.0
2017-08-04 10:00:00,66.1,1.3139,True,Short,1.0,
2017-08-07 13:00:00,12.3,1.30509,True,Short,1.0,
2017-08-09 11:00:00,0.0,1.30128,True,Short,1.0,
2017-08-10 13:00:00,25.0,1.29919,True,Short,1.0,
2017-08-14 09:00:00,25.0,1.301,True,Long,,1.0
2017-08-16 13:00:00,0.0,1.28837,True,Short,1.0,
2017-08-17 11:00:00,0.0,1.28891,True,Long,,1.0
2017-08-21 13:00:00,25.0,1.28758,True,Short,1.0,
2017-08-24 12:00:00,0.0,1.28125,True,Short,1.0,
2017-08-25 11:00:00,25.0,1.28063,True,Long,,1.0
2017-08-28 13:00:00,50.0,1.28983,True,Long,,1.0
2017-08-30 13:00:00,52.1,1.29243,True,Short,1.0,
2017-09-04 12:00:00,76.5,1.29373,True,Long,,1.0
2017-09-07 11:00:00,85.8,1.30456,True,Long,,1.0
2017-09-08 11:00:00,85.4,1.31398,True,Long,,1.0
2017-09-12 11:00:00,42.8,1.31988,True,Short,1.0,
2017-09-13 09:00:00,45.3,1.33041,True,Long,,1.0
2017-09-14 11:00:00,95.3,1.32132,True,Short,1.0,
2017-09-18 12:00:00,92.9,1.35642,True,Long,,1.0
2017-09-21 11:00:00,64.9,1.34965,True,Short,1.0,
2017-09-22 12:00:00,62.3,1.35681,True,Long,,1.0
2017-09-25 12:00:00,56.5,1.35348,True,Long,,1.0
2017-09-26 13:00:00,20.7,1.34701,True,Long,,1.0
2017-09-27 13:00:00,7.7,1.33939,True,Short,1.0,
2017-09-29 12:00:00,0.0,1.33731,True,Long,,1.0
2017-10-02 10:00:00,25.0,1.33604,True,Long,,1.0
2017-10-03 11:00:00,0.0,1.32764,True,Short,1.0,
2017-10-04 13:00:00,0.0,1.32684,True,Short,1.0,
2017-10-05 13:00:00,25.0,1.31945,True,Short,1.0,
2017-10-12 11:00:00,50.0,1.32547,True,Long,,1.0
2017-10-13 13:00:00,25.0,1.32712,True,Long,,1.0
2017-10-16 13:00:00,50.5,1.32973,True,Long,,1.0
2017-10-17 12:00:00,8.0,1.32676,True,Short,1.0,
2017-10-20 11:00:00,31.1,1.31312,True,Short,1.0,
2017-10-23 12:00:00,0.0,1.31766,True,Long,,1.0
2017-10-24 09:00:00,50.0,1.32106,True,Long,,1.0
2017-10-26 11:00:00,25.0,1.3232,True,Long,,1.0
2017-10-30 10:00:00,25.0,1.31399,True,Long,,1.0
2017-10-31 11:00:00,0.0,1.32038,True,Long,,1.0
2017-11-02 10:00:00,58.2,1.32621,True,Long,,1.0
2017-11-03 13:00:00,0.4,1.30657,True,Short,1.0,
2017-11-06 11:00:00,0.0,1.31027,True,Short,1.0,
2017-11-08 09:00:00,50.0,1.31431,True,Long,,1.0
2017-11-09 09:00:00,0.0,1.31438,True,Short,1.0,
2017-11-10 11:00:00,25.0,1.31524,True,Short,1.0,
2017-11-13 13:00:00,50.0,1.30931,True,Short,1.0,
2017-11-14 13:00:00,0.0,1.31116,True,Short,1.0,
2017-11-15 13:00:00,50.0,1.31692,True,Long,,1.0
2017-11-16 10:00:00,63.3,1.31666,True,Long,,1.0
2017-11-17 13:00:00,37.8,1.31972,True,Long,,1.0
2017-11-20 13:00:00,61.6,1.32447,True,Long,,1.0
2017-11-21 11:00:00,74.3,1.3237,True,Long,,1.0
2017-11-22 12:00:00,33.6,1.32514,True,Short,1.0,
2017-11-28 10:00:00,70.5,1.33087,True,Long,,1.0
2017-11-29 12:00:00,65.9,1.34066,True,Long,,1.0
2017-11-30 09:00:00,65.7,1.34561,True,Long,,1.0
2017-12-01 09:00:00,65.0,1.35254,True,Long,,1.0
2017-12-05 12:00:00,65.1,1.34217,True,Short,1.0,
2017-12-07 09:00:00,21.1,1.33746,True,Short,1.0,
2017-12-08 10:00:00,10.2,1.34926,True,Long,,1.0
2017-12-12 11:00:00,0.0,1.33452,True,Short,1.0,
2017-12-13 12:00:00,0.0,1.33424,True,Short,1.0,
2017-12-14 13:00:00,25.0,1.34455,True,Long,,1.0
2017-12-15 11:00:00,50.0,1.34301,True,Long,,1.0
2017-12-19 12:00:00,0.0,1.33673,True,Long,,1.0
2017-12-20 11:00:00,25.0,1.33917,True,Short,1.0,
2017-12-21 11:00:00,50.0,1.33774,True,Short,1.0,
2017-12-25 09:00:00,25.9,1.33556,True,Short,1.0,
2017-12-26 12:00:00,25.0,1.33624,True,Long,,1.0
2017-12-28 12:00:00,25.0,1.34409,True,Long,,1.0
2017-12-29 13:00:00,69.3,1.35094,True,Long,,1.0
2018-01-01 09:00:00,71.1,1.35035,True,Long,,1.0
2018-01-02 13:00:00,57.5,1.35505,True,Long,,1.0
2018-01-03 10:00:00,64.4,1.35931,True,Long,,1.0
2018-01-04 09:00:00,67.2,1.35179,True,Short,1.0,
2018-01-05 10:00:00,43.5,1.35412,True,Long,,1.0
2018-01-09 13:00:00,37.3,1.35372,True,Short,1.0,
2018-01-15 10:00:00,56.6,1.37418,True,Long,,1.0
2018-01-16 10:00:00,65.6,1.37755,True,Long,,1.0
2018-01-18 11:00:00,83.3,1.38429,True,Long,,1.0
2018-01-19 13:00:00,89.0,1.38884,True,Long,,1.0
2018-01-23 10:00:00,94.5,1.39534,True,Long,,1.0
2018-01-25 10:00:00,93.1,1.42463,True,Long,,1.0
2018-01-26 09:00:00,92.4,1.42433,True,Short,1.0,
2018-01-30 12:00:00,36.1,1.40846,True,Short,1.0,
2018-01-31 11:00:00,29.7,1.41279,True,Long,,1.0
2018-02-01 13:00:00,51.5,1.42182,True,Long,,1.0
2018-02-02 11:00:00,74.8,1.42161,True,Long,,1.0
2018-02-05 11:00:00,35.4,1.41161,True,Short,1.0,
2018-02-06 11:00:00,0.0,1.39928,True,Short,1.0,
2018-02-08 13:00:00,25.0,1.38796,True,Short,1.0,
2018-02-09 11:00:00,25.0,1.39187,True,Long,,1.0
2018-02-12 12:00:00,0.0,1.38628,True,Short,1.0,
2018-02-15 13:00:00,25.0,1.40456,True,Long,,1.0
2018-02-20 12:00:00,17.2,1.39905,True,Short,1.0,
2018-02-21 09:00:00,21.7,1.398,True,Short,1.0,
2018-02-22 11:00:00,13.1,1.3888,True,Short,1.0,
2018-02-23 11:00:00,9.7,1.39677,True,Short,1.0,
2018-02-26 13:00:00,51.6,1.40481,True,Long,,1.0
2018-03-02 09:00:00,0.0,1.37693,True,Long,,1.0
2018-03-05 09:00:00,25.0,1.3769,True,Long,,1.0
2018-03-06 10:00:00,50.0,1.38251,True,Long,,1.0
2018-03-07 10:00:00,50.0,1.38718,True,Long,,1.0
2018-03-08 11:00:00,25.0,1.38626,True,Long,,1.0
2018-03-09 11:00:00,0.0,1.38111,True,Short,1.0,
2018-03-12 13:00:00,0.0,1.38613,True,Long,,1.0
2018-03-15 09:00:00,83.1,1.39731,True,Long,,1.0
2018-03-19 10:00:00,23.3,1.39232,True,Short,1.0,
2018-03-21 11:00:00,57.3,1.40316,True,Short,1.0,
2018-03-23 11:00:00,88.7,1.41043,True,Long,,1.0
2018-03-26 09:00:00,63.7,1.41529,True,Long,,1.0
2018-03-27 09:00:00,89.4,1.42308,True,Long,,1.0
2018-03-28 13:00:00,41.2,1.41541,True,Short,1.0,
2018-03-29 13:00:00,33.7,1.40663,True,Short,1.0,
2018-03-30 11:00:00,14.8,1.40424,True,Short,1.0,
2018-04-03 13:00:00,50.0,1.40682,True,Long,,1.0
2018-04-06 13:00:00,25.0,1.40124,True,Short,1.0,
2018-04-09 12:00:00,50.0,1.41104,True,Long,,1.0
2018-04-11 13:00:00,66.9,1.41926,True,Long,,1.0
2018-04-16 09:00:00,89.6,1.42463,True,Long,,1.0
2018-04-17 13:00:00,93.3,1.43206,True,Long,,1.0
2018-04-20 13:00:00,12.5,1.40658,True,Short,1.0,
2018-04-24 13:00:00,0.0,1.39568,True,Short,1.0,
2018-04-26 10:00:00,0.0,1.3941,True,Long,,1.0
2018-04-27 09:00:00,25.0,1.39286,True,Long,,1.0
2018-05-02 12:00:00,0.0,1.36423,True,Short,1.0,
2018-05-09 13:00:00,25.0,1.3526,True,Short,1.0,
2018-05-10 12:00:00,50.0,1.35624,True,Long,,1.0
2018-05-11 12:00:00,25.0,1.35294,True,Short,1.0,
2018-05-14 13:00:00,25.0,1.35808,True,Short,1.0,
2018-05-17 12:00:00,25.0,1.35298,True,Long,,1.0
2018-05-18 13:00:00,50.0,1.34812,True,Long,,1.0
2018-05-23 09:00:00,0.0,1.3405,True,Short,1.0,
2018-05-25 09:00:00,0.0,1.33661,True,Long,,1.0
2018-06-01 11:00:00,25.0,1.32853,True,Short,1.0,
2018-06-04 09:00:00,50.0,1.33669,True,Long,,1.0
2018-06-05 11:00:00,50.0,1.33219,True,Short,1.0,
2018-06-07 13:00:00,59.5,1.34532,True,Long,,1.0
2018-06-08 09:00:00,53.7,1.34244,True,Short,1.0,
2018-06-12 12:00:00,60.1,1.3401,True,Short,1.0,
2018-06-15 13:00:00,25.0,1.32806,True,Short,1.0,
2018-06-25 13:00:00,50.0,1.32402,True,Short,1.0,
2018-07-02 13:00:00,0.0,1.315,True,Long,,1.0
2018-07-04 12:00:00,25.0,1.32056,True,Long,,1.0
2018-07-10 12:00:00,46.9,1.32493,True,Short,1.0,
2018-07-11 10:00:00,60.8,1.32655,True,Short,1.0,
2018-07-12 12:00:00,54.0,1.32112,True,Short,1.0,
2018-07-20 13:00:00,0.0,1.30192,True,Short,1.0,
2018-07-23 10:00:00,0.0,1.31339,True,Long,,1.0
2018-07-24 12:00:00,50.0,1.31135,True,Short,1.0,
2018-07-25 13:00:00,25.0,1.31604,True,Long,,1.0
2018-07-26 12:00:00,50.0,1.31785,True,Long,,1.0
2018-07-30 13:00:00,0.0,1.3122,True,Short,1.0,
2018-08-01 13:00:00,38.2,1.31215,True,Long,,1.0
2018-08-02 13:00:00,30.8,1.308,True,Short,1.0,
2018-08-09 13:00:00,0.0,1.28865,True,Short,1.0,
2018-08-10 13:00:00,0.0,1.27834,True,Short,1.0,
2018-08-15 10:00:00,50.0,1.27211,True,Short,1.0,
2018-08-17 12:00:00,25.0,1.27141,True,Long,,1.0
2018-08-20 10:00:00,25.0,1.2738,True,Long,,1.0
2018-08-21 12:00:00,50.0,1.28315,True,Long,,1.0
2018-08-22 11:00:00,50.0,1.28802,True,Long,,1.0
2018-08-23 13:00:00,58.7,1.28609,True,Long,,1.0
2018-08-27 13:00:00,27.8,1.28433,True,Short,1.0,
2018-08-29 12:00:00,82.3,1.28757,True,Short,1.0,
2018-08-30 13:00:00,55.4,1.3017,True,Long,,1.0
2018-09-07 12:00:00,0.3,1.29417,True,Long,,1.0
2018-09-10 12:00:00,25.0,1.29427,True,Short,1.0,
2018-09-11 13:00:00,25.0,1.30344,True,Long,,1.0
2018-09-17 13:00:00,92.9,1.30981,True,Short,1.0,
2018-09-18 12:00:00,93.7,1.3138,True,Long,,1.0
2018-09-20 09:00:00,68.3,1.31479,True,Long,,1.0
2018-09-21 10:00:00,67.7,1.32471,True,Long,,1.0
2018-09-24 12:00:00,52.5,1.31183,True,Short,1.0,
2018-09-25 10:00:00,44.9,1.31082,True,Short,1.0,
2018-09-26 09:00:00,61.8,1.31673,True,Long,,1.0
2018-09-27 13:00:00,54.9,1.31266,True,Short,1.0,
2018-10-01 11:00:00,0.0,1.30531,True,Short,1.0,
2018-10-05 12:00:00,25.0,1.30326,True,Long,,1.0
2018-10-10 13:00:00,25.0,1.31541,True,Long,,1.0
2018-10-12 13:00:00,83.0,1.32111,True,Long,,1.0
2018-10-15 09:00:00,86.2,1.31257,True,Short,1.0,
2018-10-18 12:00:00,40.5,1.31089,True,Short,1.0,
2018-10-19 13:00:00,0.0,1.30273,True,Short,1.0,
2018-10-22 12:00:00,0.0,1.305,True,Long,,1.0
2018-10-23 12:00:00,0.0,1.29921,True,Short,1.0,
2018-10-25 11:00:00,0.0,1.29012,True,Short,1.0,
2018-10-26 09:00:00,0.0,1.2813,True,Short,1.0,
2018-10-31 12:00:00,25.0,1.27341,True,Short,1.0,
2018-11-01 13:00:00,25.0,1.28701,True,Long,,1.0
2018-11-05 11:00:00,50.0,1.30054,True,Long,,1.0
2018-11-06 12:00:00,54.9,1.30304,True,Long,,1.0
2018-11-08 12:00:00,87.4,1.31033,True,Long,,1.0
2018-11-09 13:00:00,64.0,1.30283,True,Short,1.0,
2018-11-13 11:00:00,35.0,1.28889,True,Short,1.0,
2018-11-14 10:00:00,25.4,1.29676,True,Long,,1.0
2018-11-15 10:00:00,50.0,1.28926,True,Long,,1.0
2018-11-16 13:00:00,25.0,1.28127,True,Short,1.0,
2018-11-19 12:00:00,0.0,1.28645,True,Long,,1.0
2018-11-20 12:00:00,50.0,1.28649,True,Long,,1.0
2018-11-23 09:00:00,25.0,1.28679,True,Long,,1.0
2018-11-27 12:00:00,0.0,1.2757,True,Short,1.0,
2018-11-29 09:00:00,25.0,1.2834,True,Long,,1.0
2018-11-30 12:00:00,50.0,1.2755,True,Long,,1.0
2018-12-04 12:00:00,25.0,1.28167,True,Short,1.0,
2018-12-05 10:00:00,25.0,1.27283,True,Short,1.0,
2018-12-06 12:00:00,25.0,1.27306,True,Short,1.0,
2018-12-07 12:00:00,50.0,1.27554,True,Long,,1.0
2018-12-10 09:00:00,25.0,1.27231,True,Long,,1.0
2018-12-11 11:00:00,0.0,1.26173,True,Short,1.0,
2018-12-12 11:00:00,0.0,1.25353,True,Short,1.0,
2018-12-13 12:00:00,25.0,1.26576,True,Long,,1.0
2018-12-14 12:00:00,50.0,1.25855,True,Short,1.0,
2018-12-17 10:00:00,0.0,1.26024,True,Short,1.0,
2018-12-18 12:00:00,25.0,1.26494,True,Long,,1.0
2018-12-19 11:00:00,50.0,1.26532,True,Long,,1.0
2018-12-21 12:00:00,25.4,1.2669,True,Long,,1.0
2018-12-24 11:00:00,48.6,1.2649,True,Long,,1.0
2018-12-26 10:00:00,41.6,1.26919,True,Long,,1.0
2018-12-27 10:00:00,21.3,1.26573,True,Short,1.0,
2018-12-31 11:00:00,60.0,1.27378,True,Long,,1.0
2019-01-01 09:00:00,64.2,1.27552,True,Long,,1.0
2019-01-03 09:00:00,29.3,1.2552,True,Short,1.0,
2019-01-07 13:00:00,25.0,1.27543,True,Long,,1.0
2019-01-08 11:00:00,26.8,1.27664,True,Long,,1.0
2019-01-09 11:00:00,29.4,1.2753,True,Short,1.0,
2019-01-11 09:00:00,54.9,1.27521,True,Long,,1.0
2019-01-14 11:00:00,38.9,1.28344,True,Long,,1.0
2019-01-15 09:00:00,76.6,1.28822,True,Long,,1.0
2019-01-16 10:00:00,39.9,1.28662,True,Short,1.0,
2019-01-17 12:00:00,89.3,1.28844,True,Short,1.0,
2019-01-18 09:00:00,63.5,1.29544,True,Long,,1.0
2019-01-21 13:00:00,85.1,1.28726,True,Short,1.0,
2019-01-24 10:00:00,80.3,1.3044,True,Long,,1.0
2019-01-25 09:00:00,80.3,1.31025,True,Long,,1.0
2019-01-29 13:00:00,90.2,1.3161,True,Long,,1.0
2019-01-30 12:00:00,38.0,1.30973,True,Short,1.0,
2019-02-04 09:00:00,20.9,1.30841,True,Short,1.0,
2019-02-06 11:00:00,0.0,1.29642,True,Short,1.0,
2019-02-08 13:00:00,25.0,1.29602,True,Short,1.0,
2019-02-11 13:00:00,25.0,1.29161,True,Short,1.0,
2019-02-12 12:00:00,0.0,1.28503,True,Short,1.0,
2019-02-13 10:00:00,0.0,1.28996,True,Long,,1.0
2019-02-14 12:00:00,50.0,1.2834,True,Short,1.0,
2019-02-15 12:00:00,0.0,1.28126,True,Short,1.0,
2019-02-19 12:00:00,50.0,1.29248,True,Long,,1.0
2019-02-21 13:00:00,56.1,1.30574,True,Long,,1.0
2019-02-25 12:00:00,34.1,1.30682,True,Long,,1.0
2019-03-04 11:00:00,39.6,1.32423,True,Short,1.0,
2019-03-05 11:00:00,29.3,1.31863,True,Short,1.0,
2019-03-06 11:00:00,17.6,1.31472,True,Short,1.0,
2019-03-08 11:00:00,0.0,1.30873,True,Short,1.0,
2019-03-11 13:00:00,0.0,1.30187,True,Short,1.0,
2019-03-12 11:00:00,25.0,1.32039,True,Long,,1.0
2019-03-14 12:00:00,50.0,1.32328,True,Long,,1.0
2019-03-18 12:00:00,10.9,1.32536,True,Long,,1.0
2019-03-19 11:00:00,20.2,1.32731,True,Short,1.0,
2019-03-20 13:00:00,75.9,1.32219,True,Short,1.0,
2019-03-22 13:00:00,35.8,1.31435,True,Short,1.0,
2019-03-25 09:00:00,25.7,1.31872,True,Long,,1.0
2019-03-26 11:00:00,50.0,1.32022,True,Long,,1.0
2019-03-28 12:00:00,25.0,1.31614,True,Short,1.0,
2019-03-29 13:00:00,25.0,1.31049,True,Short,1.0,
2019-04-02 11:00:00,50.0,1.30501,True,Long,,1.0
2019-04-04 12:00:00,50.0,1.31627,True,Long,,1.0
2019-04-09 11:00:00,25.0,1.30682,True,Long,,1.0
2019-04-11 10:00:00,0.0,1.3084,True,Long,,1.0
2019-04-12 13:00:00,25.0,1.30751,True,Short,1.0,
2019-04-16 12:00:00,25.0,1.30879,True,Long,,1.0
2019-04-23 12:00:00,0.0,1.29911,True,Short,1.0,
2019-04-24 09:00:00,25.0,1.29349,True,Short,1.0,
2019-04-26 11:00:00,0.0,1.29052,True,Short,1.0,
2019-04-29 10:00:00,25.0,1.29379,True,Long,,1.0
2019-05-01 09:00:00,25.0,1.30439,True,Long,,1.0
2019-05-02 13:00:00,50.7,1.3055,True,Long,,1.0
2019-05-06 12:00:00,50.9,1.3107,True,Long,,1.0
2019-05-07 10:00:00,85.7,1.31259,True,Long,,1.0
2019-05-10 09:00:00,38.8,1.30016,True,Long,,1.0
2019-05-13 09:00:00,51.2,1.30099,True,Long,,1.0
2019-05-14 13:00:00,0.0,1.29438,True,Short,1.0,
2019-05-15 13:00:00,0.0,1.29021,True,Short,1.0,
2019-05-16 13:00:00,0.0,1.28309,True,Short,1.0,
2019-05-20 09:00:00,0.0,1.27346,True,Short,1.0,
2019-05-22 13:00:00,25.0,1.26719,True,Short,1.0,
2019-05-23 13:00:00,0.0,1.26345,True,Short,1.0,
2019-05-24 10:00:00,0.0,1.26817,True,Short,1.0,
2019-05-27 10:00:00,50.0,1.27308,True,Long,,1.0
2019-05-30 13:00:00,0.0,1.26329,True,Short,1.0,
2019-05-31 12:00:00,0.0,1.26147,True,Short,1.0,
2019-06-03 09:00:00,0.0,1.26376,True,Long,,1.0
2019-06-04 13:00:00,25.0,1.26665,True,Long,,1.0
2019-06-06 09:00:00,50.0,1.26859,True,Long,,1.0
2019-06-07 12:00:00,25.6,1.27162,True,Short,1.0,
2019-06-10 09:00:00,66.8,1.27035,True,Long,,1.0
2019-06-11 12:00:00,52.8,1.27077,True,Short,1.0,
2019-06-12 09:00:00,57.6,1.27228,True,Short,1.0,
2019-06-13 13:00:00,78.7,1.26717,True,Short,1.0,
2019-06-14 09:00:00,15.0,1.26737,True,Short,1.0,
2019-06-17 13:00:00,0.0,1.25888,True,Short,1.0,
2019-06-18 10:00:00,0.0,1.25401,True,Short,1.0,
2019-06-19 11:00:00,0.0,1.25567,True,Long,,1.0
2019-06-20 13:00:00,25.0,1.27198,True,Long,,1.0
2019-06-24 12:00:00,0.0,1.27286,True,Long,,1.0
2019-06-25 12:00:00,51.6,1.27625,True,Long,,1.0
2019-06-26 13:00:00,36.2,1.26844,True,Short,1.0,
2019-06-27 12:00:00,18.9,1.26967,True,Short,1.0,
2019-07-02 10:00:00,4.9,1.26367,True,Short,1.0,
2019-07-03 13:00:00,0.0,1.25714,True,Short,1.0,
2019-07-04 12:00:00,0.0,1.25794,True,Short,1.0,
2019-07-08 13:00:00,0.0,1.25366,True,Short,1.0,
2019-07-10 12:00:00,0.0,1.248,True,Short,1.0,
2019-07-11 09:00:00,25.0,1.25292,True,Long,,1.0
2019-07-12 13:00:00,50.0,1.25331,True,Long,,1.0
2019-07-15 13:00:00,50.0,1.25607,True,Long,,1.0
2019-07-17 12:00:00,0.0,1.24019,True,Short,1.0,
2019-07-19 09:00:00,0.0,1.25296,True,Long,,1.0
2019-07-22 09:00:00,25.0,1.25034,True,Long,,1.0
2019-07-24 13:00:00,0.0,1.24726,True,Short,1.0,
2019-07-25 13:00:00,50.0,1.24775,True,Long,,1.0
2019-07-30 10:00:00,0.0,1.21462,True,Short,1.0,
2019-08-02 09:00:00,0.0,1.21104,True,Short,1.0,
2019-08-07 13:00:00,50.0,1.21404,True,Long,,1.0
2019-08-08 09:00:00,0.0,1.21623,True,Long,,1.0
2019-08-12 10:00:00,0.0,1.20404,True,Short,1.0,
2019-08-13 09:00:00,0.0,1.20675,True,Short,1.0,
2019-08-15 11:00:00,50.0,1.20776,True,Short,1.0,
2019-08-19 12:00:00,50.0,1.21243,True,Long,,1.0
2019-08-20 09:00:00,25.0,1.21226,True,Long,,1.0
2019-08-22 13:00:00,39.6,1.21334,True,Short,1.0,
2019-08-23 12:00:00,57.8,1.22058,True,Long,,1.0
2019-08-26 09:00:00,84.5,1.22648,True,Long,,1.0
2019-08-28 11:00:00,87.4,1.22547,True,Long,,1.0
2019-08-29 09:00:00,57.1,1.22091,True,Short,1.0,
2019-09-03 13:00:00,0.0,1.19879,True,Short,1.0,
2019-09-04 09:00:00,0.0,1.21044,True,Long,,1.0
2019-09-06 12:00:00,50.0,1.22978,True,Long,,1.0
2019-09-10 12:00:00,57.7,1.23248,True,Long,,1.0
2019-09-12 12:00:00,56.2,1.23222,True,Short,1.0,
2019-09-16 12:00:00,63.3,1.24256,True,Long,,1.0
2019-09-17 09:00:00,86.8,1.24202,True,Short,1.0,
2019-09-18 12:00:00,61.4,1.24482,True,Long,,1.0
2019-09-20 12:00:00,63.5,1.25313,True,Long,,1.0
2019-09-24 09:00:00,27.0,1.24285,True,Short,1.0,
2019-09-27 13:00:00,0.0,1.22891,True,Short,1.0,
2019-10-03 09:00:00,25.0,1.2298,True,Long,,1.0
2019-10-04 13:00:00,50.0,1.23413,True,Long,,1.0
2019-10-09 12:00:00,0.0,1.22409,True,Short,1.0,
2019-10-10 12:00:00,0.0,1.22286,True,Short,1.0,
2019-10-14 10:00:00,58.3,1.25766,True,Long,,1.0
2019-10-15 12:00:00,44.3,1.26501,True,Long,,1.0
2019-10-16 12:00:00,76.7,1.27413,True,Long,,1.0
2019-10-22 11:00:00,96.2,1.29419,True,Long,,1.0
2019-10-23 09:00:00,93.5,1.28663,True,Short,1.0,
2019-10-24 13:00:00,88.6,1.2883,True,Long,,1.0
2019-10-25 13:00:00,30.8,1.28381,True,Short,1.0,
2019-10-29 13:00:00,51.5,1.28521,True,Short,1.0,
2019-10-30 12:00:00,25.0,1.28943,True,Long,,1.0
2019-11-01 12:00:00,50.0,1.29534,True,Long,,1.0
2019-11-05 13:00:00,13.7,1.29103,True,Short,1.0,
2019-11-06 11:00:00,10.6,1.28857,True,Short,1.0,
2019-11-07 11:00:00,10.0,1.28671,True,Short,1.0,
2019-11-08 11:00:00,0.2,1.28088,True,Short,1.0,
2019-11-12 10:00:00,25.0,1.28228,True,Long,,1.0
2019-11-13 10:00:00,25.0,1.28374,True,Long,,1.0
2019-11-14 13:00:00,25.0,1.2839,True,Long,,1.0
2019-11-15 10:00:00,50.0,1.28769,True,Long,,1.0
2019-11-19 11:00:00,65.7,1.29534,True,Long,,1.0
2019-11-20 12:00:00,56.6,1.29014,True,Short,1.0,
2019-11-22 13:00:00,86.4,1.28787,True,Short,1.0,
2019-11-26 10:00:00,3.7,1.28753,True,Long,,1.0
2019-11-27 11:00:00,25.0,1.28613,True,Short,1.0,
2019-11-28 11:00:00,0.0,1.29365,True,Long,,1.0
2019-11-29 10:00:00,50.0,1.29059,True,Long,,1.0
2019-12-02 11:00:00,25.0,1.29098,True,Long,,1.0
2019-12-04 13:00:00,37.9,1.30576,True,Long,,1.0
2019-12-05 13:00:00,79.5,1.31346,True,Long,,1.0
2019-12-06 10:00:00,89.3,1.31341,True,Long,,1.0
2019-12-09 10:00:00,91.4,1.31607,True,Long,,1.0
2019-12-11 12:00:00,68.2,1.31529,True,Short,1.0,
2019-12-12 11:00:00,92.7,1.31832,True,Long,,1.0
2019-12-16 10:00:00,86.9,1.33636,True,Long,,1.0
2019-12-17 13:00:00,34.6,1.32067,True,Short,1.0,
2019-12-18 12:00:00,15.1,1.30971,True,Short,1.0,
2019-12-19 10:00:00,1.9,1.31001,True,Short,1.0,
2019-12-20 11:00:00,0.0,1.30401,True,Short,1.0,
2019-12-23 11:00:00,0.0,1.30096,True,Short,1.0,
2019-12-24 11:00:00,0.0,1.29295,True,Short,1.0,
2019-12-25 11:00:00,0.0,1.29527,True,Long,,1.0
2019-12-26 10:00:00,25.0,1.29891,True,Long,,1.0
2019-12-27 12:00:00,50.0,1.30684,True,Long,,1.0
2019-12-30 11:00:00,50.0,1.3118,True,Long,,1.0
2020-01-01 09:00:00,59.9,1.32578,True,Long,,1.0
2020-01-02 09:00:00,54.5,1.32193,True,Short,1.0,
2020-01-07 12:00:00,46.6,1.31602,True,Long,,1.0
2020-01-08 09:00:00,63.0,1.31522,True,Short,1.0,
2020-01-10 12:00:00,0.0,1.30559,True,Short,1.0,
2020-01-14 12:00:00,0.0,1.29849,True,Short,1.0,
2020-01-15 10:00:00,25.0,1.3017,True,Long,,1.0
2020-01-16 12:00:00,50.0,1.30613,True,Long,,1.0
2020-01-17 13:00:00,50.0,1.30361,True,Long,,1.0
2020-01-20 13:00:00,50.0,1.29969,True,Short,1.0,
2020-01-22 10:00:00,0.0,1.30533,True,Long,,1.0
2020-01-23 11:00:00,53.6,1.31318,True,Long,,1.0
2020-01-28 12:00:00,13.9,1.30143,True,Short,1.0,
2020-01-29 12:00:00,1.9,1.30136,True,Short,1.0,
2020-01-30 12:00:00,25.0,1.30088,True,Short,1.0,
2020-01-31 12:00:00,25.3,1.31025,True,Long,,1.0
2020-02-04 11:00:00,25.0,1.30159,True,Short,1.0,
2020-02-05 13:00:00,0.0,1.306,True,Long,,1.0
2020-02-06 09:00:00,50.0,1.29809,True,Short,1.0,
2020-02-07 12:00:00,0.0,1.29289,True,Short,1.0,
2020-02-10 11:00:00,0.0,1.29107,True,Short,1.0,
2020-02-11 12:00:00,0.0,1.29266,True,Short,1.0,
2020-02-14 12:00:00,50.0,1.303,True,Long,,1.0
2020-02-17 09:00:00,25.2,1.30364,True,Long,,1.0
2020-02-18 12:00:00,30.1,1.30288,True,Short,1.0,
2020-02-19 13:00:00,21.8,1.29869,True,Long,,1.0
2020-02-21 12:00:00,1.3,1.29094,True,Short,1.0,
2020-02-24 13:00:00,0.0,1.29038,True,Short,1.0,
2020-02-25 09:00:00,25.0,1.29539,True,Short,1.0,
2020-02-28 11:00:00,0.0,1.29043,True,Short,1.0,
2020-03-03 13:00:00,25.0,1.27867,True,Short,1.0,
2020-03-09 11:00:00,50.1,1.31325,True,Long,,1.0
2020-03-10 10:00:00,58.4,1.30587,True,Short,1.0,
2020-03-11 11:00:00,69.0,1.29594,True,Short,1.0,
2020-03-16 13:00:00,0.0,1.2331,True,Short,1.0,
2020-03-19 11:00:00,0.0,1.15285,True,Short,1.0,
2020-03-20 12:00:00,0.0,1.17915,True,Long,,1.0
2020-03-23 10:00:00,50.0,1.16265,True,Long,,1.0
2020-03-24 09:00:00,0.0,1.16424,True,Short,1.0,
2020-03-25 09:00:00,0.0,1.18381,True,Long,,1.0
2020-03-26 12:00:00,50.0,1.19421,True,Long,,1.0
2020-03-30 12:00:00,52.8,1.23861,True,Long,,1.0
2020-03-31 12:00:00,48.0,1.23102,True,Long,,1.0
2020-04-02 12:00:00,67.7,1.24237,True,Long,,1.0
2020-04-06 10:00:00,58.8,1.22468,True,Short,1.0,
2020-04-07 13:00:00,19.6,1.23137,True,Long,,1.0
2020-04-08 12:00:00,33.2,1.23046,True,Long,,1.0
2020-04-13 13:00:00,53.3,1.25067,True,Long,,1.0
2020-04-14 11:00:00,62.5,1.25606,True,Long,,1.0
2020-04-16 10:00:00,59.9,1.24986,True,Short,1.0,
2020-04-22 10:00:00,0.0,1.23022,True,Short,1.0,
2020-04-23 12:00:00,25.0,1.2351,True,Long,,1.0
2020-04-24 10:00:00,50.0,1.23227,True,Long,,1.0
2020-04-27 12:00:00,0.0,1.24333,True,Long,,1.0
2020-04-29 11:00:00,50.0,1.24595,True,Long,,1.0
2020-05-01 11:00:00,32.0,1.25558,True,Long,,1.0
2020-05-04 12:00:00,52.7,1.24324,True,Short,1.0,
2020-05-07 10:00:00,30.3,1.2382,True,Short,1.0,
2020-05-08 12:00:00,0.0,1.2394,True,Short,1.0,
2020-05-13 10:00:00,25.0,1.22921,True,Short,1.0,
2020-05-14 13:00:00,0.0,1.22234,True,Short,1.0,
2020-05-15 13:00:00,0.0,1.22063,True,Short,1.0,
2020-05-18 12:00:00,0.0,1.21044,True,Short,1.0,
2020-05-19 12:00:00,0.0,1.22511,True,Long,,1.0
2020-05-20 12:00:00,50.0,1.22455,True,Long,,1.0
2020-05-21 11:00:00,25.0,1.21912,True,Short,1.0,
2020-05-22 13:00:00,0.0,1.21721,True,Short,1.0,
2020-05-25 13:00:00,25.0,1.21863,True,Short,1.0,
2020-05-27 12:00:00,58.0,1.23022,True,Long,,1.0
2020-05-28 10:00:00,38.8,1.22675,True,Short,1.0,
2020-05-29 11:00:00,46.6,1.23203,True,Long,,1.0
2020-06-01 13:00:00,70.2,1.23895,True,Long,,1.0
2020-06-02 12:00:00,77.1,1.25522,True,Long,,1.0
2020-06-03 13:00:00,86.9,1.25959,True,Long,,1.0
2020-06-05 13:00:00,69.7,1.2632,True,Long,,1.0
2020-06-08 10:00:00,70.1,1.26888,True,Long,,1.0
2020-06-09 12:00:00,70.1,1.26409,True,Long,,1.0
2020-06-10 13:00:00,46.4,1.2752,True,Long,,1.0
2020-06-11 13:00:00,95.6,1.26927,True,Short,1.0,
2020-06-15 12:00:00,6.5,1.25417,True,Short,1.0,
2020-06-16 11:00:00,0.0,1.26214,True,Long,,1.0
2020-06-22 12:00:00,0.0,1.24266,True,Short,1.0,
2020-06-24 13:00:00,0.0,1.2511,True,Long,,1.0
2020-06-25 09:00:00,25.0,1.24162,True,Short,1.0,
2020-07-03 13:00:00,50.0,1.24502,True,Long,,1.0
2020-07-06 12:00:00,25.0,1.24903,True,Long,,1.0
2020-07-07 11:00:00,52.3,1.24884,True,Long,,1.0
2020-07-08 13:00:00,72.3,1.25257,True,Long,,1.0
2020-07-10 13:00:00,93.5,1.26096,True,Short,1.0,
2020-07-20 09:00:00,25.9,1.25395,True,Short,1.0,
2020-07-21 09:00:00,50.0,1.26786,True,Long,,1.0
2020-07-23 12:00:00,37.3,1.27186,True,Long,,1.0
2020-07-24 12:00:00,47.0,1.2728,True,Long,,1.0
2020-07-27 09:00:00,87.2,1.28256,True,Long,,1.0
2020-07-29 09:00:00,94.2,1.29212,True,Long,,1.0
2020-07-31 13:00:00,96.9,1.31359,True,Long,,1.0
2020-08-03 10:00:00,96.8,1.3062,True,Long,,1.0
2020-08-04 11:00:00,70.5,1.3083,True,Short,1.0,
2020-08-06 12:00:00,92.1,1.31604,True,Long,,1.0
2020-08-07 10:00:00,90.9,1.31104,True,Short,1.0,
2020-08-11 12:00:00,40.0,1.30876,True,Short,1.0,
2020-08-12 11:00:00,52.6,1.30494,True,Short,1.0,
2020-08-13 10:00:00,0.0,1.30667,True,Short,1.0,
2020-08-17 13:00:00,50.0,1.31151,True,Long,,1.0
2020-08-19 12:00:00,2.9,1.32429,True,Long,,1.0
2020-08-20 13:00:00,39.1,1.31168,True,Short,1.0,
2020-08-21 12:00:00,52.3,1.31993,True,Long,,1.0
2020-08-25 10:00:00,8.9,1.30865,True,Long,,1.0
2020-08-27 13:00:00,52.8,1.32074,True,Long,,1.0
2020-08-31 09:00:00,58.6,1.33428,True,Long,,1.0
2020-09-02 13:00:00,84.4,1.33636,True,Short,1.0,
2020-09-03 12:00:00,60.2,1.33166,True,Short,1.0,
2020-09-04 13:00:00,34.4,1.32974,True,Short,1.0,
2020-09-09 12:00:00,0.0,1.29387,True,Short,1.0,
2020-09-14 12:00:00,25.0,1.28464,True,Short,1.0,
2020-09-17 12:00:00,50.0,1.29598,True,Long,,1.0
2020-09-22 13:00:00,0.0,1.27871,True,Short,1.0,
2020-09-24 12:00:00,25.0,1.27366,True,Short,1.0,
2020-09-25 09:00:00,50.0,1.27535,True,Short,1.0,
2020-09-30 13:00:00,0.0,1.28319,True,Short,1.0,
2020-10-01 12:00:00,25.0,1.28241,True,Long,,1.0
2020-10-05 09:00:00,52.3,1.29347,True,Long,,1.0
2020-10-06 09:00:00,64.9,1.29839,True,Long,,1.0
2020-10-09 09:00:00,76.6,1.29492,True,Long,,1.0
2020-10-12 13:00:00,76.0,1.30272,True,Long,,1.0
2020-10-14 13:00:00,44.9,1.29367,True,Short,1.0,
2020-10-15 09:00:00,19.2,1.30185,True,Short,1.0,
2020-10-16 12:00:00,28.8,1.2932,True,Short,1.0,
2020-10-22 12:00:00,50.3,1.31068,True,Long,,1.0
2020-10-26 11:00:00,7.9,1.30492,True,Short,1.0,
2020-10-27 12:00:00,43.2,1.30361,True,Short,1.0,
2020-10-29 12:00:00,13.9,1.29871,True,Short,1.0,
2020-10-30 11:00:00,0.4,1.29564,True,Short,1.0,
2020-11-02 12:00:00,25.0,1.29212,True,Short,1.0,
2020-11-06 12:00:00,50.0,1.3148,True,Long,,1.0
2020-11-09 11:00:00,60.7,1.31278,True,Long,,1.0
2020-11-11 13:00:00,88.0,1.32694,True,Long,,1.0
2020-11-16 12:00:00,29.8,1.31828,True,Long,,1.0
2020-11-18 13:00:00,71.0,1.32784,True,Long,,1.0
2020-11-19 12:00:00,66.9,1.32434,True,Short,1.0,
2020-11-20 12:00:00,38.2,1.32623,True,Short,1.0,
2020-11-23 13:00:00,40.6,1.33716,True,Long,,1.0
2020-11-24 13:00:00,70.8,1.33375,True,Long,,1.0
2020-11-25 12:00:00,64.5,1.3313,True,Long,,1.0
2020-11-26 10:00:00,94.0,1.33581,True,Long,,1.0
2020-11-30 11:00:00,34.1,1.33369,True,Short,1.0,
2020-12-01 12:00:00,27.6,1.33537,True,Long,,1.0
2020-12-02 12:00:00,77.5,1.33539,True,Short,1.0,
2020-12-03 11:00:00,21.5,1.34014,True,Short,1.0,
2020-12-04 10:00:00,46.0,1.34191,True,Long,,1.0
2020-12-07 13:00:00,73.8,1.32571,True,Short,1.0,
2020-12-08 12:00:00,7.9,1.33511,True,Short,1.0,
2020-12-11 12:00:00,25.0,1.31979,True,Short,1.0,
2020-12-15 12:00:00,25.0,1.33244,True,Short,1.0,
2020-12-18 13:00:00,60.4,1.35325,True,Short,1.0,
2020-12-25 10:00:00,60.8,1.35408,True,Long,,1.0
2020-12-28 10:00:00,32.4,1.35523,True,Long,,1.0
2020-12-29 10:00:00,26.0,1.35056,True,Short,1.0,
2020-12-30 09:00:00,0.3,1.35322,True,Long,,1.0
2021-01-01 09:00:00,50.6,1.36632,True,Long,,1.0
2021-01-04 11:00:00,60.0,1.36726,True,Long,,1.0
2021-01-05 12:00:00,53.9,1.35851,True,Short,1.0,
2021-01-07 12:00:00,41.8,1.35686,True,Long,,1.0
2021-01-11 12:00:00,26.5,1.34962,True,Short,1.0,
2021-01-12 13:00:00,0.0,1.35865,True,Long,,1.0
2021-01-13 13:00:00,0.0,1.36693,True,Long,,1.0
2021-01-14 12:00:00,50.0,1.36518,True,Long,,1.0
2021-01-18 13:00:00,29.8,1.35487,True,Short,1.0,
2021-01-19 09:00:00,26.5,1.36031,True,Long,,1.0
2021-01-21 13:00:00,62.1,1.37189,True,Long,,1.0
2021-01-22 13:00:00,68.4,1.36679,True,Short,1.0,
2021-01-25 10:00:00,64.4,1.37002,True,Long,,1.0
2021-01-26 11:00:00,32.0,1.36583,True,Short,1.0,
2021-01-27 11:00:00,40.8,1.37346,True,Long,,1.0
2021-01-28 13:00:00,68.9,1.36479,True,Short,1.0,
2021-01-29 11:00:00,27.7,1.36666,True,Long,,1.0
2021-02-01 09:00:00,70.8,1.37358,True,Long,,1.0
2021-02-02 11:00:00,32.1,1.36869,True,Short,1.0,
2021-02-03 10:00:00,0.0,1.36587,True,Short,1.0,
2021-02-05 13:00:00,25.0,1.36887,True,Long,,1.0
2021-02-08 11:00:00,25.0,1.37064,True,Long,,1.0
2021-02-09 10:00:00,50.0,1.3775,True,Long,,1.0
2021-02-10 12:00:00,58.6,1.38406,True,Long,,1.0
2021-02-11 12:00:00,67.3,1.38208,True,Short,1.0,
2021-02-12 13:00:00,53.2,1.37821,True,Short,1.0,
2021-02-15 12:00:00,65.0,1.39053,True,Long,,1.0
2021-02-16 13:00:00,69.3,1.39252,True,Long,,1.0
2021-02-17 11:00:00,94.4,1.38842,True,Short,1.0,
2021-02-19 13:00:00,88.2,1.39953,True,Long,,1.0
2021-02-23 12:00:00,88.7,1.4084,True,Long,,1.0
2021-02-24 11:00:00,91.0,1.41621,True,Long,,1.0
2021-02-25 09:00:00,93.4,1.41485,True,Long,,1.0
2021-03-01 13:00:00,17.1,1.39397,True,Short,1.0,
2021-03-02 09:00:00,6.9,1.38786,True,Short,1.0,
2021-03-03 13:00:00,0.0,1.39523,True,Long,,1.0
2021-03-04 11:00:00,50.0,1.39285,True,Long,,1.0
2021-03-08 11:00:00,0.0,1.38307,True,Short,1.0,
2021-03-09 12:00:00,25.0,1.38793,True,Long,,1.0
2021-03-15 10:00:00,50.0,1.39428,True,Short,1.0,
2021-03-16 13:00:00,0.0,1.38619,True,Short,1.0,
2021-03-17 11:00:00,0.3,1.39,True,Long,,1.0
2021-03-18 11:00:00,58.1,1.39607,True,Long,,1.0
2021-03-19 13:00:00,65.2,1.39084,True,Long,,1.0
2021-03-22 11:00:00,0.8,1.38541,True,Short,1.0,
2021-03-24 11:00:00,25.0,1.37303,True,Short,1.0,
2021-03-25 11:00:00,0.0,1.37013,True,Short,1.0,
2021-03-26 13:00:00,0.0,1.37755,True,Long,,1.0
2021-03-30 13:00:00,25.0,1.37619,True,Short,1.0,
2021-03-31 09:00:00,0.0,1.37283,True,Short,1.0,
2021-04-02 11:00:00,50.0,1.38378,True,Long,,1.0
2021-04-06 11:00:00,81.9,1.388,True,Long,,1.0
2021-04-07 12:00:00,58.3,1.38305,True,Short,1.0,
2021-04-09 12:00:00,0.9,1.37123,True,Short,1.0,
2021-04-12 11:00:00,0.0,1.37278,True,Short,1.0,
2021-04-16 12:00:00,50.0,1.37562,True,Short,1.0,
2021-04-20 13:00:00,63.7,1.39843,True,Long,,1.0
2021-04-21 13:00:00,82.5,1.39346,True,Short,1.0,
2021-04-23 12:00:00,33.8,1.38749,True,Short,1.0,
2021-04-28 09:00:00,37.6,1.38814,True,Short,1.0,
2021-04-29 13:00:00,54.7,1.39398,True,Long,,1.0
2021-05-03 12:00:00,0.0,1.38561,True,Short,1.0,
2021-05-04 12:00:00,0.0,1.38693,True,Long,,1.0
2021-05-05 09:00:00,25.0,1.39023,True,Long,,1.0
2021-05-07 09:00:00,25.0,1.3906,True,Long,,1.0
2021-05-11 10:00:00,62.5,1.41103,True,Long,,1.0
2021-05-12 13:00:00,73.4,1.41351,True,Long,,1.0
2021-05-14 12:00:00,36.6,1.4066,True,Short,1.0,
2021-05-17 09:00:00,32.6,1.40848,True,Long,,1.0
2021-05-18 09:00:00,31.4,1.41652,True,Long,,1.0
2021-05-25 13:00:00,41.1,1.41795,True,Long,,1.0
2021-05-26 13:00:00,73.6,1.41705,True,Short,1.0,
2021-05-27 12:00:00,36.4,1.41158,True,Short,1.0,
2021-05-28 11:00:00,28.7,1.41891,True,Long,,1.0
2021-05-31 12:00:00,25.9,1.41961,True,Short,1.0,
2021-06-03 13:00:00,2.2,1.41872,True,Short,1.0,
2021-06-04 11:00:00,25.2,1.41146,True,Short,1.0,
2021-06-07 10:00:00,0.0,1.41188,True,Long,,1.0
2021-06-08 12:00:00,25.0,1.41419,True,Long,,1.0
2021-06-10 13:00:00,25.0,1.40979,True,Short,1.0,
2021-06-11 11:00:00,0.0,1.41671,True,Long,,1.0
2021-06-17 13:00:00,25.0,1.39737,True,Short,1.0,
2021-06-18 13:00:00,25.0,1.3902,True,Short,1.0,
2021-06-21 09:00:00,25.0,1.38094,True,Short,1.0,
2021-06-22 09:00:00,25.0,1.38938,True,Long,,1.0
2021-06-23 13:00:00,50.0,1.39595,True,Long,,1.0
2021-06-30 09:00:00,0.0,1.3846,True,Short,1.0,
2021-07-02 13:00:00,0.0,1.37495,True,Short,1.0,
2021-07-06 12:00:00,50.0,1.38557,True,Long,,1.0
2021-07-07 09:00:00,25.0,1.38111,True,Short,1.0,
2021-07-08 13:00:00,0.0,1.37798,True,Short,1.0,
2021-07-12 13:00:00,25.0,1.38593,True,Long,,1.0
2021-07-13 09:00:00,27.1,1.3882,True,Long,,1.0
2021-07-14 10:00:00,32.3,1.38461,True,Short,1.0,
2021-07-15 13:00:00,35.6,1.3836,True,Short,1.0,
2021-07-16 13:00:00,53.6,1.38276,True,Short,1.0,
2021-07-20 13:00:00,25.0,1.36488,True,Short,1.0,
2021-07-21 12:00:00,0.0,1.36281,True,Short,1.0,
2021-07-22 13:00:00,25.0,1.37494,True,Long,,1.0
2021-07-27 09:00:00,50.0,1.3824,True,Long,,1.0
2021-07-28 13:00:00,50.1,1.38744,True,Long,,1.0
2021-08-03 12:00:00,41.1,1.39128,True,Short,1.0,
2021-08-04 09:00:00,87.2,1.39256,True,Long,,1.0
2021-08-05 12:00:00,79.3,1.39149,True,Short,1.0,
2021-08-10 12:00:00,0.0,1.38641,True,Short,1.0,
2021-08-12 10:00:00,25.0,1.38584,True,Long,,1.0
2021-08-17 13:00:00,50.0,1.38009,True,Short,1.0,
2021-08-18 12:00:00,25.0,1.37569,True,Short,1.0,
2021-08-20 13:00:00,0.0,1.36177,True,Short,1.0,
2021-08-23 12:00:00,25.0,1.36536,True,Long,,1.0
2021-08-24 12:00:00,50.0,1.37081,True,Long,,1.0
2021-08-25 11:00:00,50.0,1.37184,True,Long,,1.0
2021-08-26 10:00:00,50.0,1.37414,True,Long,,1.0
2021-08-30 09:00:00,25.0,1.37656,True,Long,,1.0
2021-08-31 12:00:00,32.1,1.37691,True,Long,,1.0
2021-09-01 11:00:00,69.5,1.37562,True,Short,1.0,
2021-09-02 11:00:00,34.7,1.37887,True,Short,1.0,
2021-09-06 11:00:00,84.9,1.38394,True,Long,,1.0
2021-09-09 10:00:00,18.6,1.37668,True,Short,1.0,
2021-09-13 13:00:00,35.5,1.38228,True,Short,1.0,
2021-09-14 13:00:00,7.7,1.38622,True,Long,,1.0
2021-09-16 12:00:00,0.0,1.38221,True,Short,1.0,
2021-09-21 13:00:00,0.0,1.36892,True,Short,1.0,
2021-09-23 12:00:00,25.0,1.36545,True,Short,1.0,
2021-09-24 12:00:00,25.0,1.37169,True,Long,,1.0
2021-09-27 09:00:00,50.0,1.36788,True,Short,1.0,
2021-09-30 13:00:00,0.0,1.34552,True,Short,1.0,
2021-10-07 11:00:00,25.0,1.35816,True,Short,1.0,
2021-10-11 12:00:00,54.2,1.36471,True,Long,,1.0
2021-10-13 13:00:00,29.9,1.36304,True,Short,1.0,
2021-10-14 09:00:00,50.6,1.36663,True,Long,,1.0
2021-10-20 10:00:00,90.2,1.3782,True,Long,,1.0
2021-10-21 09:00:00,91.4,1.38079,True,Long,,1.0
2021-10-25 12:00:00,39.1,1.37704,True,Short,1.0,
2021-10-26 11:00:00,56.0,1.37704,True,Short,1.0,
2021-10-27 09:00:00,74.1,1.37601,True,Long,,1.0
2021-10-28 12:00:00,4.3,1.37498,True,Short,1.0,
2021-10-29 10:00:00,50.0,1.37798,True,Long,,1.0
2021-11-01 11:00:00,25.0,1.36562,True,Short,1.0,
2021-11-03 12:00:00,0.0,1.36238,True,Short,1.0,
2021-11-04 11:00:00,50.0,1.36283,True,Long,,1.0
2021-11-08 12:00:00,0.0,1.34898,True,Short,1.0,
2021-11-09 09:00:00,50.0,1.3566,True,Long,,1.0
2021-11-10 11:00:00,25.0,1.3535,True,Long,,1.0
2021-11-11 12:00:00,25.0,1.33864,True,Short,1.0,
2021-11-15 09:00:00,0.0,1.34262,True,Long,,1.0
2021-11-16 12:00:00,50.0,1.34435,True,Long,,1.0
2021-11-18 11:00:00,25.0,1.34923,True,Long,,1.0
2021-11-22 12:00:00,0.0,1.34384,True,Short,1.0,
2021-11-24 13:00:00,0.4,1.33704,True,Short,1.0,
2021-11-25 09:00:00,0.0,1.33489,True,Short,1.0,
2021-11-26 12:00:00,0.0,1.33182,True,Short,1.0,
2021-11-29 09:00:00,25.0,1.33293,True,Long,,1.0
2021-11-30 10:00:00,25.0,1.33506,True,Short,1.0,
2021-12-01 13:00:00,25.0,1.33219,True,Short,1.0,
2021-12-02 11:00:00,0.0,1.33211,True,Short,1.0,
2021-12-03 12:00:00,0.0,1.32813,True,Short,1.0,
2021-12-06 11:00:00,0.0,1.3259,True,Short,1.0,
2021-12-10 10:00:00,25.0,1.32,True,Long,,1.0
2021-12-14 12:00:00,25.0,1.3236,True,Short,1.0,
2021-12-15 12:00:00,25.0,1.32612,True,Long,,1.0
2021-12-16 09:00:00,25.0,1.32643,True,Short,1.0,
2021-12-17 10:00:00,29.3,1.33231,True,Long,,1.0
2021-12-20 13:00:00,5.2,1.3203,True,Short,1.0,
2021-12-24 11:00:00,67.9,1.34096,True,Long,,1.0
2021-12-27 12:00:00,28.5,1.34063,True,Long,,1.0
2021-12-28 09:00:00,30.7,1.34321,True,Long,,1.0
2021-12-29 12:00:00,84.1,1.34248,True,Long,,1.0
2021-12-31 12:00:00,94.2,1.34969,True,Long,,1.0
2022-01-03 13:00:00,93.5,1.35101,True,Long,,1.0
2022-01-04 10:00:00,64.2,1.34911,True,Short,1.0,
2022-01-05 12:00:00,90.0,1.35325,True,Long,,1.0
2022-01-06 12:00:00,90.6,1.3529,True,Short,1.0,
2022-01-07 12:00:00,38.4,1.35438,True,Short,1.0,
2022-01-10 13:00:00,62.6,1.3582,True,Long,,1.0
2022-01-11 09:00:00,86.9,1.35972,True,Long,,1.0
2022-01-14 09:00:00,89.8,1.3725,True,Long,,1.0
2022-01-17 10:00:00,42.9,1.36769,True,Short,1.0,
2022-01-20 12:00:00,34.4,1.3617,True,Long,,1.0
2022-01-21 12:00:00,50.5,1.35669,True,Short,1.0,
2022-01-25 11:00:00,0.0,1.3482,True,Short,1.0,
2022-01-27 12:00:00,0.0,1.34059,True,Short,1.0,
2022-01-28 13:00:00,0.0,1.33892,True,Short,1.0,
2022-01-31 13:00:00,25.0,1.34036,True,Long,,1.0
2022-02-14 09:00:00,12.2,1.35385,True,Long,,1.0
2022-02-15 13:00:00,0.0,1.35387,True,Long,,1.0
2022-02-18 12:00:00,64.6,1.36114,True,Long,,1.0
2022-02-23 12:00:00,18.3,1.36017,True,Long,,1.0
2022-02-28 12:00:00,0.0,1.34103,True,Short,1.0,
2022-03-02 11:00:00,25.0,1.33076,True,Short,1.0,
2022-03-03 11:00:00,25.0,1.33806,True,Long,,1.0
2022-03-04 09:00:00,0.0,1.33231,True,Long,,1.0
2022-03-08 11:00:00,0.0,1.31205,True,Short,1.0,
2022-03-10 12:00:00,0.0,1.31593,True,Long,,1.0
2022-03-11 12:00:00,25.0,1.30843,True,Short,1.0,
2022-03-15 12:00:00,0.0,1.30341,True,Short,1.0,
2022-03-16 11:00:00,25.0,1.30599,True,Short,1.0,
2022-03-17 12:00:00,25.0,1.31844,True,Long,,1.0
2022-03-18 10:00:00,50.0,1.31474,True,Long,,1.0
2022-03-21 12:00:00,50.9,1.31349,True,Long,,1.0
2022-03-22 11:00:00,54.6,1.3185,True,Short,1.0,
2022-03-24 13:00:00,83.4,1.32021,True,Short,1.0,
2022-03-28 12:00:00,78.4,1.31625,True,Short,1.0,
2022-03-30 11:00:00,0.0,1.31265,True,Short,1.0,
2022-03-31 13:00:00,25.0,1.31213,True,Long,,1.0
2022-04-01 11:00:00,25.0,1.31227,True,Long,,1.0
2022-04-05 10:00:00,25.0,1.31352,True,Short,1.0,
2022-04-06 12:00:00,50.0,1.30969,True,Short,1.0,
2022-04-08 13:00:00,25.0,1.30422,True,Short,1.0,
2022-04-11 12:00:00,0.0,1.30284,True,Short,1.0,
2022-04-12 11:00:00,50.0,1.30146,True,Long,,1.0
2022-04-13 13:00:00,25.0,1.30117,True,Short,1.0,
2022-04-14 12:00:00,0.0,1.31351,True,Long,,1.0
2022-04-15 13:00:00,50.0,1.30667,True,Long,,1.0
2022-04-18 10:00:00,50.0,1.30217,True,Short,1.0,
2022-04-19 11:00:00,25.0,1.30145,True,Short,1.0,
2022-04-20 09:00:00,0.0,1.30295,True,Long,,1.0
2022-04-21 13:00:00,25.0,1.30629,True,Long,,1.0
2022-04-22 09:00:00,50.2,1.30244,True,Short,1.0,
2022-04-25 12:00:00,25.0,1.27465,True,Short,1.0,
2022-04-28 11:00:00,0.0,1.25558,True,Short,1.0,
2022-05-03 12:00:00,25.0,1.25404,True,Short,1.0,
2022-05-04 12:00:00,0.0,1.25148,True,Short,1.0,
2022-05-06 12:00:00,25.0,1.23399,True,Short,1.0,
2022-05-09 12:00:00,0.0,1.22702,True,Short,1.0,
2022-05-10 11:00:00,25.0,1.2317,True,Long,,1.0
2022-05-16 11:00:00,0.0,1.22188,True,Long,,1.0
2022-05-19 13:00:00,51.3,1.2398,True,Short,1.0,
2022-05-20 12:00:00,60.0,1.24864,True,Long,,1.0
2022-05-31 12:00:00,88.3,1.26121,True,Short,1.0,
2022-06-01 11:00:00,61.5,1.25943,True,Short,1.0,
2022-06-02 11:00:00,38.7,1.2528,True,Short,1.0,
2022-06-03 13:00:00,53.1,1.25744,True,Long,,1.0
2022-06-06 12:00:00,25.0,1.25725,True,Short,1.0,
2022-06-07 12:00:00,25.0,1.24941,True,Short,1.0,
2022-06-08 12:00:00,25.0,1.25214,True,Long,,1.0
2022-06-09 09:00:00,50.0,1.25218,True,Long,,1.0
2022-06-15 11:00:00,0.0,1.20318,True,Short,1.0,
2022-06-20 13:00:00,50.0,1.22455,True,Short,1.0,
2022-06-22 13:00:00,50.0,1.22529,True,Short,1.0,
2022-06-23 11:00:00,0.0,1.21755,True,Long,,1.0
2022-06-24 11:00:00,32.0,1.22674,True,Long,,1.0
2022-06-27 13:00:00,74.3,1.22786,True,Long,,1.0
2022-06-28 12:00:00,72.1,1.22837,True,Long,,1.0
2022-07-01 10:00:00,0.0,1.21231,True,Short,1.0,
2022-07-04 09:00:00,0.0,1.21005,True,Short,1.0,
2022-07-06 12:00:00,0.0,1.19594,True,Short,1.0,
2022-07-14 13:00:00,25.0,1.18694,True,Short,1.0,
2022-07-15 13:00:00,25.0,1.18347,True,Short,1.0,
2022-07-20 10:00:00,50.0,1.20082,True,Long,,1.0
2022-07-22 13:00:00,29.0,1.19519,True,Short,1.0,
2022-07-27 13:00:00,83.5,1.20697,True,Short,1.0,
2022-07-29 13:00:00,85.7,1.21498,True,Long,,1.0
2022-08-01 11:00:00,61.1,1.21964,True,Short,1.0,
2022-08-03 12:00:00,67.4,1.21778,True,Short,1.0,
2022-08-04 12:00:00,35.4,1.21646,True,Short,1.0,
2022-08-05 12:00:00,50.5,1.2144,True,Short,1.0,
2022-08-08 12:00:00,4.9,1.20849,True,Short,1.0,
2022-08-09 13:00:00,25.0,1.21254,True,Short,1.0,
2022-08-10 12:00:00,0.0,1.20946,True,Short,1.0,
2022-08-12 12:00:00,25.0,1.21783,True,Long,,1.0
2022-08-16 13:00:00,0.0,1.2022,True,Short,1.0,
2022-08-17 12:00:00,0.0,1.21029,True,Long,,1.0
2022-08-18 12:00:00,50.0,1.20471,True,Short,1.0,
2022-08-19 10:00:00,25.0,1.19044,True,Short,1.0,
2022-08-23 12:00:00,0.0,1.17771,True,Short,1.0,
2022-08-24 13:00:00,25.0,1.18056,True,Long,,1.0
2022-08-25 13:00:00,50.0,1.18344,True,Long,,1.0
2022-08-26 09:00:00,25.0,1.18033,True,Long,,1.0
2022-08-29 11:00:00,50.0,1.16725,True,Short,1.0,
2022-08-30 12:00:00,0.0,1.17377,True,Short,1.0,
2022-09-01 10:00:00,0.0,1.15897,True,Short,1.0,
2022-09-02 12:00:00,0.0,1.15547,True,Short,1.0,
2022-09-05 12:00:00,0.0,1.14898,True,Short,1.0,
2022-09-06 12:00:00,0.0,1.15735,True,Long,,1.0
2022-09-07 09:00:00,50.0,1.14794,True,Short,1.0,
2022-09-08 12:00:00,25.0,1.14952,True,Long,,1.0
2022-09-14 12:00:00,54.5,1.15375,True,Short,1.0,
2022-09-15 13:00:00,7.1,1.15136,True,Long,,1.0
2022-09-16 13:00:00,1.5,1.13771,True,Short,1.0,
2022-09-20 09:00:00,25.0,1.14245,True,Long,,1.0
2022-09-21 12:00:00,50.0,1.13292,True,Short,1.0,
2022-09-22 13:00:00,25.0,1.12912,True,Short,1.0,
2022-09-27 11:00:00,25.0,1.08035,True,Short,1.0,
2022-09-29 12:00:00,25.0,1.07976,True,Long,,1.0
2022-10-03 11:00:00,50.0,1.12061,True,Long,,1.0
2022-10-04 13:00:00,50.0,1.13639,True,Long,,1.0
2022-10-05 12:00:00,54.2,1.14218,True,Long,,1.0
2022-10-07 12:00:00,37.1,1.11923,True,Short,1.0,
2022-10-10 11:00:00,27.0,1.10721,True,Short,1.0,
2022-10-11 12:00:00,12.8,1.10435,True,Short,1.0,
2022-10-12 13:00:00,25.3,1.10668,True,Short,1.0,
2022-10-14 12:00:00,50.0,1.12743,True,Long,,1.0
2022-10-17 12:00:00,50.0,1.12664,True,Long,,1.0
2022-10-18 10:00:00,50.0,1.13496,True,Long,,1.0
2022-10-20 09:00:00,20.2,1.12153,True,Short,1.0,
2022-10-21 09:00:00,24.9,1.12003,True,Long,,1.0
2022-10-24 12:00:00,44.5,1.13252,True,Long,,1.0
2022-10-26 09:00:00,62.6,1.14549,True,Long,,1.0
2022-10-27 11:00:00,64.8,1.15921,True,Long,,1.0
2022-11-01 11:00:00,34.5,1.15337,True,Short,1.0,
2022-11-02 11:00:00,33.3,1.14976,True,Short,1.0,
2022-11-04 11:00:00,25.1,1.12187,True,Short,1.0,
2022-11-07 09:00:00,0.0,1.13026,True,Long,,1.0
2022-11-08 13:00:00,50.0,1.14648,True,Long,,1.0
2022-11-09 12:00:00,50.0,1.14361,True,Long,,1.0
2022-11-10 13:00:00,0.0,1.13736,True,Short,1.0,
2022-11-14 12:00:00,63.4,1.17615,True,Long,,1.0
2022-11-16 11:00:00,88.8,1.18952,True,Long,,1.0
2022-11-17 12:00:00,68.3,1.18671,True,Long,,1.0
2022-11-18 10:00:00,65.5,1.19061,True,Short,1.0,
2022-11-21 13:00:00,61.9,1.18086,True,Short,1.0,
2022-11-22 11:00:00,29.6,1.18593,True,Short,1.0,
2022-11-24 09:00:00,73.3,1.20816,True,Long,,1.0
2022-11-25 11:00:00,77.0,1.20799,True,Long,,1.0
2022-11-29 13:00:00,25.3,1.20257,True,Short,1.0,
2022-11-30 10:00:00,46.3,1.19876,True,Short,1.0,
2022-12-02 12:00:00,48.5,1.22745,True,Long,,1.0
2022-12-06 11:00:00,73.5,1.21771,True,Short,1.0,
2022-12-07 10:00:00,40.4,1.21518,True,Short,1.0,
2022-12-08 09:00:00,15.7,1.22012,True,Short,1.0,
2022-12-13 11:00:00,43.5,1.22673,True,Long,,1.0
2022-12-15 13:00:00,64.4,1.23307,True,Short,1.0,
2022-12-16 13:00:00,36.8,1.21906,True,Short,1.0,
2022-12-19 09:00:00,55.4,1.219,True,Short,1.0,
2022-12-20 09:00:00,0.3,1.21449,True,Short,1.0,
2022-12-23 10:00:00,0.0,1.20535,True,Short,1.0,
2022-12-26 12:00:00,25.0,1.20667,True,Short,1.0,
2022-12-27 11:00:00,25.0,1.20615,True,Long,,1.0
2022-12-29 09:00:00,25.0,1.2034,True,Long,,1.0
2022-12-30 12:00:00,25.0,1.20465,True,Long,,1.0
2023-01-02 12:00:00,25.0,1.20505,True,Long,,1.0
2023-01-03 13:00:00,25.0,1.1931,True,Short,1.0,
2023-01-04 10:00:00,0.0,1.20443,True,Short,1.0,
2023-01-05 11:00:00,25.0,1.20302,True,Short,1.0,
2023-01-09 13:00:00,0.0,1.21434,True,Long,,1.0
2023-01-10 09:00:00,25.6,1.21492,True,Long,,1.0
2023-01-13 12:00:00,43.4,1.22305,True,Long,,1.0
2023-01-19 12:00:00,61.6,1.23362,True,Long,,1.0
2023-01-20 10:00:00,65.9,1.2354,True,Long,,1.0
2023-01-23 11:00:00,66.9,1.24063,True,Long,,1.0
2023-01-24 12:00:00,69.3,1.23177,True,Long,,1.0
2023-01-25 11:00:00,38.0,1.231,True,Short,1.0,
2023-01-26 12:00:00,82.0,1.23951,True,Long,,1.0
2023-01-27 13:00:00,78.4,1.23697,True,Long,,1.0
2023-01-31 12:00:00,7.2,1.23133,True,Short,1.0,
2023-02-01 11:00:00,0.0,1.23165,True,Short,1.0,
2023-02-02 10:00:00,0.0,1.23704,True,Long,,1.0
2023-02-03 12:00:00,0.0,1.22561,True,Short,1.0,
2023-02-07 12:00:00,0.0,1.19951,True,Short,1.0,
2023-02-08 13:00:00,25.0,1.20924,True,Long,,1.0
2023-02-10 12:00:00,50.0,1.21124,True,Long,,1.0
2023-02-16 10:00:00,25.0,1.20499,True,Short,1.0,
2023-02-17 12:00:00,0.4,1.19402,True,Short,1.0,
2023-02-20 12:00:00,0.0,1.20212,True,Long,,1.0
2023-02-21 13:00:00,25.0,1.20877,True,Long,,1.0
2023-02-22 11:00:00,25.0,1.20772,True,Long,,1.0
2023-02-23 09:00:00,25.0,1.20603,True,Short,1.0,
2023-02-24 12:00:00,0.0,1.20233,True,Short,1.0,
2023-02-27 10:00:00,0.0,1.19524,True,Short,1.0,
2023-03-02 12:00:00,0.3,1.19592,True,Short,1.0,
2023-03-06 12:00:00,50.0,1.20279,True,Long,,1.0
2023-03-07 11:00:00,50.0,1.20119,True,Long,,1.0
2023-03-08 12:00:00,50.0,1.18326,True,Short,1.0,
2023-03-10 13:00:00,25.0,1.19752,True,Long,,1.0
2023-03-14 11:00:00,50.1,1.21545,True,Long,,1.0
2023-03-17 11:00:00,40.6,1.21303,True,Long,,1.0
2023-03-21 10:00:00,87.8,1.22327,True,Long,,1.0
2023-03-23 11:00:00,85.4,1.23205,True,Long,,1.0
2023-03-24 09:00:00,84.9,1.22709,True,Long,,1.0
2023-03-28 09:00:00,80.4,1.2315,True,Long,,1.0
2023-03-31 13:00:00,57.8,1.23674,True,Long,,1.0
2023-04-03 12:00:00,51.9,1.23324,True,Short,1.0,
2023-04-05 13:00:00,82.4,1.24817,True,Long,,1.0
2023-04-07 09:00:00,39.8,1.24375,True,Short,1.0,
2023-04-10 12:00:00,56.7,1.24283,True,Short,1.0,
2023-04-12 09:00:00,38.3,1.24425,True,Short,1.0,
2023-04-14 09:00:00,61.9,1.254,True,Long,,1.0
2023-04-19 13:00:00,25.0,1.24138,True,Long,,1.0
2023-04-20 12:00:00,50.0,1.24433,True,Long,,1.0
2023-04-25 12:00:00,25.0,1.2474,True,Long,,1.0
2023-04-27 11:00:00,50.0,1.24622,True,Long,,1.0
2023-05-01 09:00:00,77.1,1.25527,True,Long,,1.0
2023-05-03 12:00:00,21.1,1.25207,True,Short,1.0,
2023-05-04 12:00:00,25.1,1.25583,True,Long,,1.0
2023-05-05 09:00:00,54.4,1.26011,True,Long,,1.0
2023-05-08 12:00:00,82.1,1.26374,True,Long,,1.0
2023-05-10 11:00:00,60.1,1.26225,True,Short,1.0,
2023-05-11 13:00:00,83.3,1.25829,True,Short,1.0,
2023-05-12 09:00:00,16.8,1.25168,True,Short,1.0,
2023-05-16 09:00:00,0.0,1.25099,True,Long,,1.0
2023-05-17 13:00:00,50.0,1.24417,True,Short,1.0,
2023-05-24 12:00:00,0.0,1.24221,True,Long,,1.0
2023-05-25 09:00:00,25.0,1.23461,True,Short,1.0,
2023-05-29 12:00:00,50.0,1.23463,True,Long,,1.0
2023-05-30 12:00:00,25.0,1.2376,True,Short,1.0,
2023-05-31 11:00:00,25.0,1.23608,True,Long,,1.0
2023-06-02 09:00:00,25.0,1.25362,True,Long,,1.0
2023-06-05 13:00:00,60.9,1.23954,True,Short,1.0,
2023-06-06 11:00:00,41.5,1.24331,True,Long,,1.0
2023-06-07 10:00:00,47.1,1.24053,True,Long,,1.0
2023-06-08 11:00:00,69.8,1.24564,True,Long,,1.0
2023-06-09 12:00:00,70.0,1.25419,True,Long,,1.0
2023-06-16 12:00:00,90.2,1.27955,True,Long,,1.0
2023-06-19 13:00:00,94.6,1.28048,True,Long,,1.0
2023-06-20 13:00:00,70.3,1.27665,True,Short,1.0,
2023-06-22 13:00:00,36.5,1.27753,True,Short,1.0,
2023-06-23 10:00:00,57.0,1.27182,True,Short,1.0,
2023-06-26 13:00:00,42.5,1.27309,True,Long,,1.0
2023-06-27 12:00:00,28.8,1.27372,True,Long,,1.0
2023-06-29 11:00:00,0.0,1.26454,True,Short,1.0,
2023-06-30 12:00:00,0.0,1.26145,True,Short,1.0,
2023-07-03 10:00:00,50.0,1.26874,True,Long,,1.0
2023-07-04 12:00:00,50.0,1.2696,True,Long,,1.0
2023-07-05 13:00:00,50.0,1.27141,True,Long,,1.0
2023-07-07 12:00:00,25.0,1.27343,True,Long,,1.0
2023-07-10 13:00:00,60.6,1.28072,True,Long,,1.0
2023-07-11 12:00:00,76.0,1.28854,True,Long,,1.0
2023-07-13 09:00:00,93.2,1.29887,True,Long,,1.0
2023-07-14 09:00:00,92.4,1.31181,True,Long,,1.0
2023-07-17 12:00:00,95.9,1.30936,True,Short,1.0,
2023-07-18 12:00:00,46.2,1.30783,True,Short,1.0,
2023-07-20 13:00:00,51.7,1.29132,True,Short,1.0,
2023-07-25 11:00:00,0.0,1.28568,True,Short,1.0,
2023-07-28 10:00:00,50.0,1.27874,True,Short,1.0,
2023-07-31 11:00:00,25.0,1.2856,True,Short,1.0,
2023-08-02 09:00:00,0.0,1.27716,True,Short,1.0,
2023-08-04 09:00:00,0.0,1.27235,True,Long,,1.0
2023-08-07 13:00:00,25.0,1.272,True,Long,,1.0
2023-08-08 12:00:00,25.0,1.27527,True,Long,,1.0
2023-08-09 13:00:00,0.0,1.27319,True,Long,,1.0
2023-08-11 11:00:00,50.0,1.27048,True,Short,1.0,
2023-08-14 13:00:00,0.0,1.26962,True,Short,1.0,
2023-08-15 12:00:00,0.0,1.27116,True,Short,1.0,
2023-08-17 13:00:00,50.0,1.27211,True,Long,,1.0
2023-08-22 09:00:00,27.2,1.27695,True,Long,,1.0
2023-08-25 10:00:00,0.0,1.25688,True,Short,1.0,
2023-08-29 09:00:00,25.0,1.26226,True,Long,,1.0
2023-09-01 13:00:00,50.0,1.26775,True,Long,,1.0
2023-09-13 13:00:00,25.0,1.24633,True,Short,1.0,
2023-09-15 13:00:00,0.0,1.24306,True,Short,1.0,
2023-09-18 10:00:00,0.0,1.23877,True,Short,1.0,
2023-09-19 12:00:00,0.0,1.23759,True,Short,1.0,
2023-09-20 12:00:00,25.0,1.23684,True,Short,1.0,
2023-09-26 09:00:00,0.0,1.21959,True,Short,1.0,
2023-09-27 11:00:00,0.0,1.21477,True,Short,1.0,
2023-10-02 11:00:00,50.0,1.21939,True,Short,1.0,
2023-10-03 10:00:00,25.0,1.20842,True,Short,1.0,
2023-10-04 09:00:00,0.0,1.20753,True,Short,1.0,
2023-10-05 09:00:00,25.0,1.21541,True,Long,,1.0
2023-10-09 12:00:00,25.0,1.21776,True,Long,,1.0
2023-10-11 13:00:00,58.4,1.22847,True,Long,,1.0
2023-10-12 12:00:00,65.4,1.22956,True,Long,,1.0
2023-10-13 12:00:00,24.4,1.22133,True,Short,1.0,
2023-10-20 12:00:00,0.0,1.21234,True,Short,1.0,
2023-10-23 10:00:00,25.0,1.21575,True,Short,1.0,
2023-10-24 13:00:00,25.0,1.22403,True,Long,,1.0
2023-10-26 12:00:00,25.0,1.20789,True,Short,1.0,
2023-10-27 11:00:00,0.0,1.21186,True,Long,,1.0
2023-10-30 12:00:00,50.0,1.21227,True,Short,1.0,
2023-11-01 11:00:00,25.0,1.21387,True,Long,,1.0
2023-11-08 13:00:00,85.4,1.22673,True,Short,1.0,
2023-11-09 12:00:00,32.3,1.22736,True,Short,1.0,
2023-11-15 11:00:00,55.2,1.24624,True,Long,,1.0
2023-11-16 12:00:00,55.7,1.2406,True,Short,1.0,
2023-11-17 11:00:00,4.4,1.24094,True,Short,1.0,
2023-11-20 13:00:00,19.9,1.24706,True,Long,,1.0
2023-11-23 13:00:00,38.6,1.25564,True,Long,,1.0
2023-11-24 09:00:00,61.9,1.25321,True,Long,,1.0
2023-11-27 11:00:00,84.9,1.26083,True,Long,,1.0
2023-11-28 10:00:00,86.2,1.26263,True,Long,,1.0
2023-11-29 10:00:00,69.3,1.2697,True,Long,,1.0
2023-12-01 11:00:00,41.4,1.26678,True,Short,1.0,
2023-12-04 10:00:00,87.7,1.26704,True,Long,,1.0
2023-12-05 11:00:00,55.1,1.26311,True,Short,1.0,
2023-12-06 12:00:00,16.4,1.26008,True,Short,1.0,
2023-12-07 09:00:00,1.8,1.25807,True,Short,1.0,
2023-12-12 11:00:00,25.0,1.25651,True,Long,,1.0
2023-12-21 13:00:00,47.6,1.26657,True,Short,1.0,
2023-12-25 11:00:00,40.4,1.26828,True,Long,,1.0
2023-12-27 11:00:00,26.6,1.27198,True,Long,,1.0
2023-12-28 11:00:00,26.9,1.27941,True,Long,,1.0
2023-12-29 13:00:00,72.1,1.27452,True,Short,1.0,
2024-01-01 09:00:00,25.6,1.27305,True,Short,1.0,
2024-01-03 11:00:00,28.9,1.26277,True,Short,1.0,
2024-01-08 11:00:00,25.0,1.26947,True,Long,,1.0
2024-01-09 11:00:00,50.0,1.2734,True,Long,,1.0
2024-01-10 10:00:00,50.0,1.27143,True,Short,1.0,
2024-01-11 10:00:00,25.0,1.27618,True,Long,,1.0
2024-01-17 10:00:00,0.8,1.26517,True,Short,1.0,
2024-01-18 10:00:00,25.0,1.2688,True,Long,,1.0
2024-01-22 10:00:00,50.0,1.26932,True,Long,,1.0
2024-01-23 11:00:00,50.0,1.2728,True,Long,,1.0
2024-01-24 13:00:00,25.0,1.274,True,Long,,1.0
2024-01-26 11:00:00,0.3,1.27141,True,Short,1.0,
2024-01-29 11:00:00,62.6,1.27032,True,Long,,1.0
2024-01-30 13:00:00,14.7,1.26774,True,Short,1.0,
2024-01-31 11:00:00,26.0,1.26696,True,Short,1.0,
2024-02-01 11:00:00,50.0,1.26557,True,Short,1.0,
2024-02-08 11:00:00,25.0,1.26302,True,Long,,1.0
2024-02-12 11:00:00,50.0,1.26209,True,Long,,1.0
2024-02-13 11:00:00,25.0,1.26543,True,Long,,1.0
2024-02-15 12:00:00,0.0,1.25562,True,Short,1.0,
2024-02-16 11:00:00,25.0,1.25853,True,Long,,1.0
2024-02-19 11:00:00,50.0,1.26143,True,Long,,1.0
2024-02-22 12:00:00,50.0,1.26791,True,Long,,1.0
2024-02-23 12:00:00,53.8,1.26735,True,Long,,1.0
2024-02-27 12:00:00,65.8,1.26827,True,Long,,1.0
2024-02-29 11:00:00,35.9,1.26661,True,Short,1.0,
2024-03-01 09:00:00,47.9,1.26311,True,Short,1.0,
2024-03-04 12:00:00,10.1,1.26749,True,Long,,1.0
2024-03-06 13:00:00,55.7,1.27229,True,Long,,1.0
2024-03-11 11:00:00,81.8,1.28421,True,Long,,1.0
2024-03-12 12:00:00,64.7,1.27969,True,Short,1.0,
2024-03-15 11:00:00,49.2,1.27519,True,Short,1.0,
2024-03-19 13:00:00,25.0,1.2692,True,Short,1.0,
2024-03-20 13:00:00,0.0,1.26929,True,Short,1.0,
2024-03-21 11:00:00,25.0,1.27713,True,Long,,1.0
2024-03-26 10:00:00,25.0,1.2649,True,Long,,1.0
2024-03-28 09:00:00,0.0,1.2616,True,Long,,1.0
2024-03-29 13:00:00,25.0,1.26142,True,Long,,1.0
2024-04-01 10:00:00,25.0,1.26262,True,Long,,1.0
2024-04-02 12:00:00,0.0,1.25617,True,Short,1.0,
2024-04-03 10:00:00,0.0,1.2574,True,Long,,1.0
2024-04-04 13:00:00,25.0,1.26643,True,Long,,1.0
2024-04-05 12:00:00,50.0,1.26366,True,Short,1.0,
2024-04-09 12:00:00,27.6,1.26601,True,Long,,1.0
2024-04-11 12:00:00,3.6,1.255,True,Short,1.0,
2024-04-15 10:00:00,0.0,1.24722,True,Short,1.0,
2024-04-16 12:00:00,0.0,1.24365,True,Short,1.0,
2024-04-18 12:00:00,50.0,1.24742,True,Long,,1.0
2024-04-19 12:00:00,50.0,1.24402,True,Short,1.0,
2024-04-23 12:00:00,0.0,1.23699,True,Short,1.0,
2024-04-29 10:00:00,28.0,1.25226,True,Long,,1.0
2024-05-01 09:00:00,46.3,1.24763,True,Short,1.0,
2024-05-02 13:00:00,55.6,1.25155,True,Long,,1.0
2024-05-03 11:00:00,58.5,1.25478,True,Long,,1.0
2024-05-10 13:00:00,0.0,1.25295,True,Long,,1.0
2024-05-13 12:00:00,50.0,1.25328,True,Long,,1.0
2024-05-14 12:00:00,50.8,1.25281,True,Long,,1.0
2024-05-15 09:00:00,51.6,1.25977,True,Long,,1.0
2024-05-17 13:00:00,71.8,1.26549,True,Long,,1.0
2024-05-20 10:00:00,82.5,1.27002,True,Long,,1.0
2024-05-22 12:00:00,71.5,1.27282,True,Long,,1.0
2024-05-23 10:00:00,95.5,1.27254,True,Long,,1.0
2024-05-24 12:00:00,40.3,1.27043,True,Short,1.0,
2024-05-28 09:00:00,85.6,1.2776,True,Long,,1.0
2024-05-29 10:00:00,87.1,1.27604,True,Short,1.0,
2024-05-30 12:00:00,48.3,1.27122,True,Short,1.0,
2024-05-31 13:00:00,8.9,1.27236,True,Short,1.0,
2024-06-04 10:00:00,4.6,1.27992,True,Long,,1.0
2024-06-05 13:00:00,60.0,1.27762,True,Long,,1.0
2024-06-06 13:00:00,37.8,1.27845,True,Long,,1.0
2024-06-07 13:00:00,60.3,1.27957,True,Long,,1.0
2024-06-11 13:00:00,26.4,1.27337,True,Short,1.0,
2024-06-17 13:00:00,0.0,1.26672,True,Short,1.0,
2024-06-18 12:00:00,25.0,1.268,True,Long,,1.0
2024-06-20 10:00:00,50.0,1.27067,True,Long,,1.0
2024-06-25 11:00:00,50.0,1.26887,True,Long,,1.0
2024-07-01 12:00:00,25.0,1.26737,True,Long,,1.0
2024-07-02 13:00:00,50.0,1.26327,True,Short,1.0,
2024-07-08 09:00:00,73.7,1.28092,True,Long,,1.0
2024-07-10 11:00:00,44.1,1.27921,True,Short,1.0,
2024-07-16 12:00:00,95.0,1.29631,True,Short,1.0,
2024-07-18 11:00:00,94.3,1.29995,True,Long,,1.0
2024-07-22 12:00:00,26.4,1.29273,True,Short,1.0,
2024-07-26 12:00:00,0.0,1.28656,True,Short,1.0,
2024-07-30 12:00:00,0.0,1.28591,True,Short,1.0,
2024-08-02 13:00:00,25.0,1.27387,True,Short,1.0,
2024-08-05 12:00:00,0.0,1.2762,True,Short,1.0,
2024-08-07 13:00:00,0.0,1.27086,True,Short,1.0,
2024-08-09 13:00:00,0.0,1.276,True,Long,,1.0
2024-08-12 12:00:00,50.0,1.27636,True,Long,,1.0
2024-08-13 13:00:00,50.0,1.2791,True,Long,,1.0
2024-08-14 12:00:00,50.0,1.28409,True,Long,,1.0
2024-08-15 13:00:00,37.6,1.28537,True,Long,,1.0
2024-08-21 13:00:00,97.4,1.30268,True,Long,,1.0
2024-08-26 12:00:00,73.1,1.31975,True,Long,,1.0
2024-08-28 13:00:00,98.8,1.32231,True,Long,,1.0
2024-08-30 10:00:00,42.3,1.31762,True,Short,1.0,
2024-09-02 11:00:00,26.0,1.31343,True,Short,1.0,
2024-09-03 12:00:00,11.4,1.31219,True,Short,1.0,
2024-09-04 13:00:00,0.0,1.31169,True,Short,1.0,
2024-09-06 13:00:00,50.0,1.31745,True,Long,,1.0
2024-09-11 13:00:00,0.0,1.30857,True,Short,1.0,
2024-09-13 10:00:00,25.0,1.31336,True,Long,,1.0
2024-09-16 09:00:00,50.0,1.31547,True,Long,,1.0
2024-09-18 11:00:00,51.5,1.31979,True,Short,1.0,
2024-09-20 09:00:00,78.2,1.32928,True,Long,,1.0
2024-09-23 09:00:00,93.0,1.33169,True,Long,,1.0
2024-09-24 11:00:00,71.1,1.33491,True,Long,,1.0
2024-09-27 12:00:00,69.3,1.33737,True,Long,,1.0
2024-10-02 11:00:00,16.7,1.32878,True,Short,1.0,
2024-10-04 10:00:00,0.0,1.31484,True,Short,1.0,
2024-10-08 13:00:00,0.0,1.30945,True,Short,1.0,
2024-10-09 13:00:00,25.0,1.30871,True,Short,1.0,
2024-10-10 12:00:00,25.0,1.30737,True,Short,1.0,
2024-10-11 12:00:00,0.0,1.30731,True,Short,1.0,
2024-10-16 09:00:00,50.0,1.3072,True,Long,,1.0
2024-10-17 09:00:00,0.0,1.29863,True,Short,1.0,
2024-10-18 12:00:00,0.0,1.30409,True,Long,,1.0
2024-10-25 13:00:00,0.0,1.29803,True,Short,1.0,
2024-10-28 09:00:00,50.0,1.297,True,Short,1.0,
2024-10-30 13:00:00,50.0,1.29707,True,Long,,1.0
2024-10-31 13:00:00,25.0,1.2978,True,Short,1.0,
2024-11-01 09:00:00,0.0,1.2898,True,Short,1.0,
2024-11-06 10:00:00,50.0,1.29189,True,Short,1.0,
2024-11-07 11:00:00,25.0,1.29071,True,Long,,1.0
2024-11-08 11:00:00,25.0,1.29598,True,Long,,1.0
2024-11-12 12:00:00,0.0,1.28182,True,Short,1.0,
2024-11-13 11:00:00,0.0,1.27509,True,Short,1.0,
2024-11-14 09:00:00,0.0,1.26866,True,Short,1.0,
2024-11-15 13:00:00,0.0,1.26892,True,Short,1.0,
2024-11-18 13:00:00,0.0,1.26181,True,Short,1.0,
2024-11-20 11:00:00,25.0,1.2669,True,Long,,1.0
2024-11-21 13:00:00,50.0,1.26377,True,Short,1.0,
2024-11-25 12:00:00,0.0,1.25782,True,Short,1.0,
2024-11-26 12:00:00,25.0,1.25888,True,Short,1.0,
2024-11-27 09:00:00,50.0,1.25919,True,Short,1.0,
2024-11-29 11:00:00,50.0,1.26925,True,Long,,1.0
2024-12-02 11:00:00,26.2,1.27029,True,Long,,1.0
2024-12-03 09:00:00,5.3,1.26624,True,Short,1.0,
2024-12-04 10:00:00,41.6,1.26716,True,Long,,1.0
2024-12-05 12:00:00,54.9,1.27191,True,Long,,1.0
2024-12-06 12:00:00,59.6,1.27614,True,Long,,1.0
2024-12-09 09:00:00,83.7,1.27622,True,Short,1.0,
2024-12-10 10:00:00,30.4,1.27407,True,Long,,1.0
2024-12-11 11:00:00,27.5,1.27295,True,Long,,1.0
2024-12-12 09:00:00,24.8,1.27625,True,Short,1.0,
2024-12-13 11:00:00,37.1,1.26394,True,Short,1.0,
2024-12-16 12:00:00,25.0,1.26448,True,Short,1.0,
2024-12-17 11:00:00,50.0,1.26867,True,Long,,1.0
2024-12-18 11:00:00,50.0,1.26873,True,Long,,1.0
2024-12-20 10:00:00,0.0,1.25057,True,Short,1.0,
2024-12-23 13:00:00,0.0,1.25324,True,Long,,1.0
2024-12-24 09:00:00,25.0,1.25319,True,Long,,1.0
2024-12-25 10:00:00,25.0,1.2539,True,Short,1.0,
2024-12-26 11:00:00,25.0,1.25306,True,Short,1.0,
2024-12-27 10:00:00,0.0,1.25237,True,Short,1.0,
2024-12-30 10:00:00,50.0,1.25645,True,Long,,1.0
2024-12-31 10:00:00,50.0,1.25536,True,Short,1.0,
2025-01-01 09:00:00,0.0,1.25116,True,Short,1.0,
2025-01-03 09:00:00,25.0,1.23994,True,Short,1.0,
2025-01-07 13:00:00,25.0,1.25394,True,Long,,1.0
2025-01-09 12:00:00,0.0,1.22845,True,Short,1.0,
2025-01-10 10:00:00,0.0,1.22881,True,Short,1.0,
2025-01-13 13:00:00,0.0,1.21099,True,Short,1.0,
2025-01-14 12:00:00,0.0,1.21872,True,Long,,1.0
2025-01-15 11:00:00,25.0,1.22181,True,Long,,1.0
2025-01-16 11:00:00,50.0,1.21971,True,Long,,1.0
2025-01-17 11:00:00,0.0,1.21956,True,Short,1.0,
2025-01-20 13:00:00,0.0,1.22058,True,Short,1.0,
2025-01-22 09:00:00,50.0,1.23184,True,Long,,1.0
2025-01-23 09:00:00,56.7,1.23048,True,Long,,1.0
2025-01-24 10:00:00,57.0,1.2404,True,Long,,1.0
2025-01-28 10:00:00,89.6,1.24323,True,Long,,1.0
2025-01-29 11:00:00,65.8,1.24205,True,Long,,1.0
2025-01-30 11:00:00,40.8,1.24427,True,Short,1.0,
2025-01-31 11:00:00,62.0,1.24212,True,Long,,1.0
2025-02-03 12:00:00,15.7,1.2312,True,Short,1.0,
2025-02-04 13:00:00,4.0,1.24038,True,Long,,1.0
2025-02-07 10:00:00,25.0,1.24651,True,Short,1.0,
2025-02-10 12:00:00,25.0,1.24119,True,Short,1.0,
2025-02-11 12:00:00,25.0,1.23602,True,Short,1.0,
2025-02-12 12:00:00,0.0,1.24413,True,Long,,1.0
2025-02-13 11:00:00,50.4,1.24907,True,Long,,1.0
2025-02-14 13:00:00,57.1,1.25813,True,Long,,1.0
2025-02-17 09:00:00,60.8,1.2595,True,Long,,1.0
2025-02-18 12:00:00,66.5,1.25952,True,Long,,1.0
2025-02-19 11:00:00,79.3,1.26044,True,Long,,1.0
2025-02-20 11:00:00,64.1,1.26137,True,Short,1.0,
2025-02-21 11:00:00,67.3,1.26498,True,Long,,1.0
2025-02-25 12:00:00,61.4,1.26256,True,Short,1.0,
2025-02-26 12:00:00,32.1,1.2645,True,Long,,1.0
2025-02-28 10:00:00,40.8,1.25997,True,Short,1.0,
2025-03-05 13:00:00,59.5,1.28233,True,Long,,1.0
2025-03-06 11:00:00,66.3,1.28762,True,Long,,1.0
2025-03-07 13:00:00,77.9,1.29195,True,Long,,1.0
2025-03-10 12:00:00,86.3,1.29206,True,Short,1.0,
2025-03-11 09:00:00,62.7,1.29085,True,Short,1.0,
2025-03-13 12:00:00,92.6,1.29561,True,Long,,1.0
2025-03-14 09:00:00,89.5,1.29251,True,Long,,1.0
2025-03-17 10:00:00,32.4,1.29417,True,Short,1.0,
2025-03-18 12:00:00,56.5,1.29897,True,Long,,1.0
2025-03-21 12:00:00,52.5,1.29435,True,Short,1.0,
2025-03-26 10:00:00,25.0,1.29068,True,Long,,1.0
2025-03-27 10:00:00,0.0,1.29232,True,Long,,1.0
2025-03-28 11:00:00,25.0,1.29511,True,Long,,1.0
2025-03-31 13:00:00,25.0,1.29278,True,Long,,1.0
2025-04-01 13:00:00,25.0,1.29342,True,Short,1.0,
2025-04-09 12:00:00,25.0,1.28249,True,Long,,1.0
2025-04-11 09:00:00,50.0,1.30026,True,Long,,1.0
2025-04-16 11:00:00,59.4,1.32834,True,Long,,1.0
2025-04-18 13:00:00,66.8,1.32709,True,Long,,1.0
2025-04-22 11:00:00,95.0,1.3377,True,Long,,1.0
2025-04-23 09:00:00,92.3,1.32989,True,Short,1.0,
2025-04-24 11:00:00,61.1,1.32942,True,Short,1.0,
2025-04-25 09:00:00,55.7,1.32772,True,Long,,1.0
2025-04-28 11:00:00,43.2,1.33054,True,Long,,1.0
2025-05-01 13:00:00,34.4,1.33153,True,Short,1.0,
2025-05-05 13:00:00,0.0,1.33025,True,Short,1.0,
2025-05-06 12:00:00,25.0,1.33148,True,Short,1.0,
2025-05-07 12:00:00,50.0,1.33358,True,Long,,1.0
2025-05-09 11:00:00,25.0,1.32621,True,Short,1.0,
2025-05-13 12:00:00,0.0,1.32112,True,Short,1.0,
2025-05-14 10:00:00,0.0,1.3299,True,Long,,1.0
2025-05-15 11:00:00,50.0,1.32674,True,Short,1.0,
2025-05-16 12:00:00,25.0,1.33043,True,Long,,1.0
2025-05-20 13:00:00,25.1,1.33715,True,Long,,1.0
2025-05-21 12:00:00,12.9,1.33986,True,Long,,1.0
2025-05-26 11:00:00,68.3,1.35663,True,Long,,1.0
2025-05-27 13:00:00,93.2,1.35452,True,Short,1.0,
2025-05-28 11:00:00,69.5,1.3498,True,Short,1.0,
2025-05-29 11:00:00,37.4,1.34644,True,Short,1.0,
2025-05-30 12:00:00,29.6,1.34656,True,Long,,1.0
2025-06-02 09:00:00,41.9,1.35009,True,Short,1.0,
2025-06-03 12:00:00,61.5,1.3515,True,Long,,1.0
2025-06-04 11:00:00,6.1,1.35283,True,Short,1.0,
2025-06-05 13:00:00,53.0,1.35647,True,Long,,1.0
2025-06-06 10:00:00,51.8,1.35499,True,Long,,1.0
2025-06-10 13:00:00,53.5,1.34917,True,Short,1.0,
2025-06-11 13:00:00,15.6,1.34971,True,Short,1.0,
2025-06-12 11:00:00,31.4,1.35426,True,Long,,1.0
2025-06-13 13:00:00,57.1,1.35439,True,Long,,1.0
2025-06-16 13:00:00,1.5,1.35853,True,Long,,1.0
2025-06-17 10:00:00,54.7,1.35622,True,Long,,1.0
2025-06-19 12:00:00,0.0,1.34271,True,Short,1.0,
2025-06-20 11:00:00,0.0,1.34761,True,Long,,1.0
2025-06-23 10:00:00,25.0,1.34373,True,Short,1.0,
2025-06-25 13:00:00,25.0,1.36124,True,Long,,1.0
2025-06-26 09:00:00,50.0,1.37087,True,Long,,1.0
2025-06-27 09:00:00,60.5,1.37258,True,Long,,1.0
2025-06-30 09:00:00,50.9,1.37274,True,Short,1.0,
2025-07-03 10:00:00,35.3,1.36497,True,Short,1.0,
2025-07-08 11:00:00,0.0,1.36406,True,Short,1.0,
2025-07-09 09:00:00,0.0,1.35868,True,Short,1.0,
2025-07-10 10:00:00,25.0,1.36109,True,Short,1.0,
2025-07-14 12:00:00,0.0,1.34756,True,Short,1.0,
2025-07-15 13:00:00,0.0,1.34546,True,Short,1.0,
2025-07-16 09:00:00,0.0,1.33973,True,Short,1.0,
2025-07-23 09:00:00,50.0,1.35224,True,Long,,1.0
2025-07-28 13:00:00,44.5,1.34145,True,Short,1.0,
2025-07-29 13:00:00,5.0,1.33537,True,Short,1.0,
2025-08-04 09:00:00,25.0,1.32753,True,Long,,1.0
2025-08-05 13:00:00,25.0,1.32919,True,Long,,1.0
2025-08-06 10:00:00,50.0,1.33015,True,Long,,1.0
2025-08-11 12:00:00,61.0,1.34643,True,Long,,1.0
2025-08-12 11:00:00,52.0,1.34587,True,Short,1.0,
2025-08-15 12:00:00,96.6,1.35463,True,Short,1.0,
2025-08-19 12:00:00,64.3,1.35195,True,Short,1.0,
2025-08-21 09:00:00,12.5,1.34534,True,Short,1.0,
2025-08-22 12:00:00,0.0,1.34133,True,Short,1.0,
2025-08-25 12:00:00,25.0,1.35031,True,Long,,1.0
2025-08-26 13:00:00,0.0,1.34795,True,Short,1.0,
2025-08-28 09:00:00,0.0,1.35041,True,Long,,1.0
2025-08-29 11:00:00,50.0,1.34914,True,Long,,1.0
2025-09-01 09:00:00,25.3,1.35249,True,Long,,1.0
2025-09-03 13:00:00,26.1,1.34074,True,Short,1.0,
2025-09-08 09:00:00,50.0,1.34965,True,Long,,1.0
2025-09-09 12:00:00,50.0,1.35728,True,Long,,1.0
2025-09-10 13:00:00,50.9,1.35421,True,Short,1.0,
2025-09-16 09:00:00,91.3,1.36193,True,Long,,1.0
2025-09-17 12:00:00,91.8,1.36399,True,Long,,1.0
2025-09-18 12:00:00,91.1,1.36392,True,Short,1.0,
2025-09-22 10:00:00,1.2,1.34743,True,Short,1.0,
2025-09-26 13:00:00,0.0,1.33524,True,Short,1.0,
2025-10-03 12:00:00,0.0,1.34576,True,Short,1.0,
2025-10-06 09:00:00,0.0,1.3443,True,Long,,1.0
2025-10-08 12:00:00,8.2,1.34083,True,Short,1.0,
2025-10-10 13:00:00,0.0,1.32905,True,Short,1.0,
2025-10-13 12:00:00,25.0,1.33261,True,Long,,1.0
2025-10-14 13:00:00,25.0,1.32673,True,Short,1.0,
2025-10-15 12:00:00,0.0,1.33454,True,Long,,1.0
2025-10-17 12:00:00,50.0,1.34235,True,Long,,1.0
2025-10-20 13:00:00,50.0,1.34279,True,Short,1.0,
2025-10-21 12:00:00,30.8,1.33796,True,Short,1.0,
2025-10-23 10:00:00,13.8,1.33492,True,Short,1.0,
2025-10-24 11:00:00,25.9,1.33157,True,Short,1.0,
2025-10-27 11:00:00,0.0,1.33449,True,Short,1.0,
2025-10-28 09:00:00,25.0,1.33359,True,Long,,1.0
2025-10-29 13:00:00,25.0,1.32174,True,Short,1.0,
2025-10-31 11:00:00,0.0,1.31431,True,Short,1.0,
2025-11-03 12:00:00,0.0,1.31297,True,Short,1.0,
2025-11-05 11:00:00,25.0,1.30394,True,Short,1.0,
2025-11-07 12:00:00,25.0,1.31091,True,Long,,1.0
2025-11-10 12:00:00,50.0,1.31597,True,Long,,1.0
2025-11-11 13:00:00,50.0,1.31482,True,Short,1.0,
2025-11-13 13:00:00,2.4,1.31475,True,Long,,1.0
2025-11-14 12:00:00,60.4,1.31418,True,Long,,1.0
2025-11-17 12:00:00,44.7,1.31539,True,Long,,1.0
2025-11-18 09:00:00,53.4,1.31501,True,Long,,1.0
2025-11-24 13:00:00,25.0,1.3091,True,Short,1.0,
2025-11-26 10:00:00,50.0,1.31735,True,Long,,1.0
2025-11-27 09:00:00,50.0,1.32386,True,Long,,1.0
2025-11-28 13:00:00,33.0,1.32017,True,Short,1.0,
2025-12-01 12:00:00,22.4,1.32281,True,Short,1.0,
2025-12-04 12:00:00,63.1,1.33438,True,Long,,1.0
2025-12-05 11:00:00,63.5,1.33456,True,Long,,1.0
2025-12-08 10:00:00,37.0,1.33271,True,Long,,1.0
2025-12-09 13:00:00,33.3,1.33285,True,Long,,1.0
2025-12-11 11:00:00,53.9,1.33715,True,Long,,1.0
2025-12-12 10:00:00,81.5,1.3378,True,Long,,1.0
2025-12-17 12:00:00,46.8,1.33346,True,Short,1.0,
2025-12-18 13:00:00,18.4,1.33528,True,Short,1.0,
2025-12-19 10:00:00,69.2,1.33736,True,Long,,1.0
2025-12-24 10:00:00,69.1,1.35217,True,Long,,1.0
2025-12-25 11:00:00,75.7,1.35049,True,Short,1.0,
2025-12-26 12:00:00,59.7,1.34881,True,Short,1.0,
2025-12-29 13:00:00,84.7,1.34889,True,Short,1.0,
2025-12-30 11:00:00,34.5,1.35141,True,Short,1.0,
2025-12-31 13:00:00,55.1,1.34551,True,Short,1.0,
2026-01-01 09:00:00,43.5,1.3474,True,Long,,1.0
2026-01-05 12:00:00,25.0,1.3463,True,Short,1.0,
2026-01-06 11:00:00,25.0,1.35356,True,Long,,1.0
2026-01-07 10:00:00,50.0,1.34959,True,Long,,1.0
2026-01-08 13:00:00,25.0,1.34441,True,Short,1.0,
2026-01-13 13:00:00,25.0,1.34723,True,Long,,1.0
2026-01-14 10:00:00,50.0,1.34496,True,Short,1.0,
2026-01-15 09:00:00,25.0,1.34344,True,Short,1.0,
2026-01-16 10:00:00,0.0,1.3393,True,Short,1.0,
2026-01-19 11:00:00,0.0,1.34055,True,Short,1.0,
2026-01-20 12:00:00,0.0,1.34798,True,Long,,1.0
2026-01-22 12:00:00,25.0,1.34475,True,Short,1.0,
2026-01-26 13:00:00,61.4,1.36657,True,Long,,1.0
2026-01-27 10:00:00,77.4,1.36743,True,Long,,1.0
2026-01-28 11:00:00,86.4,1.37869,True,Long,,1.0
2026-01-29 11:00:00,93.4,1.38031,True,Long,,1.0
2026-01-30 11:00:00,45.0,1.37334,True,Long,,1.0
2026-02-02 09:00:00,40.7,1.36794,True,Short,1.0,
2026-02-04 12:00:00,44.8,1.37158,True,Long,,1.0
2026-02-05 13:00:00,55.5,1.36116,True,Short,1.0,
2026-02-06 12:00:00,50.0,1.35764,True,Short,1.0,
2026-02-09 10:00:00,25.0,1.36015,True,Long,,1.0
2026-02-10 13:00:00,25.0,1.36629,True,Long,,1.0
2026-02-12 13:00:00,25.0,1.36492,True,Long,,1.0
2026-02-13 11:00:00,0.0,1.36223,True,Short,1.0,
2026-02-16 13:00:00,0.0,1.36442,True,Long,,1.0
2026-02-17 11:00:00,25.0,1.3591,True,Short,1.0,
2026-02-19 09:00:00,0.0,1.35101,True,Short,1.0,
2026-02-20 09:00:00,0.0,1.34457,True,Short,1.0,
2026-02-23 10:00:00,25.0,1.35155,True,Long,,1.0
2026-02-24 10:00:00,50.0,1.34845,True,Long,,1.0
2026-02-25 12:00:00,25.0,1.35109,True,Long,,1.0
2026-02-26 10:00:00,50.0,1.35235,True,Long,,1.0
