Datetime_Kyiv,Trend_%,Close_Price,Signal_Triggered,Direction,NY_Cont_Short,Outcome,Entry,SL,TP,NY_Cont_Long
2000-06-21 16:00:00,25.0,1.501,Yes,Short,1.0,Win,1.501,0,0,
2000-06-29 16:00:00,50.0,1.5174,Yes,Long,,Win,1.5174,0,0,1.0
2000-06-30 16:00:00,50.0,1.5135,Yes,Short,1.0,Loss,1.5135,0,0,
2000-07-18 16:00:00,0.0,1.4981,Yes,Long,,Loss,1.4981,0,0,1.0
2000-07-31 16:00:00,16.0,1.4959,Yes,Short,1.0,Loss,1.4959,0,0,
2000-08-02 16:00:00,25.0,1.4887,Yes,Short,1.0,Loss,1.4887,0,0,
2000-08-03 16:00:00,25.0,1.4919,Yes,Short,1.0,Loss,1.4919,0,0,
2000-08-11 16:00:00,4.6,1.507,Yes,Long,,Loss,1.507,0,0,1.0
2000-08-29 16:00:00,0.0,1.4602,Yes,Short,1.0,Win,1.4602,0,0,
2000-09-05 16:00:00,50.0,1.451,Yes,Short,1.0,Loss,1.451,0,0,
2000-09-08 16:00:00,0.0,1.4217,Yes,Short,1.0,Win,1.4217,0,0,
2000-09-14 16:00:00,25.0,1.4158,Yes,Long,,Loss,1.4158,0,0,1.0
2000-09-20 16:00:00,50.0,1.4176,Yes,Long,,Loss,1.4176,0,0,1.0
2000-09-22 16:00:00,51.9,1.4594,Yes,Long,,Loss,1.4594,0,0,1.0
2000-10-17 16:00:00,0.7,1.4386,Yes,Short,1.0,Loss,1.4386,0,0,
2000-10-25 16:00:00,0.0,1.4389,Yes,Short,1.0,Win,1.4389,0,0,
2000-11-06 16:00:00,2.0,1.4377,Yes,Short,1.0,Win,1.4377,0,0,
2000-11-14 16:00:00,25.0,1.4298,Yes,Short,1.0,Loss,1.4298,0,0,
2000-11-15 16:00:00,50.0,1.4278,Yes,Short,1.0,Win,1.4278,0,0,
2000-12-21 16:00:00,85.6,1.4725,Yes,Long,,Win,1.4725,0,0,1.0
2001-01-04 16:00:00,64.4,1.4977,Yes,Short,1.0,Loss,1.4977,0,0,
2001-01-08 16:00:00,83.8,1.5019,Yes,Short,1.0,Win,1.5019,0,0,
2001-01-22 16:00:00,25.0,1.4605,Yes,Short,1.0,Loss,1.4605,0,0,
2001-02-01 16:00:00,25.0,1.4775,Yes,Long,,Win,1.4775,0,0,1.0
2001-02-02 16:00:00,50.0,1.4713,Yes,Short,1.0,Win,1.4713,0,0,
2001-02-06 16:00:00,22.6,1.4633,Yes,Short,1.0,Win,1.4633,0,0,
2001-02-08 16:00:00,1.7,1.4451,Yes,Short,1.0,Win,1.4451,0,0,
2001-02-15 16:00:00,50.0,1.4482,Yes,Short,1.0,Loss,1.4482,0,0,
2001-02-20 16:00:00,0.0,1.441,Yes,Short,1.0,Loss,1.441,0,0,
2001-02-27 16:00:00,25.0,1.4425,Yes,Short,1.0,Loss,1.4425,0,0,
2001-03-02 16:00:00,27.6,1.4735,Yes,Long,,Loss,1.4735,0,0,1.0
2001-03-08 16:00:00,53.9,1.4676,Yes,Long,,Win,1.4676,0,0,1.0
2001-03-09 16:00:00,29.9,1.4674,Yes,Short,1.0,Loss,1.4674,0,0,
2001-03-13 16:00:00,21.4,1.4536,Yes,Short,1.0,Win,1.4536,0,0,
2001-03-14 16:00:00,0.2,1.4506,Yes,Long,,Loss,1.4506,0,0,1.0
2001-03-21 16:00:00,50.0,1.4283,Yes,Short,1.0,Loss,1.4283,0,0,
2001-03-22 16:00:00,25.0,1.42,Yes,Short,1.0,Loss,1.42,0,0,
2001-04-17 16:00:00,27.3,1.4328,Yes,Short,1.0,Win,1.4328,0,0,
2001-05-16 16:00:00,50.0,1.4293,Yes,Long,,Win,1.4293,0,0,1.0
2001-05-22 16:00:00,78.7,1.4301,Yes,Short,1.0,Win,1.4301,0,0,
2001-05-23 16:00:00,28.5,1.4246,Yes,Short,1.0,Win,1.4246,0,0,
2001-05-25 16:00:00,0.0,1.421,Yes,Long,,Win,1.421,0,0,1.0
2001-06-06 16:00:00,25.0,1.4018,Yes,Short,1.0,Win,1.4018,0,0,
2001-06-07 16:00:00,0.0,1.3844,Yes,Short,1.0,Loss,1.3844,0,0,
2001-06-08 16:00:00,25.0,1.3831,Yes,Short,1.0,Win,1.3831,0,0,
2001-06-15 16:00:00,50.0,1.408,Yes,Long,,Loss,1.408,0,0,1.0
2001-06-19 16:00:00,27.8,1.3958,Yes,Short,1.0,Loss,1.3958,0,0,
2001-06-21 16:00:00,24.5,1.4103,Yes,Long,,Win,1.4103,0,0,1.0
2001-06-28 16:00:00,78.8,1.4089,Yes,Short,1.0,Win,1.4089,0,0,
2001-07-09 16:00:00,25.0,1.4062,Yes,Short,1.0,Loss,1.4062,0,0,
2001-07-11 16:00:00,25.0,1.4175,Yes,Long,,Loss,1.4175,0,0,1.0
2001-07-18 16:00:00,25.0,1.4077,Yes,Long,,Win,1.4077,0,0,1.0
2001-07-25 16:00:00,52.5,1.4272,Yes,Long,,Win,1.4272,0,0,1.0
2001-08-06 16:00:00,23.9,1.4204,Yes,Short,1.0,Win,1.4204,0,0,
2001-08-09 16:00:00,25.0,1.4194,Yes,Long,,Win,1.4194,0,0,1.0
2001-08-15 16:00:00,25.0,1.4388,Yes,Long,,Win,1.4388,0,0,1.0
2001-08-21 16:00:00,67.3,1.4498,Yes,Long,,Win,1.4498,0,0,1.0
2001-08-24 16:00:00,62.8,1.4446,Yes,Short,1.0,Win,1.4446,0,0,
2001-09-06 16:00:00,35.2,1.449,Yes,Short,1.0,Loss,1.449,0,0,
2001-09-12 16:00:00,42.8,1.4659,Yes,Short,1.0,Loss,1.4659,0,0,
2001-09-17 16:00:00,87.3,1.4704,Yes,Short,1.0,Win,1.4704,0,0,
2001-09-24 16:00:00,0.0,1.4638,Yes,Long,,Loss,1.4638,0,0,1.0
2001-10-01 16:00:00,38.6,1.4801,Yes,Long,,Loss,1.4801,0,0,1.0
2001-10-08 16:00:00,37.8,1.4737,Yes,Short,1.0,Loss,1.4737,0,0,
2001-10-10 16:00:00,0.0,1.454,Yes,Short,1.0,Win,1.454,0,0,
2001-10-23 16:00:00,25.0,1.422,Yes,Short,1.0,Loss,1.422,0,0,
2001-10-29 16:00:00,25.0,1.4518,Yes,Long,,Win,1.4518,0,0,1.0
2001-11-12 16:00:00,55.3,1.4587,Yes,Short,1.0,Win,1.4587,0,0,
2001-11-13 16:00:00,12.5,1.4425,Yes,Short,1.0,Win,1.4425,0,0,
2001-11-14 16:00:00,0.0,1.4384,Yes,Short,1.0,Loss,1.4384,0,0,
2001-11-19 16:00:00,25.0,1.4195,Yes,Short,1.0,Win,1.4195,0,0,
2001-12-10 16:00:00,25.1,1.4326,Yes,Short,1.0,Loss,1.4326,0,0,
2001-12-19 16:00:00,95.4,1.4512,Yes,Short,1.0,Win,1.4512,0,0,
2002-01-02 16:00:00,35.7,1.4448,Yes,Short,1.0,Loss,1.4448,0,0,
2002-01-07 16:00:00,30.4,1.4396,Yes,Short,1.0,Win,1.4396,0,0,
2002-01-23 16:00:00,25.0,1.4259,Yes,Short,1.0,Win,1.4259,0,0,
2002-02-18 16:00:00,25.0,1.4285,Yes,Short,1.0,Loss,1.4285,0,0,
2002-02-22 16:00:00,32.6,1.4305,Yes,Long,,Win,1.4305,0,0,1.0
2002-02-25 16:00:00,84.8,1.4271,Yes,Short,1.0,Win,1.4271,0,0,
2002-02-26 16:00:00,54.7,1.4244,Yes,Short,1.0,Win,1.4244,0,0,
2002-03-18 16:00:00,25.0,1.425,Yes,Long,,Win,1.425,0,0,1.0
2002-04-29 16:00:00,62.4,1.4596,Yes,Long,,Loss,1.4596,0,0,1.0
2002-05-07 16:00:00,45.9,1.4655,Yes,Short,1.0,Loss,1.4655,0,0,
2002-05-08 16:00:00,41.8,1.4599,Yes,Short,1.0,Win,1.4599,0,0,
2002-05-14 16:00:00,25.0,1.4484,Yes,Short,1.0,Loss,1.4484,0,0,
2002-05-28 16:00:00,51.4,1.4588,Yes,Long,,Win,1.4588,0,0,1.0
2002-05-29 16:00:00,50.0,1.4616,Yes,Long,,Win,1.4616,0,0,1.0
2002-06-10 16:00:00,25.0,1.4626,Yes,Long,,Loss,1.4626,0,0,1.0
2002-06-11 16:00:00,25.0,1.4649,Yes,Long,,Win,1.4649,0,0,1.0
2002-06-18 16:00:00,66.1,1.4836,Yes,Long,,Win,1.4836,0,0,1.0
2002-06-24 16:00:00,69.3,1.5059,Yes,Long,,Loss,1.5059,0,0,1.0
2002-06-26 16:00:00,70.2,1.5272,Yes,Long,,Win,1.5272,0,0,1.0
2002-07-03 16:00:00,68.9,1.5246,Yes,Short,1.0,Loss,1.5246,0,0,
2002-07-09 16:00:00,68.9,1.5472,Yes,Long,,Win,1.5472,0,0,1.0
2002-07-15 16:00:00,62.1,1.5658,Yes,Long,,Win,1.5658,0,0,1.0
2002-07-17 16:00:00,94.1,1.5637,Yes,Short,1.0,Loss,1.5637,0,0,
2002-07-31 16:00:00,50.0,1.5602,Yes,Short,1.0,Loss,1.5602,0,0,
2002-08-01 16:00:00,25.0,1.552,Yes,Short,1.0,Loss,1.552,0,0,
2002-08-06 16:00:00,0.0,1.5428,Yes,Short,1.0,Win,1.5428,0,0,
2002-08-08 16:00:00,0.0,1.5313,Yes,Short,1.0,Win,1.5313,0,0,
2002-08-21 16:00:00,0.4,1.5237,Yes,Short,1.0,Loss,1.5237,0,0,
2002-09-03 16:00:00,58.4,1.5575,Yes,Long,,Win,1.5575,0,0,1.0
2002-09-10 16:00:00,34.1,1.5535,Yes,Short,1.0,Loss,1.5535,0,0,
2002-09-16 16:00:00,50.0,1.5436,Yes,Short,1.0,Win,1.5436,0,0,
2002-09-20 16:00:00,50.0,1.5505,Yes,Short,1.0,Loss,1.5505,0,0,
2002-10-17 16:00:00,25.0,1.5577,Yes,Long,,Loss,1.5577,0,0,1.0
2002-11-04 16:00:00,69.0,1.5531,Yes,Short,1.0,Loss,1.5531,0,0,
2002-11-05 16:00:00,33.0,1.5657,Yes,Long,,Loss,1.5657,0,0,1.0
2002-11-07 16:00:00,45.9,1.5747,Yes,Long,,Win,1.5747,0,0,1.0
2002-11-19 16:00:00,35.1,1.59,Yes,Long,,Loss,1.59,0,0,1.0
2002-11-25 16:00:00,25.0,1.5662,Yes,Short,1.0,Win,1.5662,0,0,
2002-11-28 16:00:00,0.0,1.5531,Yes,Long,,Win,1.5531,0,0,1.0
2002-12-02 16:00:00,50.0,1.5476,Yes,Short,1.0,Loss,1.5476,0,0,
2002-12-03 16:00:00,25.0,1.5663,Yes,Long,,Win,1.5663,0,0,1.0
2002-12-10 16:00:00,94.7,1.5734,Yes,Short,1.0,Win,1.5734,0,0,
2002-12-13 16:00:00,84.5,1.5892,Yes,Long,,Win,1.5892,0,0,1.0
2002-12-23 16:00:00,69.4,1.5955,Yes,Short,1.0,Win,1.5955,0,0,
2002-12-31 16:00:00,50.5,1.6097,Yes,Long,,Win,1.6097,0,0,1.0
2003-01-03 16:00:00,35.8,1.6001,Yes,Long,,Win,1.6001,0,0,1.0
2003-01-09 16:00:00,28.2,1.6065,Yes,Short,1.0,Loss,1.6065,0,0,
2003-01-10 16:00:00,51.0,1.6098,Yes,Long,,Loss,1.6098,0,0,1.0
2003-01-14 16:00:00,0.0,1.6102,Yes,Long,,Loss,1.6102,0,0,1.0
2003-01-15 16:00:00,50.9,1.6023,Yes,Short,1.0,Loss,1.6023,0,0,
2003-01-28 16:00:00,66.1,1.64,Yes,Long,,Loss,1.64,0,0,1.0
2003-02-25 16:00:00,25.0,1.5758,Yes,Short,1.0,Win,1.5758,0,0,
2003-04-07 16:00:00,0.0,1.5496,Yes,Short,1.0,Loss,1.5496,0,0,
2003-04-22 16:00:00,10.3,1.5779,Yes,Long,,Loss,1.5779,0,0,1.0
2003-05-07 16:00:00,90.4,1.6002,Yes,Short,1.0,Win,1.6002,0,0,
2003-05-08 16:00:00,47.5,1.6061,Yes,Long,,Loss,1.6061,0,0,1.0
2003-05-15 16:00:00,55.0,1.6205,Yes,Long,,Win,1.6205,0,0,1.0
2003-05-16 16:00:00,67.7,1.6265,Yes,Long,,Loss,1.6265,0,0,1.0
2003-05-28 16:00:00,59.5,1.6335,Yes,Short,1.0,Loss,1.6335,0,0,
2003-06-05 16:00:00,25.0,1.6544,Yes,Long,,Win,1.6544,0,0,1.0
2003-06-10 16:00:00,10.2,1.6574,Yes,Long,,Loss,1.6574,0,0,1.0
2003-06-11 16:00:00,12.0,1.6686,Yes,Long,,Loss,1.6686,0,0,1.0
2003-06-16 16:00:00,35.5,1.6832,Yes,Long,,Loss,1.6832,0,0,1.0
2003-07-07 16:00:00,25.0,1.6497,Yes,Short,1.0,Loss,1.6497,0,0,
2003-07-08 16:00:00,0.0,1.6392,Yes,Short,1.0,Win,1.6392,0,0,
2003-07-10 16:00:00,25.0,1.6243,Yes,Short,1.0,Loss,1.6243,0,0,
2003-07-21 16:00:00,0.0,1.5903,Yes,Long,,Win,1.5903,0,0,1.0
2003-08-12 16:00:00,25.0,1.6008,Yes,Short,1.0,Loss,1.6008,0,0,
2003-08-21 16:00:00,25.0,1.5843,Yes,Short,1.0,Win,1.5843,0,0,
2003-09-01 16:00:00,50.0,1.571,Yes,Short,1.0,Loss,1.571,0,0,
2003-09-16 16:00:00,69.3,1.595,Yes,Short,1.0,Win,1.595,0,0,
2003-09-17 16:00:00,29.0,1.6009,Yes,Long,,Win,1.6009,0,0,1.0
2003-09-18 16:00:00,28.0,1.6191,Yes,Long,,Loss,1.6191,0,0,1.0
2003-09-19 16:00:00,55.4,1.6281,Yes,Long,,Win,1.6281,0,0,1.0
2003-09-29 16:00:00,68.2,1.6507,Yes,Short,1.0,Loss,1.6507,0,0,
2003-11-06 16:00:00,25.0,1.672,Yes,Short,1.0,Win,1.672,0,0,
2003-11-07 16:00:00,0.0,1.6627,Yes,Short,1.0,Loss,1.6627,0,0,
2003-11-13 16:00:00,50.0,1.6878,Yes,Long,,Loss,1.6878,0,0,1.0
2003-11-26 16:00:00,54.9,1.7011,Yes,Short,1.0,Loss,1.7011,0,0,
2003-12-08 16:00:00,87.2,1.7318,Yes,Long,,Win,1.7318,0,0,1.0
2003-12-09 16:00:00,61.2,1.744,Yes,Long,,Win,1.744,0,0,1.0
2003-12-10 16:00:00,62.0,1.747,Yes,Long,,Loss,1.747,0,0,1.0
2003-12-24 16:00:00,87.1,1.7739,Yes,Long,,Win,1.7739,0,0,1.0
2003-12-31 16:00:00,79.5,1.7916,Yes,Long,,Loss,1.7916,0,0,1.0
2004-01-06 16:00:00,66.1,1.8228,Yes,Long,,Loss,1.8228,0,0,1.0
2004-01-08 16:00:00,68.8,1.8295,Yes,Long,,Win,1.8295,0,0,1.0
2004-01-09 16:00:00,70.9,1.8433,Yes,Long,,Win,1.8433,0,0,1.0
2004-01-14 16:00:00,46.3,1.8372,Yes,Short,1.0,Win,1.8372,0,0,
2004-01-19 16:00:00,0.0,1.7868,Yes,Short,1.0,Win,1.7868,0,0,
2004-01-20 16:00:00,0.0,1.8124,Yes,Long,,Win,1.8124,0,0,1.0
2004-02-06 16:00:00,43.0,1.8501,Yes,Long,,Loss,1.8501,0,0,1.0
2004-02-17 16:00:00,94.4,1.9061,Yes,Long,,Loss,1.9061,0,0,1.0
2004-02-24 16:00:00,0.0,1.8792,Yes,Long,,Win,1.8792,0,0,1.0
2004-03-05 16:00:00,25.0,1.8471,Yes,Long,,Loss,1.8471,0,0,1.0
2004-03-09 16:00:00,25.0,1.8386,Yes,Short,1.0,Win,1.8386,0,0,
2004-03-24 16:00:00,69.8,1.8335,Yes,Short,1.0,Win,1.8335,0,0,
2004-03-25 16:00:00,60.9,1.8076,Yes,Short,1.0,Win,1.8076,0,0,
2004-03-26 16:00:00,36.5,1.8187,Yes,Long,,Loss,1.8187,0,0,1.0
2004-04-01 16:00:00,50.0,1.8584,Yes,Long,,Loss,1.8584,0,0,1.0
2004-04-06 16:00:00,27.5,1.8379,Yes,Long,,Win,1.8379,0,0,1.0
2004-04-08 16:00:00,42.5,1.8301,Yes,Short,1.0,Loss,1.8301,0,0,
2004-04-13 16:00:00,50.0,1.816,Yes,Short,1.0,Loss,1.816,0,0,
2004-04-21 16:00:00,50.0,1.7716,Yes,Short,1.0,Loss,1.7716,0,0,
2004-04-26 16:00:00,50.0,1.7867,Yes,Long,,Win,1.7867,0,0,1.0
2004-05-04 16:00:00,25.0,1.7933,Yes,Long,,Loss,1.7933,0,0,1.0
2004-05-11 16:00:00,29.2,1.7592,Yes,Short,1.0,Win,1.7592,0,0,
2004-05-12 16:00:00,25.0,1.7785,Yes,Long,,Loss,1.7785,0,0,1.0
2004-05-19 16:00:00,25.0,1.7843,Yes,Long,,Loss,1.7843,0,0,1.0
2004-05-21 16:00:00,25.1,1.7938,Yes,Long,,Loss,1.7938,0,0,1.0
2004-05-25 16:00:00,58.9,1.8106,Yes,Long,,Win,1.8106,0,0,1.0
2004-06-10 16:00:00,0.0,1.8243,Yes,Short,1.0,Loss,1.8243,0,0,
2004-06-11 16:00:00,25.0,1.8222,Yes,Short,1.0,Win,1.8222,0,0,
2004-06-18 16:00:00,50.0,1.8382,Yes,Long,,Win,1.8382,0,0,1.0
2004-06-23 16:00:00,2.0,1.8188,Yes,Short,1.0,Win,1.8188,0,0,
2004-07-20 16:00:00,47.8,1.8564,Yes,Short,1.0,Win,1.8564,0,0,
2004-07-21 16:00:00,30.9,1.8379,Yes,Short,1.0,Loss,1.8379,0,0,
2004-07-29 16:00:00,25.0,1.8138,Yes,Short,1.0,Loss,1.8138,0,0,
2004-08-20 16:00:00,25.0,1.8245,Yes,Short,1.0,Win,1.8245,0,0,
2004-09-07 16:00:00,25.0,1.7747,Yes,Short,1.0,Loss,1.7747,0,0,
2004-09-16 16:00:00,33.7,1.7876,Yes,Long,,Win,1.7876,0,0,1.0
2004-09-21 16:00:00,1.4,1.7944,Yes,Long,,Win,1.7944,0,0,1.0
2004-09-23 16:00:00,25.0,1.8029,Yes,Long,,Loss,1.8029,0,0,1.0
2004-10-01 16:00:00,32.5,1.7939,Yes,Short,1.0,Loss,1.7939,0,0,
2004-10-04 16:00:00,11.4,1.7862,Yes,Short,1.0,Win,1.7862,0,0,
2004-10-21 16:00:00,83.9,1.8272,Yes,Long,,Win,1.8272,0,0,1.0
2004-10-28 16:00:00,40.9,1.8293,Yes,Short,1.0,Win,1.8293,0,0,
2004-11-02 16:00:00,68.7,1.8385,Yes,Long,,Win,1.8385,0,0,1.0
2004-11-03 16:00:00,59.9,1.8473,Yes,Long,,Win,1.8473,0,0,1.0
2004-11-16 16:00:00,55.1,1.852,Yes,Long,,Win,1.852,0,0,1.0
2004-11-18 16:00:00,28.2,1.851,Yes,Short,1.0,Loss,1.851,0,0,
2004-11-19 16:00:00,25.0,1.8572,Yes,Long,,Win,1.8572,0,0,1.0
2004-11-23 16:00:00,61.8,1.8703,Yes,Long,,Loss,1.8703,0,0,1.0
2004-11-24 16:00:00,79.3,1.8801,Yes,Long,,Win,1.8801,0,0,1.0
2004-11-30 16:00:00,66.9,1.9117,Yes,Long,,Loss,1.9117,0,0,1.0
2004-12-02 16:00:00,95.9,1.9336,Yes,Short,1.0,Win,1.9336,0,0,
2004-12-03 16:00:00,95.8,1.9344,Yes,Long,,Win,1.9344,0,0,1.0
2004-12-08 16:00:00,94.1,1.9256,Yes,Short,1.0,Loss,1.9256,0,0,
2004-12-15 16:00:00,50.0,1.941,Yes,Long,,Win,1.941,0,0,1.0
2004-12-22 16:00:00,19.1,1.9133,Yes,Short,1.0,Loss,1.9133,0,0,
2004-12-29 16:00:00,50.0,1.9155,Yes,Short,1.0,Loss,1.9155,0,0,
2005-01-04 16:00:00,0.0,1.893,Yes,Short,1.0,Win,1.893,0,0,
2005-01-12 16:00:00,25.0,1.8885,Yes,Long,,Win,1.8885,0,0,1.0
2005-01-18 16:00:00,0.0,1.8665,Yes,Long,,Win,1.8665,0,0,1.0
2005-01-19 16:00:00,25.0,1.8791,Yes,Long,,Loss,1.8791,0,0,1.0
2005-01-26 16:00:00,0.0,1.8795,Yes,Long,,Win,1.8795,0,0,1.0
2005-02-14 16:00:00,25.0,1.888,Yes,Long,,Win,1.888,0,0,1.0
2005-02-16 16:00:00,51.4,1.8831,Yes,Short,1.0,Loss,1.8831,0,0,
2005-03-02 16:00:00,70.0,1.9091,Yes,Short,1.0,Loss,1.9091,0,0,
2005-03-07 16:00:00,12.8,1.9137,Yes,Short,1.0,Loss,1.9137,0,0,
2005-03-08 16:00:00,30.1,1.9301,Yes,Long,,Loss,1.9301,0,0,1.0
2005-03-09 16:00:00,59.2,1.9228,Yes,Short,1.0,Loss,1.9228,0,0,
2005-03-15 16:00:00,8.8,1.9159,Yes,Long,,Loss,1.9159,0,0,1.0
2005-03-16 16:00:00,28.3,1.9278,Yes,Long,,Loss,1.9278,0,0,1.0
2005-03-21 16:00:00,25.0,1.8993,Yes,Short,1.0,Win,1.8993,0,0,
2005-03-23 16:00:00,0.0,1.8743,Yes,Short,1.0,Win,1.8743,0,0,
2005-04-11 16:00:00,25.5,1.8901,Yes,Long,,Win,1.8901,0,0,1.0
2005-04-15 16:00:00,16.8,1.8884,Yes,Long,,Win,1.8884,0,0,1.0
2005-04-18 16:00:00,45.2,1.899,Yes,Long,,Win,1.899,0,0,1.0
2005-04-21 16:00:00,86.4,1.9087,Yes,Short,1.0,Win,1.9087,0,0,
2005-05-13 16:00:00,0.0,1.8555,Yes,Short,1.0,Win,1.8555,0,0,
2005-05-16 16:00:00,0.0,1.8336,Yes,Short,1.0,Loss,1.8336,0,0,
2005-06-01 16:00:00,50.0,1.812,Yes,Short,1.0,Win,1.812,0,0,
2005-06-07 16:00:00,25.0,1.83,Yes,Long,,Win,1.83,0,0,1.0
2005-06-22 16:00:00,34.2,1.8197,Yes,Short,1.0,Loss,1.8197,0,0,
2005-06-29 16:00:00,50.0,1.8055,Yes,Short,1.0,Loss,1.8055,0,0,
2005-06-30 16:00:00,0.0,1.7922,Yes,Short,1.0,Win,1.7922,0,0,
2005-07-08 16:00:00,0.0,1.7364,Yes,Short,1.0,Win,1.7364,0,0,
2005-07-21 16:00:00,0.0,1.7503,Yes,Long,,Win,1.7503,0,0,1.0
2005-08-03 16:00:00,79.2,1.7796,Yes,Long,,Loss,1.7796,0,0,1.0
2005-08-08 16:00:00,68.9,1.7887,Yes,Long,,Loss,1.7887,0,0,1.0
2005-08-30 16:00:00,25.0,1.7857,Yes,Short,1.0,Loss,1.7857,0,0,
2005-09-01 16:00:00,25.0,1.8166,Yes,Long,,Win,1.8166,0,0,1.0
2005-09-12 16:00:00,53.4,1.8237,Yes,Short,1.0,Win,1.8237,0,0,
2005-09-15 16:00:00,50.0,1.8074,Yes,Short,1.0,Win,1.8074,0,0,
2005-10-07 16:00:00,50.0,1.762,Yes,Short,1.0,Loss,1.762,0,0,
2005-10-12 16:00:00,0.0,1.7521,Yes,Long,,Loss,1.7521,0,0,1.0
2005-10-17 16:00:00,50.0,1.7571,Yes,Short,1.0,Win,1.7571,0,0,
2005-10-19 16:00:00,0.0,1.7565,Yes,Long,,Win,1.7565,0,0,1.0
2005-10-25 16:00:00,49.6,1.7796,Yes,Long,,Win,1.7796,0,0,1.0
2005-11-16 16:00:00,25.0,1.7162,Yes,Short,1.0,Loss,1.7162,0,0,
2005-11-22 16:00:00,50.0,1.7093,Yes,Short,1.0,Loss,1.7093,0,0,
2005-12-02 16:00:00,41.5,1.7277,Yes,Long,,Win,1.7277,0,0,1.0
2005-12-05 16:00:00,46.4,1.7406,Yes,Long,,Win,1.7406,0,0,1.0
2005-12-06 16:00:00,75.1,1.7337,Yes,Short,1.0,Loss,1.7337,0,0,
2005-12-08 16:00:00,58.9,1.7443,Yes,Long,,Win,1.7443,0,0,1.0
2005-12-12 16:00:00,88.7,1.7716,Yes,Long,,Win,1.7716,0,0,1.0
2005-12-21 16:00:00,35.5,1.7422,Yes,Short,1.0,Loss,1.7422,0,0,
2005-12-28 16:00:00,25.0,1.7304,Yes,Short,1.0,Win,1.7304,0,0,
2006-01-04 16:00:00,25.0,1.7565,Yes,Long,,Win,1.7565,0,0,1.0
2006-01-06 16:00:00,42.5,1.7691,Yes,Long,,Win,1.7691,0,0,1.0
2006-01-16 16:00:00,80.8,1.7655,Yes,Short,1.0,Loss,1.7655,0,0,
2006-01-17 16:00:00,75.6,1.7612,Yes,Short,1.0,Loss,1.7612,0,0,
2006-01-20 16:00:00,0.0,1.7654,Yes,Long,,Win,1.7654,0,0,1.0
2006-01-23 16:00:00,25.0,1.7854,Yes,Long,,Win,1.7854,0,0,1.0
2006-02-03 16:00:00,50.0,1.7629,Yes,Short,1.0,Win,1.7629,0,0,
2006-02-10 16:00:00,0.0,1.7566,Yes,Long,,Loss,1.7566,0,0,1.0
2006-02-14 16:00:00,0.0,1.7321,Yes,Short,1.0,Loss,1.7321,0,0,
2006-02-15 16:00:00,25.0,1.7461,Yes,Long,,Loss,1.7461,0,0,1.0
2006-02-23 16:00:00,25.8,1.7506,Yes,Long,,Win,1.7506,0,0,1.0
2006-02-28 16:00:00,37.3,1.747,Yes,Long,,Win,1.747,0,0,1.0
2006-03-02 16:00:00,67.1,1.7457,Yes,Short,1.0,Loss,1.7457,0,0,
2006-03-06 16:00:00,44.0,1.7533,Yes,Short,1.0,Win,1.7533,0,0,
2006-03-07 16:00:00,38.4,1.7351,Yes,Short,1.0,Loss,1.7351,0,0,
2006-03-08 16:00:00,50.1,1.7355,Yes,Short,1.0,Loss,1.7355,0,0,
2006-03-29 16:00:00,50.0,1.7329,Yes,Short,1.0,Loss,1.7329,0,0,
2006-04-04 16:00:00,0.0,1.7524,Yes,Long,,Win,1.7524,0,0,1.0
2006-04-17 16:00:00,3.6,1.7703,Yes,Long,,Loss,1.7703,0,0,1.0
2006-04-20 16:00:00,87.5,1.7815,Yes,Short,1.0,Win,1.7815,0,0,
2006-05-02 16:00:00,82.0,1.8367,Yes,Long,,Win,1.8367,0,0,1.0
2006-05-15 16:00:00,68.8,1.8856,Yes,Short,1.0,Win,1.8856,0,0,
2006-05-19 16:00:00,57.6,1.8731,Yes,Short,1.0,Loss,1.8731,0,0,
2006-06-08 16:00:00,0.0,1.841,Yes,Short,1.0,Loss,1.841,0,0,
2006-06-22 16:00:00,28.7,1.8308,Yes,Short,1.0,Win,1.8308,0,0,
2006-06-23 16:00:00,0.0,1.8159,Yes,Short,1.0,Loss,1.8159,0,0,
2006-07-17 16:00:00,25.0,1.8203,Yes,Short,1.0,Win,1.8203,0,0,
2006-07-18 16:00:00,0.0,1.8302,Yes,Long,,Loss,1.8302,0,0,1.0
2006-07-20 16:00:00,0.0,1.8498,Yes,Long,,Win,1.8498,0,0,1.0
2006-07-21 16:00:00,50.0,1.8585,Yes,Long,,Win,1.8585,0,0,1.0
2006-08-03 16:00:00,82.5,1.8901,Yes,Long,,Loss,1.8901,0,0,1.0
2006-08-21 16:00:00,0.0,1.8963,Yes,Long,,Loss,1.8963,0,0,1.0
2006-09-06 16:00:00,21.3,1.8833,Yes,Short,1.0,Loss,1.8833,0,0,
2006-09-07 16:00:00,1.2,1.8721,Yes,Short,1.0,Loss,1.8721,0,0,
2006-09-14 16:00:00,50.0,1.8875,Yes,Long,,Loss,1.8875,0,0,1.0
2006-09-15 16:00:00,50.0,1.8829,Yes,Short,1.0,Win,1.8829,0,0,
2006-09-26 16:00:00,38.5,1.8961,Yes,Short,1.0,Loss,1.8961,0,0,
2006-09-28 16:00:00,19.6,1.8767,Yes,Short,1.0,Loss,1.8767,0,0,
2006-10-10 16:00:00,0.0,1.8559,Yes,Short,1.0,Win,1.8559,0,0,
2006-10-20 16:00:00,58.3,1.885,Yes,Long,,Loss,1.885,0,0,1.0
2006-10-23 16:00:00,82.3,1.8711,Yes,Short,1.0,Loss,1.8711,0,0,
2006-11-03 16:00:00,42.8,1.9008,Yes,Short,1.0,Loss,1.9008,0,0,
2006-11-09 16:00:00,37.3,1.9008,Yes,Short,1.0,Loss,1.9008,0,0,
2006-11-10 16:00:00,4.3,1.9153,Yes,Long,,Loss,1.9153,0,0,1.0
2006-11-13 16:00:00,31.0,1.9025,Yes,Short,1.0,Win,1.9025,0,0,
2006-11-15 16:00:00,0.0,1.8856,Yes,Short,1.0,Loss,1.8856,0,0,
2006-11-22 16:00:00,50.0,1.9129,Yes,Long,,Win,1.9129,0,0,1.0
2006-11-24 16:00:00,55.2,1.9324,Yes,Long,,Loss,1.9324,0,0,1.0
2006-12-19 16:00:00,0.0,1.9623,Yes,Long,,Win,1.9623,0,0,1.0
2006-12-28 16:00:00,25.3,1.9636,Yes,Long,,Loss,1.9636,0,0,1.0
2007-01-03 16:00:00,28.7,1.9572,Yes,Short,1.0,Win,1.9572,0,0,
2007-01-05 16:00:00,0.0,1.9323,Yes,Short,1.0,Win,1.9323,0,0,
2007-01-11 16:00:00,25.0,1.9446,Yes,Long,,Win,1.9446,0,0,1.0
2007-01-12 16:00:00,25.0,1.956,Yes,Long,,Win,1.956,0,0,1.0
2007-01-18 16:00:00,63.7,1.9703,Yes,Short,1.0,Loss,1.9703,0,0,
2007-01-23 16:00:00,68.6,1.9887,Yes,Long,,Loss,1.9887,0,0,1.0
2007-01-24 16:00:00,92.1,1.9704,Yes,Short,1.0,Win,1.9704,0,0,
2007-01-31 16:00:00,25.0,1.9535,Yes,Short,1.0,Loss,1.9535,0,0,
2007-02-05 16:00:00,50.0,1.9567,Yes,Short,1.0,Loss,1.9567,0,0,
2007-02-08 16:00:00,66.4,1.9589,Yes,Short,1.0,Win,1.9589,0,0,
2007-02-13 16:00:00,0.0,1.9443,Yes,Short,1.0,Loss,1.9443,0,0,
2007-02-15 16:00:00,0.0,1.9581,Yes,Short,1.0,Win,1.9581,0,0,
2007-02-19 16:00:00,0.0,1.9457,Yes,Short,1.0,Loss,1.9457,0,0,
2007-03-02 16:00:00,25.5,1.9439,Yes,Short,1.0,Win,1.9439,0,0,
2007-03-16 16:00:00,30.2,1.9471,Yes,Long,,Loss,1.9471,0,0,1.0
2007-03-20 16:00:00,50.9,1.9577,Yes,Long,,Win,1.9577,0,0,1.0
2007-04-02 16:00:00,61.3,1.9784,Yes,Long,,Win,1.9784,0,0,1.0
2007-04-05 16:00:00,27.1,1.9686,Yes,Short,1.0,Loss,1.9686,0,0,
2007-04-17 16:00:00,75.4,2.0063,Yes,Long,,Win,2.0063,0,0,1.0
2007-04-26 16:00:00,72.4,1.9945,Yes,Short,1.0,Win,1.9945,0,0,
2007-04-27 16:00:00,1.7,2.0018,Yes,Long,,Loss,2.0018,0,0,1.0
2007-05-10 16:00:00,50.0,1.984,Yes,Short,1.0,Win,1.984,0,0,
2007-05-23 16:00:00,25.0,1.9864,Yes,Long,,Win,1.9864,0,0,1.0
2007-05-30 16:00:00,46.0,1.9745,Yes,Short,1.0,Loss,1.9745,0,0,
2007-06-07 16:00:00,13.7,1.9825,Yes,Short,1.0,Win,1.9825,0,0,
2007-06-08 16:00:00,8.4,1.9662,Yes,Short,1.0,Loss,1.9662,0,0,
2007-06-13 16:00:00,50.0,1.9685,Yes,Short,1.0,Loss,1.9685,0,0,
2007-07-11 16:00:00,77.5,2.034,Yes,Long,,Loss,2.034,0,0,1.0
2007-07-17 16:00:00,87.3,2.0472,Yes,Long,,Loss,2.0472,0,0,1.0
2007-07-18 16:00:00,93.3,2.0473,Yes,Short,1.0,Loss,2.0473,0,0,
2007-07-25 16:00:00,95.6,2.054,Yes,Short,1.0,Win,2.054,0,0,
2007-07-26 16:00:00,86.5,2.0447,Yes,Short,1.0,Loss,2.0447,0,0,
2007-07-27 16:00:00,17.9,2.0315,Yes,Short,1.0,Win,2.0315,0,0,
2007-07-31 16:00:00,25.0,2.0329,Yes,Long,,Win,2.0329,0,0,1.0
2007-08-06 16:00:00,50.0,2.03,Yes,Short,1.0,Loss,2.03,0,0,
2007-08-09 16:00:00,25.0,2.0224,Yes,Short,1.0,Loss,2.0224,0,0,
2007-08-13 16:00:00,0.0,2.015,Yes,Short,1.0,Win,2.015,0,0,
2007-08-14 16:00:00,0.0,2.0002,Yes,Short,1.0,Win,2.0002,0,0,
2007-08-23 16:00:00,50.0,2.005,Yes,Long,,Loss,2.005,0,0,1.0
2007-08-29 16:00:00,34.6,2.0137,Yes,Long,,Win,2.0137,0,0,1.0
2007-09-14 16:00:00,26.0,2.013,Yes,Short,1.0,Win,2.013,0,0,
2007-09-19 16:00:00,0.0,2.001,Yes,Short,1.0,Loss,2.001,0,0,
2007-09-27 16:00:00,33.3,2.0255,Yes,Long,,Win,2.0255,0,0,1.0
2007-09-28 16:00:00,52.9,2.0371,Yes,Long,,Win,2.0371,0,0,1.0
2007-10-16 16:00:00,50.0,2.0344,Yes,Short,1.0,Win,2.0344,0,0,
2007-10-22 16:00:00,40.8,2.033,Yes,Short,1.0,Win,2.033,0,0,
2007-10-23 16:00:00,27.7,2.0483,Yes,Long,,Win,2.0483,0,0,1.0
2007-11-05 16:00:00,97.2,2.0807,Yes,Short,1.0,Loss,2.0807,0,0,
2007-11-07 16:00:00,96.3,2.1054,Yes,Long,,Loss,2.1054,0,0,1.0
2007-11-09 16:00:00,96.4,2.0967,Yes,Short,1.0,Win,2.0967,0,0,
2007-11-12 16:00:00,84.4,2.0649,Yes,Short,1.0,Win,2.0649,0,0,
2007-11-15 16:00:00,25.0,2.0482,Yes,Short,1.0,Win,2.0482,0,0,
2007-11-23 16:00:00,50.0,2.0539,Yes,Short,1.0,Loss,2.0539,0,0,
2007-12-05 16:00:00,25.0,2.0315,Yes,Short,1.0,Win,2.0315,0,0,
2007-12-07 16:00:00,25.0,2.0292,Yes,Long,,Win,2.0292,0,0,1.0
2007-12-10 16:00:00,50.0,2.0457,Yes,Long,,Win,2.0457,0,0,1.0
2007-12-14 16:00:00,25.0,2.0223,Yes,Short,1.0,Win,2.0223,0,0,
2007-12-19 16:00:00,25.0,2.0055,Yes,Short,1.0,Win,2.0055,0,0,
2007-12-31 16:00:00,50.0,2.0032,Yes,Long,,Loss,2.0032,0,0,1.0
2008-01-04 16:00:00,0.0,1.9757,Yes,Long,,Loss,1.9757,0,0,1.0
2008-01-09 16:00:00,50.0,1.9594,Yes,Short,1.0,Win,1.9594,0,0,
2008-01-15 16:00:00,50.0,1.9716,Yes,Long,,Loss,1.9716,0,0,1.0
2008-01-18 16:00:00,50.0,1.9604,Yes,Short,1.0,Win,1.9604,0,0,
2008-01-22 16:00:00,0.0,1.9519,Yes,Long,,Win,1.9519,0,0,1.0
2008-01-23 16:00:00,25.0,1.9497,Yes,Short,1.0,Loss,1.9497,0,0,
2008-01-24 16:00:00,25.0,1.9682,Yes,Long,,Win,1.9682,0,0,1.0
2008-02-01 16:00:00,40.8,1.9717,Yes,Short,1.0,Win,1.9717,0,0,
2008-02-07 16:00:00,0.0,1.9436,Yes,Short,1.0,Win,1.9436,0,0,
2008-02-20 16:00:00,2.5,1.9401,Yes,Short,1.0,Loss,1.9401,0,0,
2008-02-21 16:00:00,0.0,1.9569,Yes,Long,,Win,1.9569,0,0,1.0
2008-02-26 16:00:00,50.0,1.9723,Yes,Long,,Win,1.9723,0,0,1.0
2008-02-28 16:00:00,70.6,1.988,Yes,Long,,Win,1.988,0,0,1.0
2008-02-29 16:00:00,61.8,1.986,Yes,Short,1.0,Loss,1.986,0,0,
2008-03-06 16:00:00,54.6,2.0035,Yes,Long,,Win,2.0035,0,0,1.0
2008-03-18 16:00:00,15.6,2.0187,Yes,Long,,Loss,2.0187,0,0,1.0
2008-03-19 16:00:00,54.3,1.9965,Yes,Short,1.0,Win,1.9965,0,0,
2008-04-08 16:00:00,50.0,1.9685,Yes,Short,1.0,Loss,1.9685,0,0,
2008-04-14 16:00:00,0.0,1.9874,Yes,Long,,Loss,1.9874,0,0,1.0
2008-04-16 16:00:00,25.0,1.9772,Yes,Long,,Loss,1.9772,0,0,1.0
2008-04-21 16:00:00,35.2,1.9867,Yes,Short,1.0,Win,1.9867,0,0,
2008-04-22 16:00:00,42.1,1.992,Yes,Long,,Win,1.992,0,0,1.0
2008-04-25 16:00:00,6.9,1.9835,Yes,Long,,Loss,1.9835,0,0,1.0
2008-04-29 16:00:00,53.1,1.9738,Yes,Short,1.0,Win,1.9738,0,0,
2008-05-02 16:00:00,50.0,1.9815,Yes,Long,,Loss,1.9815,0,0,1.0
2008-05-07 16:00:00,25.0,1.9543,Yes,Short,1.0,Win,1.9543,0,0,
2008-05-12 16:00:00,0.0,1.9577,Yes,Long,,Loss,1.9577,0,0,1.0
2008-05-20 16:00:00,50.0,1.9668,Yes,Long,,Win,1.9668,0,0,1.0
2008-05-22 16:00:00,66.0,1.9824,Yes,Long,,Loss,1.9824,0,0,1.0
2008-06-02 16:00:00,64.9,1.9616,Yes,Short,1.0,Loss,1.9616,0,0,
2008-06-09 16:00:00,50.0,1.9796,Yes,Long,,Loss,1.9796,0,0,1.0
2008-06-10 16:00:00,50.0,1.958,Yes,Short,1.0,Win,1.958,0,0,
2008-06-12 16:00:00,0.0,1.9482,Yes,Short,1.0,Win,1.9482,0,0,
2008-06-16 16:00:00,25.0,1.9672,Yes,Long,,Loss,1.9672,0,0,1.0
2008-06-17 16:00:00,25.0,1.9493,Yes,Short,1.0,Loss,1.9493,0,0,
2008-06-19 16:00:00,25.0,1.9711,Yes,Long,,Win,1.9711,0,0,1.0
2008-06-23 16:00:00,59.9,1.9601,Yes,Short,1.0,Loss,1.9601,0,0,
2008-06-26 16:00:00,79.7,1.9875,Yes,Long,,Win,1.9875,0,0,1.0
2008-07-07 16:00:00,13.9,1.9674,Yes,Short,1.0,Loss,1.9674,0,0,
2008-07-15 16:00:00,50.0,2.0098,Yes,Long,,Loss,2.0098,0,0,1.0
2008-07-23 16:00:00,44.8,2.0013,Yes,Long,,Loss,2.0013,0,0,1.0
2008-07-24 16:00:00,10.7,1.9834,Yes,Short,1.0,Loss,1.9834,0,0,
2008-07-25 16:00:00,0.0,1.9928,Yes,Long,,Loss,1.9928,0,0,1.0
2008-07-29 16:00:00,25.0,1.9875,Yes,Short,1.0,Win,1.9875,0,0,
2008-08-13 16:00:00,25.0,1.8785,Yes,Short,1.0,Win,1.8785,0,0,
2008-08-14 16:00:00,0.0,1.8755,Yes,Long,,Loss,1.8755,0,0,1.0
2008-08-22 16:00:00,50.0,1.857,Yes,Short,1.0,Win,1.857,0,0,
2008-09-08 16:00:00,0.0,1.7635,Yes,Short,1.0,Win,1.7635,0,0,
2008-09-15 16:00:00,0.0,1.7911,Yes,Short,1.0,Win,1.7911,0,0,
2008-09-29 16:00:00,54.3,1.8047,Yes,Short,1.0,Loss,1.8047,0,0,
2008-10-13 16:00:00,25.0,1.7375,Yes,Long,,Loss,1.7375,0,0,1.0
2008-10-21 16:00:00,0.0,1.6971,Yes,Short,1.0,Win,1.6971,0,0,
2008-10-24 16:00:00,0.0,1.5632,Yes,Short,1.0,Loss,1.5632,0,0,
2008-11-03 16:00:00,25.0,1.5976,Yes,Short,1.0,Win,1.5976,0,0,
2008-11-17 16:00:00,25.0,1.5039,Yes,Long,,Loss,1.5039,0,0,1.0
2008-12-01 16:00:00,30.2,1.4926,Yes,Short,1.0,Win,1.4926,0,0,
2008-12-17 16:00:00,86.8,1.5435,Yes,Short,1.0,Loss,1.5435,0,0,
2008-12-29 16:00:00,25.0,1.4626,Yes,Short,1.0,Win,1.4626,0,0,
2009-01-07 16:00:00,50.0,1.511,Yes,Long,,Win,1.511,0,0,1.0
2009-01-08 16:00:00,60.0,1.5253,Yes,Long,,Loss,1.5253,0,0,1.0
2009-01-12 16:00:00,40.0,1.4874,Yes,Short,1.0,Win,1.4874,0,0,
2009-01-19 16:00:00,25.0,1.4467,Yes,Short,1.0,Win,1.4467,0,0,
2009-01-26 16:00:00,0.0,1.392,Yes,Long,,Win,1.392,0,0,1.0
2009-01-29 16:00:00,50.0,1.4282,Yes,Long,,Win,1.4282,0,0,1.0
2009-02-09 16:00:00,87.9,1.4954,Yes,Long,,Loss,1.4954,0,0,1.0
2009-02-25 16:00:00,14.4,1.4321,Yes,Short,1.0,Win,1.4321,0,0,
2009-02-26 16:00:00,30.6,1.4328,Yes,Long,,Loss,1.4328,0,0,1.0
2009-03-02 16:00:00,0.7,1.406,Yes,Short,1.0,Win,1.406,0,0,
2009-03-09 16:00:00,25.0,1.3805,Yes,Short,1.0,Win,1.3805,0,0,
2009-03-19 16:00:00,26.7,1.4496,Yes,Long,,Win,1.4496,0,0,1.0
2009-04-02 16:00:00,25.0,1.4716,Yes,Long,,Loss,1.4716,0,0,1.0
2009-04-20 16:00:00,19.5,1.457,Yes,Short,1.0,Win,1.457,0,0,
2009-05-01 16:00:00,60.4,1.4881,Yes,Long,,Win,1.4881,0,0,1.0
2009-05-12 16:00:00,91.0,1.528,Yes,Long,,Loss,1.528,0,0,1.0
2009-05-13 16:00:00,91.3,1.5133,Yes,Short,1.0,Loss,1.5133,0,0,
2009-05-18 16:00:00,43.8,1.5271,Yes,Long,,Win,1.5271,0,0,1.0
2009-05-19 16:00:00,46.5,1.5461,Yes,Long,,Win,1.5461,0,0,1.0
2009-05-21 16:00:00,81.0,1.5638,Yes,Short,1.0,Loss,1.5638,0,0,
2009-06-01 16:00:00,91.3,1.638,Yes,Long,,Win,1.638,0,0,1.0
2009-06-03 16:00:00,90.5,1.6471,Yes,Short,1.0,Win,1.6471,0,0,
2009-06-16 16:00:00,2.3,1.6457,Yes,Long,,Loss,1.6457,0,0,1.0
2009-06-17 16:00:00,43.2,1.6299,Yes,Short,1.0,Loss,1.6299,0,0,
2009-06-18 16:00:00,48.5,1.627,Yes,Short,1.0,Loss,1.627,0,0,
2009-06-25 16:00:00,50.0,1.6244,Yes,Short,1.0,Loss,1.6244,0,0,
2009-07-06 16:00:00,25.0,1.6165,Yes,Short,1.0,Loss,1.6165,0,0,
2009-07-09 16:00:00,0.0,1.6262,Yes,Long,,Win,1.6262,0,0,1.0
2009-07-20 16:00:00,26.1,1.6517,Yes,Long,,Win,1.6517,0,0,1.0
2009-08-03 16:00:00,58.7,1.6848,Yes,Long,,Win,1.6848,0,0,1.0
2009-08-05 16:00:00,78.9,1.6985,Yes,Long,,Win,1.6985,0,0,1.0
2009-08-06 16:00:00,86.4,1.6862,Yes,Short,1.0,Win,1.6862,0,0,
2009-08-17 16:00:00,50.0,1.6315,Yes,Short,1.0,Loss,1.6315,0,0,
2009-08-21 16:00:00,25.0,1.656,Yes,Long,,Loss,1.656,0,0,1.0
2009-09-03 16:00:00,25.0,1.6361,Yes,Long,,Loss,1.6361,0,0,1.0
2009-09-08 16:00:00,38.7,1.6568,Yes,Long,,Loss,1.6568,0,0,1.0
2009-09-15 16:00:00,67.5,1.6461,Yes,Short,1.0,Loss,1.6461,0,0,
2009-09-22 16:00:00,25.0,1.6315,Yes,Long,,Win,1.6315,0,0,1.0
2009-09-24 16:00:00,0.0,1.6193,Yes,Short,1.0,Win,1.6193,0,0,
2009-10-06 16:00:00,50.0,1.5901,Yes,Short,1.0,Loss,1.5901,0,0,
2009-10-15 16:00:00,50.0,1.6233,Yes,Long,,Win,1.6233,0,0,1.0
2009-10-21 16:00:00,81.5,1.6581,Yes,Long,,Win,1.6581,0,0,1.0
2009-10-23 16:00:00,96.4,1.6396,Yes,Short,1.0,Win,1.6396,0,0,
2009-11-20 16:00:00,1.4,1.6497,Yes,Short,1.0,Loss,1.6497,0,0,
2009-11-27 16:00:00,25.0,1.6431,Yes,Long,,Win,1.6431,0,0,1.0
2009-12-01 16:00:00,50.0,1.6584,Yes,Long,,Win,1.6584,0,0,1.0
2009-12-03 16:00:00,50.0,1.6601,Yes,Short,1.0,Win,1.6601,0,0,
2009-12-07 16:00:00,0.0,1.6366,Yes,Short,1.0,Loss,1.6366,0,0,
2009-12-16 16:00:00,25.0,1.6371,Yes,Long,,Loss,1.6371,0,0,1.0
2009-12-17 16:00:00,50.0,1.6123,Yes,Short,1.0,Loss,1.6123,0,0,
2009-12-31 16:00:00,25.0,1.6177,Yes,Long,,Loss,1.6177,0,0,1.0
2010-01-08 16:00:00,0.1,1.603,Yes,Long,,Loss,1.603,0,0,1.0
2010-01-22 16:00:00,16.5,1.6096,Yes,Short,1.0,Loss,1.6096,0,0,
2010-01-26 16:00:00,25.0,1.6125,Yes,Short,1.0,Loss,1.6125,0,0,
2010-01-27 16:00:00,25.0,1.6189,Yes,Long,,Loss,1.6189,0,0,1.0
2010-01-29 16:00:00,25.0,1.6046,Yes,Short,1.0,Win,1.6046,0,0,
2010-02-03 16:00:00,25.0,1.5961,Yes,Short,1.0,Win,1.5961,0,0,
2010-02-12 16:00:00,25.0,1.5645,Yes,Short,1.0,Loss,1.5645,0,0,
2010-02-23 16:00:00,25.0,1.544,Yes,Short,1.0,Win,1.544,0,0,
2010-03-01 16:00:00,0.0,1.4913,Yes,Short,1.0,Loss,1.4913,0,0,
2010-03-12 16:00:00,50.0,1.5147,Yes,Long,,Win,1.5147,0,0,1.0
2010-03-15 16:00:00,55.9,1.5062,Yes,Short,1.0,Win,1.5062,0,0,
2010-04-09 16:00:00,82.5,1.5342,Yes,Long,,Win,1.5342,0,0,1.0
2010-04-15 16:00:00,58.4,1.5438,Yes,Short,1.0,Loss,1.5438,0,0,
2010-04-20 16:00:00,9.3,1.537,Yes,Long,,Loss,1.537,0,0,1.0
2010-04-27 16:00:00,25.0,1.5334,Yes,Short,1.0,Win,1.5334,0,0,
2010-04-29 16:00:00,0.0,1.5258,Yes,Long,,Win,1.5258,0,0,1.0
2010-05-10 16:00:00,0.0,1.5042,Yes,Long,,Loss,1.5042,0,0,1.0
2010-06-09 16:00:00,0.0,1.4529,Yes,Long,,Loss,1.4529,0,0,1.0
2010-06-14 16:00:00,25.0,1.4762,Yes,Long,,Win,1.4762,0,0,1.0
2010-06-17 16:00:00,76.4,1.4808,Yes,Long,,Loss,1.4808,0,0,1.0
2010-07-13 16:00:00,0.3,1.5129,Yes,Long,,Win,1.5129,0,0,1.0
2010-07-20 16:00:00,18.2,1.5177,Yes,Short,1.0,Loss,1.5177,0,0,
2010-07-22 16:00:00,37.9,1.5245,Yes,Long,,Win,1.5245,0,0,1.0
2010-07-23 16:00:00,13.0,1.5394,Yes,Long,,Win,1.5394,0,0,1.0
2010-08-02 16:00:00,70.4,1.5861,Yes,Long,,Win,1.5861,0,0,1.0
2010-08-10 16:00:00,60.1,1.5741,Yes,Short,1.0,Loss,1.5741,0,0,
2010-08-11 16:00:00,20.3,1.5702,Yes,Short,1.0,Win,1.5702,0,0,
2010-08-12 16:00:00,0.9,1.5591,Yes,Short,1.0,Win,1.5591,0,0,
2010-08-18 16:00:00,0.0,1.5668,Yes,Long,,Loss,1.5668,0,0,1.0
2010-09-06 16:00:00,25.0,1.5373,Yes,Short,1.0,Loss,1.5373,0,0,
2010-09-08 16:00:00,25.0,1.5436,Yes,Long,,Win,1.5436,0,0,1.0
2010-10-01 16:00:00,55.0,1.5832,Yes,Long,,Loss,1.5832,0,0,1.0
2010-10-07 16:00:00,67.3,1.5991,Yes,Long,,Loss,1.5991,0,0,1.0
2010-10-19 16:00:00,29.1,1.5725,Yes,Short,1.0,Win,1.5725,0,0,
2010-10-26 16:00:00,0.0,1.5856,Yes,Long,,Loss,1.5856,0,0,1.0
2010-11-03 16:00:00,37.1,1.6111,Yes,Long,,Loss,1.6111,0,0,1.0
2010-11-04 16:00:00,95.0,1.6296,Yes,Long,,Loss,1.6296,0,0,1.0
2010-11-10 16:00:00,22.7,1.6043,Yes,Long,,Win,1.6043,0,0,1.0
2010-11-12 16:00:00,27.5,1.616,Yes,Long,,Loss,1.616,0,0,1.0
2010-11-19 16:00:00,50.0,1.5948,Yes,Short,1.0,Loss,1.5948,0,0,
2010-11-22 16:00:00,50.0,1.597,Yes,Short,1.0,Win,1.597,0,0,
2010-11-26 16:00:00,25.0,1.5632,Yes,Short,1.0,Win,1.5632,0,0,
2010-11-29 16:00:00,25.0,1.5531,Yes,Short,1.0,Loss,1.5531,0,0,
2010-12-02 16:00:00,50.0,1.5564,Yes,Short,1.0,Loss,1.5564,0,0,
2010-12-03 16:00:00,25.0,1.5684,Yes,Long,,Win,1.5684,0,0,1.0
2010-12-08 16:00:00,51.4,1.5804,Yes,Long,,Win,1.5804,0,0,1.0
2010-12-14 16:00:00,89.4,1.576,Yes,Short,1.0,Loss,1.576,0,0,
2010-12-15 16:00:00,54.8,1.5635,Yes,Short,1.0,Win,1.5635,0,0,
2010-12-17 16:00:00,0.0,1.5521,Yes,Short,1.0,Win,1.5521,0,0,
2010-12-30 16:00:00,25.0,1.5462,Yes,Short,1.0,Win,1.5462,0,0,
2011-01-04 16:00:00,61.5,1.5592,Yes,Long,,Loss,1.5592,0,0,1.0
2011-01-05 16:00:00,49.4,1.549,Yes,Short,1.0,Loss,1.549,0,0,
2011-01-07 16:00:00,12.1,1.5506,Yes,Long,,Win,1.5506,0,0,1.0
2011-01-13 16:00:00,65.0,1.5841,Yes,Long,,Loss,1.5841,0,0,1.0
2011-01-25 16:00:00,58.9,1.5787,Yes,Short,1.0,Loss,1.5787,0,0,
2011-01-26 16:00:00,32.0,1.5868,Yes,Long,,Win,1.5868,0,0,1.0
2011-02-04 16:00:00,48.8,1.6056,Yes,Short,1.0,Loss,1.6056,0,0,
2011-02-08 16:00:00,84.4,1.6045,Yes,Short,1.0,Loss,1.6045,0,0,
2011-02-11 16:00:00,29.8,1.5995,Yes,Short,1.0,Loss,1.5995,0,0,
2011-02-15 16:00:00,25.0,1.6149,Yes,Long,,Loss,1.6149,0,0,1.0
2011-02-16 16:00:00,50.0,1.6016,Yes,Short,1.0,Loss,1.6016,0,0,
2011-02-28 16:00:00,27.0,1.6238,Yes,Long,,Win,1.6238,0,0,1.0
2011-03-02 16:00:00,54.0,1.6314,Yes,Long,,Win,1.6314,0,0,1.0
2011-03-10 16:00:00,51.1,1.6088,Yes,Short,1.0,Win,1.6088,0,0,
2011-03-15 16:00:00,50.0,1.6036,Yes,Short,1.0,Loss,1.6036,0,0,
2011-03-17 16:00:00,25.0,1.6113,Yes,Long,,Win,1.6113,0,0,1.0
2011-03-23 16:00:00,73.5,1.6241,Yes,Short,1.0,Win,1.6241,0,0,
2011-04-05 16:00:00,50.0,1.625,Yes,Long,,Win,1.625,0,0,1.0
2011-04-21 16:00:00,50.2,1.659,Yes,Long,,Loss,1.659,0,0,1.0
2011-04-28 16:00:00,85.0,1.6673,Yes,Short,1.0,Win,1.6673,0,0,
2011-05-03 16:00:00,61.9,1.649,Yes,Short,1.0,Win,1.649,0,0,
2011-05-11 16:00:00,50.0,1.6473,Yes,Long,,Loss,1.6473,0,0,1.0
2011-05-12 16:00:00,25.0,1.6243,Yes,Short,1.0,Loss,1.6243,0,0,
2011-05-18 16:00:00,50.0,1.6117,Yes,Short,1.0,Loss,1.6117,0,0,
2011-06-13 16:00:00,0.0,1.6334,Yes,Long,,Win,1.6334,0,0,1.0
2011-06-15 16:00:00,0.0,1.625,Yes,Short,1.0,Win,1.625,0,0,
2011-06-17 16:00:00,0.0,1.6176,Yes,Long,,Loss,1.6176,0,0,1.0
2011-06-22 16:00:00,25.0,1.6106,Yes,Short,1.0,Win,1.6106,0,0,
2011-06-30 16:00:00,50.0,1.6033,Yes,Short,1.0,Loss,1.6033,0,0,
2011-07-05 16:00:00,50.0,1.6108,Yes,Long,,Loss,1.6108,0,0,1.0
2011-08-03 16:00:00,31.8,1.6391,Yes,Long,,Win,1.6391,0,0,1.0
2011-08-17 16:00:00,50.0,1.6479,Yes,Long,,Win,1.6479,0,0,1.0
2011-08-30 16:00:00,25.0,1.6307,Yes,Short,1.0,Loss,1.6307,0,0,
2011-09-08 16:00:00,0.0,1.6011,Yes,Long,,Loss,1.6011,0,0,1.0
2011-09-21 16:00:00,0.0,1.5604,Yes,Short,1.0,Win,1.5604,0,0,
2011-10-06 16:00:00,25.0,1.5305,Yes,Short,1.0,Loss,1.5305,0,0,
2011-10-07 16:00:00,25.0,1.5565,Yes,Long,,Loss,1.5565,0,0,1.0
2011-10-12 16:00:00,25.3,1.5741,Yes,Long,,Win,1.5741,0,0,1.0
2011-10-18 16:00:00,93.4,1.5723,Yes,Short,1.0,Win,1.5723,0,0,
2011-10-20 16:00:00,55.5,1.5767,Yes,Long,,Win,1.5767,0,0,1.0
2011-10-21 16:00:00,49.0,1.5913,Yes,Long,,Win,1.5913,0,0,1.0
2011-11-01 16:00:00,64.8,1.5959,Yes,Short,1.0,Win,1.5959,0,0,
2011-11-03 16:00:00,32.3,1.5966,Yes,Long,,Win,1.5966,0,0,1.0
2011-11-09 16:00:00,50.0,1.5922,Yes,Short,1.0,Loss,1.5922,0,0,
2011-11-14 16:00:00,25.0,1.5914,Yes,Short,1.0,Win,1.5914,0,0,
2011-11-21 16:00:00,50.0,1.5622,Yes,Short,1.0,Loss,1.5622,0,0,
2011-11-22 16:00:00,25.0,1.563,Yes,Short,1.0,Loss,1.563,0,0,
2011-11-28 16:00:00,25.0,1.5567,Yes,Long,,Loss,1.5567,0,0,1.0
2011-11-29 16:00:00,50.0,1.5615,Yes,Long,,Loss,1.5615,0,0,1.0
2011-11-30 16:00:00,50.0,1.574,Yes,Long,,Loss,1.574,0,0,1.0
2011-12-20 16:00:00,0.0,1.56705,Yes,Long,,Loss,1.56705,0,0,1.0
2011-12-30 16:00:00,0.0,1.55397,Yes,Long,,Loss,1.55397,0,0,1.0
2012-01-05 16:00:00,25.0,1.54867,Yes,Short,1.0,Loss,1.54867,0,0,
2012-01-06 16:00:00,0.0,1.54122,Yes,Short,1.0,Loss,1.54122,0,0,
2012-01-11 16:00:00,50.0,1.53544,Yes,Short,1.0,Win,1.53544,0,0,
2012-01-13 16:00:00,0.0,1.52909,Yes,Short,1.0,Loss,1.52909,0,0,
2012-02-01 16:00:00,96.8,1.58384,Yes,Long,,Loss,1.58384,0,0,1.0
2012-02-03 16:00:00,71.1,1.57842,Yes,Short,1.0,Loss,1.57842,0,0,
2012-02-21 16:00:00,50.0,1.57832,Yes,Short,1.0,Win,1.57832,0,0,
2012-02-22 16:00:00,2.0,1.56594,Yes,Short,1.0,Loss,1.56594,0,0,
2012-02-24 16:00:00,25.1,1.58542,Yes,Long,,Win,1.58542,0,0,1.0
2012-03-02 16:00:00,15.1,1.58451,Yes,Short,1.0,Win,1.58451,0,0,
2012-03-05 16:00:00,17.9,1.58635,Yes,Long,,Loss,1.58635,0,0,1.0
2012-03-06 16:00:00,44.3,1.57548,Yes,Short,1.0,Win,1.57548,0,0,
2012-03-09 16:00:00,50.0,1.5703,Yes,Short,1.0,Win,1.5703,0,0,
2012-03-16 16:00:00,0.0,1.58516,Yes,Long,,Loss,1.58516,0,0,1.0
2012-03-22 16:00:00,48.7,1.57965,Yes,Short,1.0,Loss,1.57965,0,0,
2012-04-10 16:00:00,25.0,1.58683,Yes,Short,1.0,Win,1.58683,0,0,
2012-04-17 16:00:00,1.3,1.5945,Yes,Long,,Win,1.5945,0,0,1.0
2012-04-27 16:00:00,95.0,1.62477,Yes,Long,,Win,1.62477,0,0,1.0
2012-05-02 16:00:00,67.5,1.61672,Yes,Short,1.0,Loss,1.61672,0,0,
2012-05-15 16:00:00,0.0,1.60299,Yes,Short,1.0,Win,1.60299,0,0,
2012-05-17 16:00:00,0.0,1.58227,Yes,Short,1.0,Win,1.58227,0,0,
2012-05-18 16:00:00,0.0,1.58172,Yes,Long,,Loss,1.58172,0,0,1.0
2012-05-22 16:00:00,25.0,1.57749,Yes,Short,1.0,Win,1.57749,0,0,
2012-06-01 16:00:00,0.0,1.53139,Yes,Short,1.0,Loss,1.53139,0,0,
2012-06-06 16:00:00,25.0,1.54462,Yes,Long,,Win,1.54462,0,0,1.0
2012-06-07 16:00:00,50.0,1.55709,Yes,Long,,Loss,1.55709,0,0,1.0
2012-07-12 16:00:00,50.0,1.54427,Yes,Short,1.0,Win,1.54427,0,0,
2012-07-26 16:00:00,25.0,1.56999,Yes,Long,,Loss,1.56999,0,0,1.0
2012-08-07 16:00:00,25.0,1.56635,Yes,Long,,Loss,1.56635,0,0,1.0
2012-08-31 16:00:00,37.7,1.58806,Yes,Long,,Loss,1.58806,0,0,1.0
2012-09-19 16:00:00,73.0,1.62113,Yes,Short,1.0,Loss,1.62113,0,0,
2012-09-28 16:00:00,50.0,1.62039,Yes,Short,1.0,Win,1.62039,0,0,
2012-10-08 16:00:00,25.0,1.60245,Yes,Short,1.0,Loss,1.60245,0,0,
2012-10-16 16:00:00,25.0,1.61132,Yes,Long,,Loss,1.61132,0,0,1.0
2012-10-17 16:00:00,25.0,1.61564,Yes,Long,,Loss,1.61564,0,0,1.0
2012-10-24 16:00:00,0.0,1.60123,Yes,Long,,Win,1.60123,0,0,1.0
2012-10-25 16:00:00,0.0,1.61369,Yes,Long,,Loss,1.61369,0,0,1.0
2012-10-29 16:00:00,25.0,1.60395,Yes,Short,1.0,Win,1.60395,0,0,
2012-11-02 16:00:00,75.2,1.60393,Yes,Short,1.0,Win,1.60393,0,0,
2012-11-07 16:00:00,25.0,1.59853,Yes,Short,1.0,Win,1.59853,0,0,
2012-11-09 16:00:00,0.0,1.59229,Yes,Short,1.0,Win,1.59229,0,0,
2012-11-21 16:00:00,50.0,1.59367,Yes,Long,,Win,1.59367,0,0,1.0
2012-11-28 16:00:00,95.3,1.59706,Yes,Short,1.0,Loss,1.59706,0,0,
2012-11-30 16:00:00,65.7,1.59965,Yes,Short,1.0,Loss,1.59965,0,0,
2012-12-03 16:00:00,61.4,1.60742,Yes,Long,,Win,1.60742,0,0,1.0
2012-12-10 16:00:00,9.9,1.6091,Yes,Long,,Loss,1.6091,0,0,1.0
2012-12-12 16:00:00,57.9,1.61261,Yes,Long,,Win,1.61261,0,0,1.0
2012-12-20 16:00:00,96.3,1.62759,Yes,Long,,Win,1.62759,0,0,1.0
2013-01-03 16:00:00,33.4,1.61558,Yes,Short,1.0,Win,1.61558,0,0,
2013-01-10 16:00:00,0.0,1.60864,Yes,Long,,Win,1.60864,0,0,1.0
2013-01-14 16:00:00,25.0,1.60531,Yes,Short,1.0,Loss,1.60531,0,0,
2013-01-18 16:00:00,0.0,1.59052,Yes,Short,1.0,Win,1.59052,0,0,
2013-01-23 16:00:00,25.0,1.58769,Yes,Long,,Loss,1.58769,0,0,1.0
2013-01-24 16:00:00,50.0,1.57675,Yes,Short,1.0,Loss,1.57675,0,0,
2013-02-01 16:00:00,50.0,1.57672,Yes,Short,1.0,Win,1.57672,0,0,
2013-02-08 16:00:00,50.0,1.57873,Yes,Long,,Win,1.57873,0,0,1.0
2013-02-11 16:00:00,50.0,1.56787,Yes,Short,1.0,Win,1.56787,0,0,
2013-02-12 16:00:00,25.0,1.56054,Yes,Short,1.0,Loss,1.56054,0,0,
2013-02-13 16:00:00,0.0,1.55746,Yes,Short,1.0,Win,1.55746,0,0,
2013-02-20 16:00:00,0.0,1.52962,Yes,Short,1.0,Win,1.52962,0,0,
2013-02-21 16:00:00,0.0,1.52196,Yes,Long,,Win,1.52196,0,0,1.0
2013-03-01 16:00:00,50.0,1.50152,Yes,Short,1.0,Loss,1.50152,0,0,
2013-03-07 16:00:00,0.0,1.50574,Yes,Long,,Loss,1.50574,0,0,1.0
2013-03-15 16:00:00,50.0,1.514,Yes,Long,,Loss,1.514,0,0,1.0
2013-03-21 16:00:00,80.1,1.51497,Yes,Long,,Win,1.51497,0,0,1.0
2013-03-27 16:00:00,31.1,1.51008,Yes,Short,1.0,Loss,1.51008,0,0,
2013-04-02 16:00:00,61.2,1.51418,Yes,Short,1.0,Win,1.51418,0,0,
2013-04-11 16:00:00,46.3,1.5385,Yes,Long,,Win,1.5385,0,0,1.0
2013-04-17 16:00:00,70.0,1.5251,Yes,Short,1.0,Win,1.5251,0,0,
2013-04-25 16:00:00,25.0,1.54576,Yes,Long,,Loss,1.54576,0,0,1.0
2013-05-10 16:00:00,0.0,1.5414,Yes,Short,1.0,Win,1.5414,0,0,
2013-05-21 16:00:00,0.0,1.5148,Yes,Short,1.0,Loss,1.5148,0,0,
2013-05-29 16:00:00,25.0,1.51183,Yes,Long,,Win,1.51183,0,0,1.0
2013-06-14 16:00:00,95.6,1.56518,Yes,Short,1.0,Loss,1.56518,0,0,
2013-06-26 16:00:00,50.0,1.53852,Yes,Short,1.0,Win,1.53852,0,0,
2013-07-03 16:00:00,0.0,1.52709,Yes,Long,,Win,1.52709,0,0,1.0
2013-07-04 16:00:00,25.0,1.50625,Yes,Short,1.0,Loss,1.50625,0,0,
2013-07-09 16:00:00,25.0,1.48649,Yes,Short,1.0,Loss,1.48649,0,0,
2013-07-12 16:00:00,50.0,1.50837,Yes,Short,1.0,Loss,1.50837,0,0,
2013-07-15 16:00:00,50.0,1.50992,Yes,Short,1.0,Loss,1.50992,0,0,
2013-07-17 16:00:00,52.3,1.52476,Yes,Long,,Loss,1.52476,0,0,1.0
2013-08-01 16:00:00,0.0,1.52022,Yes,Long,,Loss,1.52022,0,0,1.0
2013-08-07 16:00:00,50.0,1.54599,Yes,Long,,Win,1.54599,0,0,1.0
2013-08-15 16:00:00,56.1,1.55385,Yes,Long,,Win,1.55385,0,0,1.0
2013-08-27 16:00:00,29.0,1.55067,Yes,Short,1.0,Loss,1.55067,0,0,
2013-08-28 16:00:00,0.0,1.55352,Yes,Short,1.0,Win,1.55352,0,0,
2013-09-04 16:00:00,25.0,1.56033,Yes,Long,,Win,1.56033,0,0,1.0
2013-09-11 16:00:00,68.4,1.57781,Yes,Long,,Win,1.57781,0,0,1.0
2013-09-18 16:00:00,71.3,1.59714,Yes,Long,,Win,1.59714,0,0,1.0
2013-09-19 16:00:00,95.6,1.6073,Yes,Short,1.0,Win,1.6073,0,0,
2013-09-25 16:00:00,55.7,1.60473,Yes,Long,,Win,1.60473,0,0,1.0
2013-10-04 16:00:00,38.2,1.60474,Yes,Short,1.0,Win,1.60474,0,0,
2013-10-09 16:00:00,25.0,1.59247,Yes,Short,1.0,Loss,1.59247,0,0,
2013-10-16 16:00:00,0.0,1.60144,Yes,Long,,Loss,1.60144,0,0,1.0
2013-10-17 16:00:00,25.0,1.61096,Yes,Long,,Win,1.61096,0,0,1.0
2013-10-23 16:00:00,37.3,1.61565,Yes,Short,1.0,Loss,1.61565,0,0,
2013-11-01 16:00:00,25.0,1.59567,Yes,Short,1.0,Win,1.59567,0,0,
2013-11-05 16:00:00,0.0,1.60403,Yes,Long,,Win,1.60403,0,0,1.0
2013-11-07 16:00:00,50.0,1.60247,Yes,Short,1.0,Loss,1.60247,0,0,
2013-11-08 16:00:00,25.0,1.5993,Yes,Short,1.0,Loss,1.5993,0,0,
2013-11-13 16:00:00,0.0,1.59744,Yes,Long,,Win,1.59744,0,0,1.0
2013-11-27 16:00:00,88.1,1.62866,Yes,Long,,Loss,1.62866,0,0,1.0
2013-12-02 16:00:00,92.7,1.63725,Yes,Short,1.0,Win,1.63725,0,0,
2013-12-05 16:00:00,40.1,1.63256,Yes,Short,1.0,Loss,1.63256,0,0,
2013-12-11 16:00:00,40.3,1.63872,Yes,Short,1.0,Win,1.63872,0,0,
2013-12-18 16:00:00,0.0,1.63906,Yes,Long,,Win,1.63906,0,0,1.0
2013-12-26 16:00:00,41.9,1.64169,Yes,Long,,Win,1.64169,0,0,1.0
2014-01-02 16:00:00,43.8,1.64284,Yes,Short,1.0,Loss,1.64284,0,0,
2014-01-13 16:00:00,50.0,1.63647,Yes,Short,1.0,Loss,1.63647,0,0,
2014-01-15 16:00:00,25.0,1.63413,Yes,Short,1.0,Loss,1.63413,0,0,
2014-01-17 16:00:00,0.0,1.64349,Yes,Long,,Loss,1.64349,0,0,1.0
2014-01-22 16:00:00,50.0,1.65624,Yes,Long,,Win,1.65624,0,0,1.0
2014-01-24 16:00:00,69.0,1.64962,Yes,Short,1.0,Loss,1.64962,0,0,
2014-02-12 16:00:00,50.0,1.65574,Yes,Long,,Win,1.65574,0,0,1.0
2014-03-10 16:00:00,42.4,1.66352,Yes,Short,1.0,Loss,1.66352,0,0,
2014-03-18 16:00:00,50.0,1.65817,Yes,Short,1.0,Loss,1.65817,0,0,
2014-03-20 16:00:00,25.0,1.64961,Yes,Short,1.0,Loss,1.64961,0,0,
2014-03-27 16:00:00,50.0,1.66282,Yes,Long,,Loss,1.66282,0,0,1.0
2014-04-03 16:00:00,40.9,1.65914,Yes,Short,1.0,Win,1.65914,0,0,
2014-04-08 16:00:00,51.4,1.67386,Yes,Long,,Win,1.67386,0,0,1.0
2014-04-11 16:00:00,68.4,1.67342,Yes,Short,1.0,Loss,1.67342,0,0,
2014-04-16 16:00:00,50.6,1.68,Yes,Long,,Loss,1.68,0,0,1.0
2014-04-28 16:00:00,43.8,1.68443,Yes,Long,,Loss,1.68443,0,0,1.0
2014-05-06 16:00:00,59.2,1.69852,Yes,Long,,Loss,1.69852,0,0,1.0
2014-05-09 16:00:00,38.6,1.685,Yes,Short,1.0,Win,1.685,0,0,
2014-05-13 16:00:00,28.7,1.68484,Yes,Short,1.0,Win,1.68484,0,0,
2014-05-14 16:00:00,0.0,1.67726,Yes,Short,1.0,Win,1.67726,0,0,
2014-05-21 16:00:00,50.0,1.68858,Yes,Long,,Win,1.68858,0,0,1.0
2014-05-27 16:00:00,21.4,1.6816,Yes,Short,1.0,Win,1.6816,0,0,
2014-05-28 16:00:00,36.2,1.67429,Yes,Short,1.0,Win,1.67429,0,0,
2014-06-04 16:00:00,25.0,1.67614,Yes,Long,,Loss,1.67614,0,0,1.0
2014-06-19 16:00:00,60.6,1.70334,Yes,Long,,Win,1.70334,0,0,1.0
2014-07-01 16:00:00,64.3,1.71443,Yes,Long,,Win,1.71443,0,0,1.0
2014-07-04 16:00:00,61.5,1.71413,Yes,Short,1.0,Loss,1.71413,0,0,
2014-07-10 16:00:00,71.6,1.71125,Yes,Short,1.0,Loss,1.71125,0,0,
2014-07-15 16:00:00,0.0,1.71655,Yes,Long,,Loss,1.71655,0,0,1.0
2014-07-17 16:00:00,25.0,1.71003,Yes,Short,1.0,Loss,1.71003,0,0,
2014-07-23 16:00:00,0.0,1.70291,Yes,Short,1.0,Loss,1.70291,0,0,
2014-07-31 16:00:00,0.0,1.68638,Yes,Short,1.0,Loss,1.68638,0,0,
2014-08-01 16:00:00,0.0,1.68393,Yes,Short,1.0,Win,1.68393,0,0,
2014-08-06 16:00:00,25.0,1.68387,Yes,Short,1.0,Loss,1.68387,0,0,
2014-08-13 16:00:00,0.0,1.67229,Yes,Short,1.0,Win,1.67229,0,0,
2014-08-19 16:00:00,50.0,1.66288,Yes,Short,1.0,Win,1.66288,0,0,
2014-08-20 16:00:00,25.0,1.66422,Yes,Long,,Loss,1.66422,0,0,1.0
2014-08-27 16:00:00,0.0,1.65985,Yes,Long,,Loss,1.65985,0,0,1.0
2014-09-02 16:00:00,25.0,1.65273,Yes,Short,1.0,Win,1.65273,0,0,
2014-09-11 16:00:00,25.0,1.62665,Yes,Long,,Loss,1.62665,0,0,1.0
2014-09-19 16:00:00,75.3,1.63648,Yes,Short,1.0,Win,1.63648,0,0,
2014-09-30 16:00:00,25.0,1.62091,Yes,Short,1.0,Win,1.62091,0,0,
2014-10-02 16:00:00,25.0,1.61497,Yes,Short,1.0,Win,1.61497,0,0,
2014-10-03 16:00:00,0.0,1.60234,Yes,Short,1.0,Win,1.60234,0,0,
2014-10-10 16:00:00,50.0,1.6024,Yes,Short,1.0,Loss,1.6024,0,0,
2014-10-14 16:00:00,25.0,1.59269,Yes,Short,1.0,Win,1.59269,0,0,
2014-10-22 16:00:00,50.1,1.60345,Yes,Short,1.0,Loss,1.60345,0,0,
2014-11-06 16:00:00,25.0,1.59268,Yes,Short,1.0,Win,1.59268,0,0,
2014-11-12 16:00:00,25.0,1.58037,Yes,Short,1.0,Win,1.58037,0,0,
2014-11-19 16:00:00,25.0,1.56621,Yes,Long,,Win,1.56621,0,0,1.0
2014-11-26 16:00:00,50.0,1.57884,Yes,Long,,Win,1.57884,0,0,1.0
2014-11-27 16:00:00,66.7,1.57484,Yes,Short,1.0,Win,1.57484,0,0,
2014-12-01 16:00:00,31.2,1.57482,Yes,Long,,Loss,1.57482,0,0,1.0
2014-12-08 16:00:00,25.0,1.56205,Yes,Long,,Win,1.56205,0,0,1.0
2014-12-11 16:00:00,50.0,1.56827,Yes,Short,1.0,Loss,1.56827,0,0,
2014-12-15 16:00:00,53.5,1.56507,Yes,Short,1.0,Win,1.56507,0,0,
2014-12-16 16:00:00,5.3,1.5755,Yes,Long,,Loss,1.5755,0,0,1.0
2014-12-23 16:00:00,0.0,1.54904,Yes,Short,1.0,Loss,1.54904,0,0,
2015-01-02 16:00:00,25.0,1.53953,Yes,Short,1.0,Win,1.53953,0,0,
2015-01-05 16:00:00,0.0,1.52311,Yes,Short,1.0,Loss,1.52311,0,0,
2015-01-06 16:00:00,25.0,1.51751,Yes,Short,1.0,Win,1.51751,0,0,
2015-01-20 16:00:00,4.9,1.518,Yes,Long,,Loss,1.518,0,0,1.0
2015-01-27 16:00:00,0.0,1.51836,Yes,Long,,Win,1.51836,0,0,1.0
2015-02-03 16:00:00,25.0,1.50943,Yes,Long,,Win,1.50943,0,0,1.0
2015-02-05 16:00:00,61.5,1.52929,Yes,Long,,Win,1.52929,0,0,1.0
2015-02-12 16:00:00,81.8,1.53596,Yes,Long,,Win,1.53596,0,0,1.0
2015-02-16 16:00:00,83.7,1.5379,Yes,Short,1.0,Win,1.5379,0,0,
2015-02-18 16:00:00,25.2,1.54257,Yes,Long,,Win,1.54257,0,0,1.0
2015-02-26 16:00:00,72.7,1.54166,Yes,Short,1.0,Win,1.54166,0,0,
2015-03-06 16:00:00,0.0,1.50651,Yes,Short,1.0,Win,1.50651,0,0,
2015-03-13 16:00:00,0.0,1.47218,Yes,Short,1.0,Loss,1.47218,0,0,
2015-03-17 16:00:00,0.0,1.47638,Yes,Short,1.0,Win,1.47638,0,0,
2015-03-18 16:00:00,25.0,1.46723,Yes,Short,1.0,Loss,1.46723,0,0,
2015-04-08 16:00:00,26.9,1.49592,Yes,Long,,Loss,1.49592,0,0,1.0
2015-04-10 16:00:00,0.0,1.4623,Yes,Short,1.0,Loss,1.4623,0,0,
2015-04-16 16:00:00,50.0,1.49243,Yes,Long,,Win,1.49243,0,0,1.0
2015-04-17 16:00:00,50.0,1.49926,Yes,Long,,Loss,1.49926,0,0,1.0
2015-04-22 16:00:00,48.8,1.50484,Yes,Long,,Loss,1.50484,0,0,1.0
2015-05-01 16:00:00,70.5,1.52365,Yes,Short,1.0,Win,1.52365,0,0,
2015-05-12 16:00:00,54.9,1.56506,Yes,Long,,Win,1.56506,0,0,1.0
2015-05-19 16:00:00,40.0,1.54652,Yes,Short,1.0,Loss,1.54652,0,0,
2015-05-21 16:00:00,29.6,1.56575,Yes,Long,,Win,1.56575,0,0,1.0
2015-05-28 16:00:00,0.0,1.52859,Yes,Short,1.0,Loss,1.52859,0,0,
2015-05-29 16:00:00,0.0,1.52675,Yes,Short,1.0,Loss,1.52675,0,0,
2015-06-01 16:00:00,0.0,1.52375,Yes,Short,1.0,Win,1.52375,0,0,
2015-06-03 16:00:00,50.0,1.52689,Yes,Short,1.0,Loss,1.52689,0,0,
2015-06-09 16:00:00,25.0,1.52952,Yes,Short,1.0,Loss,1.52952,0,0,
2015-06-17 16:00:00,90.3,1.57435,Yes,Long,,Win,1.57435,0,0,1.0
2015-06-18 16:00:00,94.0,1.59039,Yes,Long,,Loss,1.59039,0,0,1.0
2015-06-22 16:00:00,71.5,1.58281,Yes,Short,1.0,Win,1.58281,0,0,
2015-07-07 16:00:00,0.0,1.54323,Yes,Short,1.0,Loss,1.54323,0,0,
2015-07-08 16:00:00,0.0,1.53663,Yes,Short,1.0,Win,1.53663,0,0,
2015-07-10 16:00:00,25.0,1.55233,Yes,Long,,Loss,1.55233,0,0,1.0
2015-07-14 16:00:00,50.0,1.56048,Yes,Long,,Win,1.56048,0,0,1.0
2015-08-03 16:00:00,34.5,1.5586,Yes,Short,1.0,Win,1.5586,0,0,
2015-08-05 16:00:00,8.7,1.56365,Yes,Long,,Loss,1.56365,0,0,1.0
2015-08-06 16:00:00,43.6,1.5527,Yes,Short,1.0,Win,1.5527,0,0,
2015-08-18 16:00:00,63.6,1.56845,Yes,Long,,Loss,1.56845,0,0,1.0
2015-08-24 16:00:00,82.7,1.57691,Yes,Long,,Win,1.57691,0,0,1.0
2015-08-26 16:00:00,80.9,1.55775,Yes,Short,1.0,Win,1.55775,0,0,
2015-09-01 16:00:00,25.0,1.53176,Yes,Short,1.0,Win,1.53176,0,0,
2015-09-07 16:00:00,0.0,1.52515,Yes,Long,,Win,1.52515,0,0,1.0
2015-09-16 16:00:00,27.1,1.54499,Yes,Long,,Win,1.54499,0,0,1.0
2015-09-22 16:00:00,27.2,1.54327,Yes,Short,1.0,Win,1.54327,0,0,
2015-09-25 16:00:00,0.0,1.51849,Yes,Short,1.0,Loss,1.51849,0,0,
2015-10-13 16:00:00,66.2,1.52186,Yes,Short,1.0,Loss,1.52186,0,0,
2015-10-14 16:00:00,57.6,1.54139,Yes,Long,,Win,1.54139,0,0,1.0
2015-11-03 16:00:00,50.0,1.53642,Yes,Short,1.0,Loss,1.53642,0,0,
2015-11-05 16:00:00,61.2,1.52446,Yes,Short,1.0,Win,1.52446,0,0,
2015-11-06 16:00:00,26.5,1.50658,Yes,Short,1.0,Win,1.50658,0,0,
2015-11-24 16:00:00,0.0,1.50709,Yes,Short,1.0,Loss,1.50709,0,0,
2015-11-27 16:00:00,50.0,1.50571,Yes,Short,1.0,Win,1.50571,0,0,
2015-12-02 16:00:00,50.0,1.49697,Yes,Short,1.0,Win,1.49697,0,0,
2015-12-03 16:00:00,0.0,1.50303,Yes,Long,,Win,1.50303,0,0,1.0
2015-12-08 16:00:00,25.0,1.49801,Yes,Short,1.0,Loss,1.49801,0,0,
2015-12-09 16:00:00,0.0,1.51432,Yes,Long,,Win,1.51432,0,0,1.0
2015-12-29 16:00:00,0.0,1.48062,Yes,Short,1.0,Loss,1.48062,0,0,
2016-01-08 16:00:00,0.0,1.45694,Yes,Short,1.0,Win,1.45694,0,0,
2016-01-11 16:00:00,0.0,1.45735,Yes,Long,,Loss,1.45735,0,0,1.0
2016-01-12 16:00:00,50.0,1.43983,Yes,Short,1.0,Loss,1.43983,0,0,
2016-01-19 16:00:00,0.0,1.41603,Yes,Short,1.0,Loss,1.41603,0,0,
2016-01-21 16:00:00,0.0,1.41128,Yes,Short,1.0,Loss,1.41128,0,0,
2016-01-22 16:00:00,25.0,1.43474,Yes,Long,,Loss,1.43474,0,0,1.0
2016-01-28 16:00:00,25.0,1.43439,Yes,Long,,Win,1.43439,0,0,1.0
2016-01-29 16:00:00,62.6,1.42538,Yes,Short,1.0,Win,1.42538,0,0,
2016-02-03 16:00:00,76.0,1.4566,Yes,Long,,Win,1.4566,0,0,1.0
2016-02-08 16:00:00,34.0,1.43979,Yes,Short,1.0,Loss,1.43979,0,0,
2016-02-11 16:00:00,41.4,1.44376,Yes,Short,1.0,Loss,1.44376,0,0,
2016-02-16 16:00:00,0.0,1.4295,Yes,Short,1.0,Win,1.4295,0,0,
2016-02-18 16:00:00,0.0,1.43631,Yes,Long,,Loss,1.43631,0,0,1.0
2016-02-22 16:00:00,25.0,1.41088,Yes,Short,1.0,Loss,1.41088,0,0,
2016-03-15 16:00:00,88.5,1.41614,Yes,Short,1.0,Win,1.41614,0,0,
2016-03-17 16:00:00,26.7,1.44736,Yes,Long,,Win,1.44736,0,0,1.0
2016-03-22 16:00:00,40.2,1.42145,Yes,Short,1.0,Win,1.42145,0,0,
2016-04-06 16:00:00,30.7,1.40465,Yes,Short,1.0,Loss,1.40465,0,0,
2016-04-11 16:00:00,0.0,1.42372,Yes,Long,,Win,1.42372,0,0,1.0
2016-04-25 16:00:00,52.5,1.44813,Yes,Long,,Loss,1.44813,0,0,1.0
2016-05-18 16:00:00,25.0,1.45541,Yes,Long,,Win,1.45541,0,0,1.0
2016-05-24 16:00:00,14.9,1.46038,Yes,Long,,Win,1.46038,0,0,1.0
2016-05-25 16:00:00,47.3,1.47008,Yes,Long,,Win,1.47008,0,0,1.0
2016-06-07 16:00:00,0.0,1.45585,Yes,Long,,Loss,1.45585,0,0,1.0
2016-06-27 16:00:00,25.0,1.32037,Yes,Short,1.0,Win,1.32037,0,0,
2016-07-14 16:00:00,50.0,1.33262,Yes,Long,,Win,1.33262,0,0,1.0
2016-07-22 16:00:00,58.5,1.31059,Yes,Short,1.0,Win,1.31059,0,0,
2016-08-04 16:00:00,53.1,1.31362,Yes,Short,1.0,Win,1.31362,0,0,
2016-08-18 16:00:00,50.0,1.31472,Yes,Long,,Win,1.31472,0,0,1.0
2016-08-29 16:00:00,80.4,1.30677,Yes,Short,1.0,Loss,1.30677,0,0,
2016-09-01 16:00:00,50.0,1.32534,Yes,Long,,Win,1.32534,0,0,1.0
2016-09-13 16:00:00,42.1,1.32226,Yes,Short,1.0,Win,1.32226,0,0,
2016-09-16 16:00:00,25.0,1.31312,Yes,Short,1.0,Win,1.31312,0,0,
2016-09-20 16:00:00,25.0,1.29595,Yes,Short,1.0,Loss,1.29595,0,0,
2016-09-23 16:00:00,50.0,1.29534,Yes,Short,1.0,Loss,1.29534,0,0,
2016-10-03 16:00:00,0.0,1.28611,Yes,Short,1.0,Win,1.28611,0,0,
2016-10-04 16:00:00,0.0,1.27629,Yes,Short,1.0,Win,1.27629,0,0,
2016-10-07 16:00:00,0.0,1.23839,Yes,Short,1.0,Loss,1.23839,0,0,
2016-11-02 16:00:00,50.0,1.23245,Yes,Long,,Loss,1.23245,0,0,1.0
2016-11-03 16:00:00,53.8,1.24468,Yes,Long,,Win,1.24468,0,0,1.0
2016-11-21 16:00:00,0.0,1.24778,Yes,Long,,Win,1.24778,0,0,1.0
2016-11-28 16:00:00,50.5,1.24113,Yes,Short,1.0,Loss,1.24113,0,0,
2016-12-01 16:00:00,44.8,1.26163,Yes,Long,,Loss,1.26163,0,0,1.0
2016-12-19 16:00:00,25.0,1.23823,Yes,Short,1.0,Loss,1.23823,0,0,
2016-12-28 16:00:00,0.0,1.22028,Yes,Short,1.0,Loss,1.22028,0,0,
2016-12-30 16:00:00,50.0,1.23837,Yes,Long,,Loss,1.23837,0,0,1.0
2017-01-02 16:00:00,50.0,1.22885,Yes,Short,1.0,Win,1.22885,0,0,
2017-01-17 16:00:00,25.0,1.23887,Yes,Long,,Win,1.23887,0,0,1.0
2017-01-25 16:00:00,58.2,1.2575,Yes,Long,,Win,1.2575,0,0,1.0
2017-02-02 16:00:00,78.0,1.25581,Yes,Short,1.0,Win,1.25581,0,0,
2017-02-14 16:00:00,25.0,1.24685,Yes,Short,1.0,Win,1.24685,0,0,
2017-02-15 16:00:00,25.0,1.24141,Yes,Short,1.0,Loss,1.24141,0,0,
2017-02-23 16:00:00,50.0,1.25104,Yes,Long,,Win,1.25104,0,0,1.0
2017-03-01 16:00:00,0.0,1.22972,Yes,Short,1.0,Win,1.22972,0,0,
2017-03-16 16:00:00,25.0,1.23409,Yes,Long,,Win,1.23409,0,0,1.0
2017-03-21 16:00:00,85.5,1.24667,Yes,Long,,Win,1.24667,0,0,1.0
2017-03-27 16:00:00,93.7,1.26,Yes,Long,,Loss,1.26,0,0,1.0
2017-03-29 16:00:00,33.9,1.24164,Yes,Long,,Win,1.24164,0,0,1.0
2017-04-07 16:00:00,50.0,1.23999,Yes,Short,1.0,Win,1.23999,0,0,
2017-04-18 16:00:00,73.6,1.27188,Yes,Long,,Win,1.27188,0,0,1.0
2017-05-11 16:00:00,59.3,1.28626,Yes,Short,1.0,Loss,1.28626,0,0,
2017-05-18 16:00:00,50.0,1.30162,Yes,Long,,Loss,1.30162,0,0,1.0
2017-05-19 16:00:00,25.0,1.30228,Yes,Long,,Win,1.30228,0,0,1.0
2017-05-30 16:00:00,25.0,1.28602,Yes,Long,,Loss,1.28602,0,0,1.0
2017-06-12 16:00:00,0.0,1.26746,Yes,Short,1.0,Win,1.26746,0,0,
2017-06-13 16:00:00,25.0,1.27218,Yes,Long,,Win,1.27218,0,0,1.0
2017-06-20 16:00:00,25.0,1.26506,Yes,Short,1.0,Win,1.26506,0,0,
2017-06-21 16:00:00,0.0,1.27007,Yes,Long,,Loss,1.27007,0,0,1.0
2017-07-07 16:00:00,25.3,1.28756,Yes,Short,1.0,Loss,1.28756,0,0,
2017-07-18 16:00:00,65.2,1.30141,Yes,Short,1.0,Loss,1.30141,0,0,
2017-07-20 16:00:00,51.9,1.29706,Yes,Short,1.0,Loss,1.29706,0,0,
2017-08-03 16:00:00,95.8,1.31177,Yes,Short,1.0,Loss,1.31177,0,0,
2017-08-15 16:00:00,0.0,1.28509,Yes,Short,1.0,Loss,1.28509,0,0,
2017-08-22 16:00:00,25.0,1.28225,Yes,Short,1.0,Loss,1.28225,0,0,
2017-08-24 16:00:00,0.0,1.28281,Yes,Long,,Loss,1.28281,0,0,1.0
2017-08-31 16:00:00,34.9,1.2875,Yes,Short,1.0,Loss,1.2875,0,0,
2017-09-07 16:00:00,85.7,1.31002,Yes,Long,,Loss,1.31002,0,0,1.0
2017-09-08 16:00:00,85.6,1.31996,Yes,Long,,Win,1.31996,0,0,1.0
2017-09-12 16:00:00,43.7,1.32551,Yes,Long,,Win,1.32551,0,0,1.0
2017-09-14 16:00:00,94.8,1.33669,Yes,Long,,Win,1.33669,0,0,1.0
2017-09-15 16:00:00,69.7,1.35768,Yes,Long,,Loss,1.35768,0,0,1.0
2017-10-02 16:00:00,25.0,1.32801,Yes,Short,1.0,Loss,1.32801,0,0,
2017-10-05 16:00:00,25.0,1.31359,Yes,Short,1.0,Win,1.31359,0,0,
2017-10-09 16:00:00,25.0,1.31579,Yes,Long,,Loss,1.31579,0,0,1.0
2017-10-12 16:00:00,50.0,1.31431,Yes,Short,1.0,Loss,1.31431,0,0,
2017-10-17 16:00:00,9.5,1.31812,Yes,Short,1.0,Loss,1.31812,0,0,
2017-10-20 16:00:00,28.4,1.31775,Yes,Long,,Win,1.31775,0,0,1.0
2017-10-25 16:00:00,25.0,1.32544,Yes,Long,,Loss,1.32544,0,0,1.0
2017-10-26 16:00:00,25.0,1.32147,Yes,Short,1.0,Win,1.32147,0,0,
2017-10-30 16:00:00,25.0,1.31874,Yes,Long,,Win,1.31874,0,0,1.0
2017-11-02 16:00:00,35.0,1.31019,Yes,Short,1.0,Win,1.31019,0,0,
2017-11-10 16:00:00,25.0,1.32108,Yes,Long,,Loss,1.32108,0,0,1.0
2017-11-16 16:00:00,63.2,1.31971,Yes,Long,,Loss,1.31971,0,0,1.0
2017-11-17 16:00:00,38.1,1.3193,Yes,Short,1.0,Loss,1.3193,0,0,
2017-11-27 16:00:00,71.3,1.33592,Yes,Long,,Loss,1.33592,0,0,1.0
2017-12-04 16:00:00,65.7,1.35135,Yes,Long,,Loss,1.35135,0,0,1.0
2017-12-08 16:00:00,10.4,1.34185,Yes,Short,1.0,Win,1.34185,0,0,
2017-12-15 16:00:00,25.0,1.33288,Yes,Short,1.0,Win,1.33288,0,0,
2017-12-29 16:00:00,69.4,1.35168,Yes,Long,,Loss,1.35168,0,0,1.0
2018-01-11 16:00:00,31.1,1.35407,Yes,Long,,Loss,1.35407,0,0,1.0
2018-01-12 16:00:00,25.0,1.36717,Yes,Long,,Win,1.36717,0,0,1.0
2018-01-15 16:00:00,58.0,1.38002,Yes,Long,,Loss,1.38002,0,0,1.0
2018-01-19 16:00:00,89.9,1.38776,Yes,Short,1.0,Win,1.38776,0,0,
2018-01-24 16:00:00,94.3,1.42149,Yes,Long,,Loss,1.42149,0,0,1.0
2018-01-30 16:00:00,33.6,1.41322,Yes,Long,,Win,1.41322,0,0,1.0
2018-02-02 16:00:00,74.1,1.41391,Yes,Short,1.0,Win,1.41391,0,0,
2018-02-06 16:00:00,0.0,1.38766,Yes,Short,1.0,Loss,1.38766,0,0,
2018-02-08 16:00:00,25.0,1.40398,Yes,Long,,Loss,1.40398,0,0,1.0
2018-02-09 16:00:00,25.0,1.38142,Yes,Short,1.0,Loss,1.38142,0,0,
2018-02-16 16:00:00,25.0,1.40389,Yes,Short,1.0,Win,1.40389,0,0,
2018-02-27 16:00:00,50.0,1.3897,Yes,Short,1.0,Loss,1.3897,0,0,
2018-02-28 16:00:00,0.0,1.38085,Yes,Short,1.0,Win,1.38085,0,0,
2018-03-06 16:00:00,50.0,1.38984,Yes,Long,,Loss,1.38984,0,0,1.0
2018-03-13 16:00:00,60.5,1.3961,Yes,Long,,Loss,1.3961,0,0,1.0
2018-03-19 16:00:00,22.5,1.40612,Yes,Long,,Loss,1.40612,0,0,1.0
2018-03-20 16:00:00,78.1,1.39895,Yes,Short,1.0,Loss,1.39895,0,0,
2018-03-26 16:00:00,63.9,1.41937,Yes,Long,,Win,1.41937,0,0,1.0
2018-03-27 16:00:00,90.3,1.41154,Yes,Short,1.0,Loss,1.41154,0,0,
2018-04-16 16:00:00,90.9,1.43118,Yes,Long,,Win,1.43118,0,0,1.0
2018-04-18 16:00:00,95.3,1.42383,Yes,Short,1.0,Win,1.42383,0,0,
2018-04-23 16:00:00,0.0,1.39666,Yes,Short,1.0,Win,1.39666,0,0,
2018-04-27 16:00:00,25.0,1.37592,Yes,Short,1.0,Loss,1.37592,0,0,
2018-04-30 16:00:00,0.0,1.37455,Yes,Short,1.0,Loss,1.37455,0,0,
2018-05-01 16:00:00,0.0,1.36605,Yes,Short,1.0,Win,1.36605,0,0,
2018-05-08 16:00:00,25.0,1.34986,Yes,Short,1.0,Loss,1.34986,0,0,
2018-05-09 16:00:00,25.0,1.35957,Yes,Long,,Loss,1.35957,0,0,1.0
2018-05-17 16:00:00,50.0,1.35146,Yes,Short,1.0,Win,1.35146,0,0,
2018-05-23 16:00:00,0.0,1.33219,Yes,Short,1.0,Loss,1.33219,0,0,
2018-05-29 16:00:00,25.0,1.32853,Yes,Short,1.0,Win,1.32853,0,0,
2018-06-01 16:00:00,25.0,1.33137,Yes,Long,,Win,1.33137,0,0,1.0
2018-06-19 16:00:00,25.0,1.31702,Yes,Short,1.0,Win,1.31702,0,0,
2018-06-21 16:00:00,0.0,1.32428,Yes,Long,,Win,1.32428,0,0,1.0
2018-07-18 16:00:00,0.0,1.30392,Yes,Short,1.0,Loss,1.30392,0,0,
2018-07-19 16:00:00,0.0,1.29628,Yes,Short,1.0,Loss,1.29628,0,0,
2018-08-02 16:00:00,28.2,1.305,Yes,Short,1.0,Win,1.305,0,0,
2018-08-06 16:00:00,0.0,1.29263,Yes,Short,1.0,Loss,1.29263,0,0,
2018-08-08 16:00:00,25.0,1.28626,Yes,Short,1.0,Loss,1.28626,0,0,
2018-08-28 16:00:00,84.9,1.29273,Yes,Long,,Loss,1.29273,0,0,1.0
2018-09-03 16:00:00,48.2,1.28601,Yes,Short,1.0,Loss,1.28601,0,0,
2018-09-07 16:00:00,0.2,1.29647,Yes,Long,,Loss,1.29647,0,0,1.0
2018-09-20 16:00:00,67.9,1.32873,Yes,Long,,Loss,1.32873,0,0,1.0
2018-09-21 16:00:00,68.7,1.31465,Yes,Short,1.0,Win,1.31465,0,0,
2018-09-24 16:00:00,49.9,1.31385,Yes,Long,,Loss,1.31385,0,0,1.0
2018-10-02 16:00:00,25.0,1.29726,Yes,Short,1.0,Loss,1.29726,0,0,
2018-10-04 16:00:00,0.0,1.30001,Yes,Long,,Win,1.30001,0,0,1.0
2018-10-08 16:00:00,50.0,1.30473,Yes,Short,1.0,Loss,1.30473,0,0,
2018-10-09 16:00:00,25.0,1.30689,Yes,Short,1.0,Loss,1.30689,0,0,
2018-10-16 16:00:00,33.2,1.32135,Yes,Long,,Loss,1.32135,0,0,1.0
2018-10-17 16:00:00,54.8,1.3113,Yes,Short,1.0,Loss,1.3113,0,0,
2018-10-22 16:00:00,0.0,1.29731,Yes,Short,1.0,Win,1.29731,0,0,
2018-10-23 16:00:00,0.0,1.3013,Yes,Long,,Loss,1.3013,0,0,1.0
2018-10-24 16:00:00,0.0,1.29215,Yes,Short,1.0,Win,1.29215,0,0,
2018-11-12 16:00:00,51.1,1.29031,Yes,Long,,Loss,1.29031,0,0,1.0
2018-11-13 16:00:00,32.5,1.29472,Yes,Long,,Win,1.29472,0,0,1.0
2018-11-15 16:00:00,50.0,1.27916,Yes,Short,1.0,Win,1.27916,0,0,
2018-11-16 16:00:00,25.0,1.2872,Yes,Long,,Loss,1.2872,0,0,1.0
2018-11-22 16:00:00,0.0,1.28716,Yes,Long,,Win,1.28716,0,0,1.0
2018-11-29 16:00:00,25.0,1.27798,Yes,Short,1.0,Loss,1.27798,0,0,
2018-12-03 16:00:00,0.0,1.27233,Yes,Short,1.0,Loss,1.27233,0,0,
2018-12-05 16:00:00,25.0,1.27133,Yes,Long,,Win,1.27133,0,0,1.0
2018-12-10 16:00:00,25.0,1.26378,Yes,Short,1.0,Win,1.26378,0,0,
2018-12-12 16:00:00,0.0,1.26231,Yes,Long,,Win,1.26231,0,0,1.0
2018-12-14 16:00:00,50.0,1.25484,Yes,Short,1.0,Loss,1.25484,0,0,
2019-01-02 16:00:00,50.8,1.26063,Yes,Short,1.0,Loss,1.26063,0,0,
2019-01-11 16:00:00,55.3,1.27903,Yes,Long,,Win,1.27903,0,0,1.0
2019-01-23 16:00:00,79.0,1.30512,Yes,Long,,Win,1.30512,0,0,1.0
2019-02-05 16:00:00,0.9,1.29621,Yes,Short,1.0,Win,1.29621,0,0,
2019-02-07 16:00:00,25.0,1.29757,Yes,Long,,Loss,1.29757,0,0,1.0
2019-02-27 16:00:00,94.0,1.3324,Yes,Long,,Loss,1.3324,0,0,1.0
2019-03-11 16:00:00,0.0,1.30804,Yes,Long,,Win,1.30804,0,0,1.0
2019-03-12 16:00:00,25.0,1.31237,Yes,Short,1.0,Win,1.31237,0,0,
2019-03-28 16:00:00,25.0,1.3093,Yes,Short,1.0,Win,1.3093,0,0,
2019-04-25 16:00:00,0.0,1.28856,Yes,Short,1.0,Loss,1.28856,0,0,
2019-04-30 16:00:00,25.0,1.30205,Yes,Long,,Win,1.30205,0,0,1.0
2019-05-03 16:00:00,10.4,1.30302,Yes,Short,1.0,Loss,1.30302,0,0,
2019-05-07 16:00:00,89.3,1.30513,Yes,Short,1.0,Loss,1.30513,0,0,
2019-05-08 16:00:00,38.5,1.3006,Yes,Short,1.0,Win,1.3006,0,0,
2019-05-17 16:00:00,0.0,1.27517,Yes,Short,1.0,Win,1.27517,0,0,
2019-05-22 16:00:00,25.0,1.26546,Yes,Short,1.0,Loss,1.26546,0,0,
2019-05-31 16:00:00,0.0,1.25819,Yes,Short,1.0,Loss,1.25819,0,0,
2019-06-10 16:00:00,71.7,1.26752,Yes,Short,1.0,Loss,1.26752,0,0,
2019-07-09 16:00:00,25.0,1.245,Yes,Short,1.0,Loss,1.245,0,0,
2019-07-15 16:00:00,50.0,1.25313,Yes,Short,1.0,Win,1.25313,0,0,
2019-07-16 16:00:00,0.0,1.24262,Yes,Short,1.0,Win,1.24262,0,0,
2019-07-18 16:00:00,0.0,1.24757,Yes,Long,,Win,1.24757,0,0,1.0
2019-07-22 16:00:00,25.0,1.24709,Yes,Short,1.0,Loss,1.24709,0,0,
2019-07-24 16:00:00,0.0,1.24845,Yes,Long,,Loss,1.24845,0,0,1.0
2019-07-29 16:00:00,0.0,1.22446,Yes,Short,1.0,Win,1.22446,0,0,
2019-07-30 16:00:00,0.0,1.217,Yes,Long,,Loss,1.217,0,0,1.0
2019-08-09 16:00:00,0.0,1.20737,Yes,Short,1.0,Win,1.20737,0,0,
2019-08-15 16:00:00,50.0,1.21246,Yes,Long,,Loss,1.21246,0,0,1.0
2019-08-16 16:00:00,50.0,1.2167,Yes,Long,,Loss,1.2167,0,0,1.0
2019-08-27 16:00:00,86.7,1.2277,Yes,Long,,Win,1.2277,0,0,1.0
2019-08-28 16:00:00,87.3,1.2209,Yes,Short,1.0,Loss,1.2209,0,0,
2019-09-02 16:00:00,4.4,1.2071,Yes,Short,1.0,Win,1.2071,0,0,
2019-09-04 16:00:00,0.0,1.21819,Yes,Long,,Win,1.21819,0,0,1.0
2019-09-05 16:00:00,25.0,1.23311,Yes,Long,,Loss,1.23311,0,0,1.0
2019-09-09 16:00:00,26.3,1.23623,Yes,Long,,Loss,1.23623,0,0,1.0
2019-09-13 16:00:00,34.9,1.24547,Yes,Long,,Win,1.24547,0,0,1.0
2019-09-20 16:00:00,63.9,1.24831,Yes,Short,1.0,Win,1.24831,0,0,
2019-09-25 16:00:00,66.9,1.23835,Yes,Short,1.0,Win,1.23835,0,0,
2019-10-08 16:00:00,25.0,1.22095,Yes,Short,1.0,Loss,1.22095,0,0,
2019-10-11 16:00:00,50.0,1.26222,Yes,Long,,Win,1.26222,0,0,1.0
2019-10-17 16:00:00,85.3,1.28117,Yes,Long,,Win,1.28117,0,0,1.0
2019-10-21 16:00:00,95.7,1.29914,Yes,Long,,Loss,1.29914,0,0,1.0
2019-11-07 16:00:00,8.1,1.28318,Yes,Short,1.0,Win,1.28318,0,0,
2019-11-11 16:00:00,0.0,1.28823,Yes,Long,,Loss,1.28823,0,0,1.0
2019-11-22 16:00:00,85.3,1.28461,Yes,Short,1.0,Win,1.28461,0,0,
2019-11-27 16:00:00,25.0,1.28725,Yes,Long,,Win,1.28725,0,0,1.0
2019-12-04 16:00:00,40.1,1.30909,Yes,Long,,Win,1.30909,0,0,1.0
2019-12-11 16:00:00,67.3,1.31818,Yes,Long,,Win,1.31818,0,0,1.0
2019-12-12 16:00:00,92.6,1.3149,Yes,Short,1.0,Loss,1.3149,0,0,
2019-12-13 16:00:00,61.8,1.33293,Yes,Short,1.0,Loss,1.33293,0,0,
2019-12-17 16:00:00,33.3,1.31594,Yes,Short,1.0,Win,1.31594,0,0,
2019-12-23 16:00:00,0.0,1.29342,Yes,Short,1.0,Loss,1.29342,0,0,
2019-12-31 16:00:00,50.2,1.32139,Yes,Long,,Win,1.32139,0,0,1.0
2020-01-06 16:00:00,76.0,1.31363,Yes,Long,,Win,1.31363,0,0,1.0
2020-01-09 16:00:00,0.4,1.30492,Yes,Short,1.0,Loss,1.30492,0,0,
2020-01-21 16:00:00,25.0,1.30608,Yes,Long,,Loss,1.30608,0,0,1.0
2020-01-22 16:00:00,25.0,1.31274,Yes,Long,,Win,1.31274,0,0,1.0
2020-01-30 16:00:00,25.0,1.30806,Yes,Long,,Win,1.30806,0,0,1.0
2020-02-03 16:00:00,27.7,1.30275,Yes,Short,1.0,Win,1.30275,0,0,
2020-02-04 16:00:00,25.0,1.30216,Yes,Long,,Win,1.30216,0,0,1.0
2020-02-10 16:00:00,0.0,1.294,Yes,Long,,Loss,1.294,0,0,1.0
2020-02-21 16:00:00,0.6,1.29448,Yes,Long,,Win,1.29448,0,0,1.0
2020-02-24 16:00:00,0.0,1.29203,Yes,Short,1.0,Loss,1.29203,0,0,
2020-02-26 16:00:00,50.0,1.29238,Yes,Short,1.0,Win,1.29238,0,0,
2020-03-09 16:00:00,50.9,1.31352,Yes,Short,1.0,Win,1.31352,0,0,
2020-03-12 16:00:00,12.5,1.26248,Yes,Short,1.0,Win,1.26248,0,0,
2020-03-17 16:00:00,0.0,1.20459,Yes,Short,1.0,Loss,1.20459,0,0,
2020-03-18 16:00:00,0.0,1.17859,Yes,Short,1.0,Win,1.17859,0,0,
2020-03-19 16:00:00,0.0,1.1712,Yes,Long,,Loss,1.1712,0,0,1.0
2020-04-15 16:00:00,79.6,1.24475,Yes,Short,1.0,Loss,1.24475,0,0,
2020-04-21 16:00:00,33.4,1.22769,Yes,Short,1.0,Loss,1.22769,0,0,
2020-04-22 16:00:00,0.0,1.23676,Yes,Long,,Loss,1.23676,0,0,1.0
2020-04-28 16:00:00,25.0,1.2482,Yes,Long,,Loss,1.2482,0,0,1.0
2020-04-29 16:00:00,50.0,1.24243,Yes,Short,1.0,Loss,1.24243,0,0,
2020-05-11 16:00:00,25.0,1.22986,Yes,Short,1.0,Loss,1.22986,0,0,
2020-05-26 16:00:00,50.0,1.23436,Yes,Long,,Loss,1.23436,0,0,1.0
2020-06-19 16:00:00,0.0,1.24042,Yes,Short,1.0,Win,1.24042,0,0,
2020-07-13 16:00:00,69.0,1.26038,Yes,Short,1.0,Win,1.26038,0,0,
2020-07-15 16:00:00,51.3,1.26352,Yes,Long,,Loss,1.26352,0,0,1.0
2020-07-20 16:00:00,25.0,1.26248,Yes,Long,,Win,1.26248,0,0,1.0
2020-07-30 16:00:00,97.3,1.30307,Yes,Long,,Win,1.30307,0,0,1.0
2020-08-03 16:00:00,96.6,1.30228,Yes,Short,1.0,Loss,1.30228,0,0,
2020-08-05 16:00:00,43.3,1.31409,Yes,Long,,Loss,1.31409,0,0,1.0
2020-08-20 16:00:00,39.8,1.31016,Yes,Long,,Win,1.31016,0,0,1.0
2020-08-21 16:00:00,53.3,1.31077,Yes,Short,1.0,Win,1.31077,0,0,
2020-09-08 16:00:00,0.3,1.30376,Yes,Short,1.0,Win,1.30376,0,0,
2020-09-09 16:00:00,0.0,1.29436,Yes,Short,1.0,Loss,1.29436,0,0,
2020-09-16 16:00:00,50.0,1.29802,Yes,Long,,Loss,1.29802,0,0,1.0
2020-09-21 16:00:00,50.0,1.28453,Yes,Short,1.0,Win,1.28453,0,0,
2020-09-28 16:00:00,25.0,1.28682,Yes,Long,,Loss,1.28682,0,0,1.0
2020-10-02 16:00:00,54.2,1.29283,Yes,Long,,Win,1.29283,0,0,1.0
2020-10-14 16:00:00,42.2,1.30284,Yes,Long,,Loss,1.30284,0,0,1.0
2020-10-15 16:00:00,17.4,1.29245,Yes,Short,1.0,Win,1.29245,0,0,
2020-10-19 16:00:00,25.0,1.29921,Yes,Long,,Loss,1.29921,0,0,1.0
2020-10-21 16:00:00,25.0,1.30943,Yes,Long,,Win,1.30943,0,0,1.0
2020-10-28 16:00:00,67.2,1.29803,Yes,Short,1.0,Loss,1.29803,0,0,
2020-10-29 16:00:00,12.0,1.29251,Yes,Short,1.0,Win,1.29251,0,0,
2020-11-05 16:00:00,25.0,1.30871,Yes,Long,,Win,1.30871,0,0,1.0
2020-11-10 16:00:00,76.9,1.32561,Yes,Long,,Loss,1.32561,0,0,1.0
2020-11-17 16:00:00,47.2,1.32557,Yes,Long,,Loss,1.32557,0,0,1.0
2020-11-23 16:00:00,41.0,1.33525,Yes,Long,,Loss,1.33525,0,0,1.0
2020-12-02 16:00:00,78.2,1.33067,Yes,Short,1.0,Loss,1.33067,0,0,
2020-12-03 16:00:00,20.9,1.34579,Yes,Long,,Loss,1.34579,0,0,1.0
2020-12-04 16:00:00,46.1,1.35181,Yes,Long,,Loss,1.35181,0,0,1.0
2020-12-07 16:00:00,71.7,1.3315,Yes,Short,1.0,Loss,1.3315,0,0,
2020-12-09 16:00:00,28.2,1.34238,Yes,Long,,Loss,1.34238,0,0,1.0
2020-12-11 16:00:00,25.0,1.32051,Yes,Short,1.0,Loss,1.32051,0,0,
2021-01-06 16:00:00,44.4,1.35784,Yes,Short,1.0,Loss,1.35784,0,0,
2021-01-15 16:00:00,50.6,1.36,Yes,Short,1.0,Win,1.36,0,0,
2021-01-26 16:00:00,30.4,1.37241,Yes,Long,,Win,1.37241,0,0,1.0
2021-01-27 16:00:00,42.4,1.36776,Yes,Short,1.0,Loss,1.36776,0,0,
2021-02-01 16:00:00,69.4,1.36753,Yes,Short,1.0,Win,1.36753,0,0,
2021-02-04 16:00:00,25.0,1.36729,Yes,Long,,Win,1.36729,0,0,1.0
2021-02-18 16:00:00,38.3,1.39564,Yes,Long,,Win,1.39564,0,0,1.0
2021-02-19 16:00:00,88.2,1.40196,Yes,Long,,Loss,1.40196,0,0,1.0
2021-02-22 16:00:00,88.5,1.4047,Yes,Long,,Win,1.4047,0,0,1.0
2021-02-24 16:00:00,91.5,1.41168,Yes,Short,1.0,Loss,1.41168,0,0,
2021-03-18 16:00:00,62.9,1.39263,Yes,Short,1.0,Loss,1.39263,0,0,
2021-03-19 16:00:00,39.5,1.38531,Yes,Short,1.0,Loss,1.38531,0,0,
2021-03-23 16:00:00,25.0,1.37954,Yes,Short,1.0,Win,1.37954,0,0,
2021-03-29 16:00:00,25.0,1.38224,Yes,Long,,Loss,1.38224,0,0,1.0
2021-04-06 16:00:00,85.0,1.384,Yes,Short,1.0,Win,1.384,0,0,
2021-04-12 16:00:00,0.0,1.37664,Yes,Long,,Loss,1.37664,0,0,1.0
2021-04-19 16:00:00,50.0,1.39636,Yes,Long,,Win,1.39636,0,0,1.0
2021-05-03 16:00:00,0.0,1.38779,Yes,Long,,Win,1.38779,0,0,1.0
2021-05-10 16:00:00,54.7,1.41469,Yes,Long,,Loss,1.41469,0,0,1.0
2021-05-27 16:00:00,8.5,1.4157,Yes,Long,,Win,1.4157,0,0,1.0
2021-06-01 16:00:00,33.1,1.41593,Yes,Short,1.0,Loss,1.41593,0,0,
2021-06-04 16:00:00,25.0,1.41784,Yes,Long,,Loss,1.41784,0,0,1.0
2021-06-15 16:00:00,25.0,1.4068,Yes,Short,1.0,Loss,1.4068,0,0,
2021-06-17 16:00:00,25.0,1.39274,Yes,Short,1.0,Win,1.39274,0,0,
2021-06-21 16:00:00,25.0,1.38739,Yes,Long,,Win,1.38739,0,0,1.0
2021-07-12 16:00:00,50.0,1.3846,Yes,Short,1.0,Loss,1.3846,0,0,
2021-07-22 16:00:00,25.0,1.37683,Yes,Long,,Win,1.37683,0,0,1.0
2021-09-07 16:00:00,63.2,1.378,Yes,Short,1.0,Loss,1.378,0,0,
2021-09-09 16:00:00,14.1,1.38366,Yes,Long,,Win,1.38366,0,0,1.0
2021-09-20 16:00:00,0.0,1.36703,Yes,Short,1.0,Win,1.36703,0,0,
2021-09-23 16:00:00,25.0,1.37242,Yes,Long,,Win,1.37242,0,0,1.0
2021-09-24 16:00:00,25.0,1.36656,Yes,Short,1.0,Win,1.36656,0,0,
2021-09-28 16:00:00,25.0,1.35449,Yes,Short,1.0,Win,1.35449,0,0,
2021-09-29 16:00:00,0.0,1.34626,Yes,Short,1.0,Win,1.34626,0,0,
2021-10-01 16:00:00,25.0,1.35424,Yes,Long,,Win,1.35424,0,0,1.0
2021-10-04 16:00:00,50.0,1.36053,Yes,Long,,Win,1.36053,0,0,1.0
2021-10-14 16:00:00,50.4,1.37158,Yes,Long,,Loss,1.37158,0,0,1.0
2021-10-15 16:00:00,51.1,1.37336,Yes,Long,,Win,1.37336,0,0,1.0
2021-10-19 16:00:00,60.7,1.38134,Yes,Long,,Loss,1.38134,0,0,1.0
2021-10-20 16:00:00,65.5,1.37815,Yes,Short,1.0,Loss,1.37815,0,0,
2021-10-26 16:00:00,54.6,1.38054,Yes,Long,,Loss,1.38054,0,0,1.0
2021-11-04 16:00:00,50.0,1.35048,Yes,Short,1.0,Win,1.35048,0,0,
2021-11-05 16:00:00,25.0,1.34641,Yes,Short,1.0,Loss,1.34641,0,0,
2021-11-08 16:00:00,0.0,1.35522,Yes,Long,,Win,1.35522,0,0,1.0
2021-11-10 16:00:00,25.0,1.35212,Yes,Short,1.0,Win,1.35212,0,0,
2021-11-19 16:00:00,50.0,1.34517,Yes,Short,1.0,Win,1.34517,0,0,
2021-12-07 16:00:00,0.0,1.32345,Yes,Short,1.0,Loss,1.32345,0,0,
2021-12-16 16:00:00,0.0,1.33275,Yes,Long,,Loss,1.33275,0,0,1.0
2021-12-22 16:00:00,30.1,1.33263,Yes,Long,,Win,1.33263,0,0,1.0
2021-12-23 16:00:00,36.6,1.34075,Yes,Long,,Win,1.34075,0,0,1.0
2022-01-12 16:00:00,87.1,1.36856,Yes,Long,,Win,1.36856,0,0,1.0
2022-01-18 16:00:00,34.7,1.35894,Yes,Short,1.0,Loss,1.35894,0,0,
2022-01-19 16:00:00,18.1,1.3643,Yes,Long,,Loss,1.3643,0,0,1.0
2022-01-24 16:00:00,0.0,1.34756,Yes,Short,1.0,Loss,1.34756,0,0,
2022-02-04 16:00:00,54.4,1.353,Yes,Short,1.0,Loss,1.353,0,0,
2022-02-24 16:00:00,30.0,1.33314,Yes,Short,1.0,Loss,1.33314,0,0,
2022-03-02 16:00:00,25.0,1.33374,Yes,Long,,Win,1.33374,0,0,1.0
2022-03-04 16:00:00,0.0,1.32205,Yes,Short,1.0,Loss,1.32205,0,0,
2022-03-17 16:00:00,25.0,1.31223,Yes,Short,1.0,Loss,1.31223,0,0,
2022-03-22 16:00:00,54.9,1.32507,Yes,Long,,Win,1.32507,0,0,1.0
2022-03-23 16:00:00,42.2,1.31951,Yes,Short,1.0,Loss,1.31951,0,0,
2022-04-22 16:00:00,50.0,1.28804,Yes,Short,1.0,Win,1.28804,0,0,
2022-04-25 16:00:00,25.0,1.27367,Yes,Short,1.0,Win,1.27367,0,0,
2022-04-26 16:00:00,25.0,1.26801,Yes,Short,1.0,Win,1.26801,0,0,
2022-04-28 16:00:00,0.0,1.24303,Yes,Short,1.0,Loss,1.24303,0,0,
2022-05-05 16:00:00,25.0,1.23888,Yes,Short,1.0,Win,1.23888,0,0,
2022-05-09 16:00:00,0.0,1.23896,Yes,Long,,Loss,1.23896,0,0,1.0
2022-05-17 16:00:00,50.0,1.24882,Yes,Long,,Loss,1.24882,0,0,1.0
2022-05-18 16:00:00,50.0,1.24191,Yes,Short,1.0,Win,1.24191,0,0,
2022-05-24 16:00:00,85.8,1.24914,Yes,Short,1.0,Loss,1.24914,0,0,
2022-06-02 16:00:00,36.0,1.25548,Yes,Long,,Win,1.25548,0,0,1.0
2022-06-06 16:00:00,25.0,1.2556,Yes,Long,,Loss,1.2556,0,0,1.0
2022-06-10 16:00:00,0.0,1.23829,Yes,Short,1.0,Win,1.23829,0,0,
2022-06-13 16:00:00,0.0,1.21946,Yes,Short,1.0,Win,1.21946,0,0,
2022-06-14 16:00:00,0.0,1.20767,Yes,Short,1.0,Win,1.20767,0,0,
2022-06-15 16:00:00,0.0,1.20634,Yes,Long,,Win,1.20634,0,0,1.0
2022-07-01 16:00:00,0.0,1.20069,Yes,Short,1.0,Loss,1.20069,0,0,
2022-07-05 16:00:00,50.0,1.1969,Yes,Short,1.0,Win,1.1969,0,0,
2022-07-18 16:00:00,25.0,1.19791,Yes,Long,,Loss,1.19791,0,0,1.0
2022-07-21 16:00:00,25.0,1.19844,Yes,Short,1.0,Win,1.19844,0,0,
2022-07-25 16:00:00,76.2,1.20703,Yes,Long,,Loss,1.20703,0,0,1.0
2022-07-26 16:00:00,80.9,1.20022,Yes,Short,1.0,Loss,1.20022,0,0,
2022-08-19 16:00:00,25.0,1.18471,Yes,Short,1.0,Win,1.18471,0,0,
2022-08-31 16:00:00,25.0,1.16371,Yes,Short,1.0,Win,1.16371,0,0,
2022-09-22 16:00:00,25.0,1.13354,Yes,Long,,Loss,1.13354,0,0,1.0
2022-09-23 16:00:00,0.0,1.10603,Yes,Short,1.0,Win,1.10603,0,0,
2022-09-26 16:00:00,0.0,1.08796,Yes,Long,,Loss,1.08796,0,0,1.0
2022-09-28 16:00:00,25.0,1.06719,Yes,Short,1.0,Loss,1.06719,0,0,
2022-10-13 16:00:00,0.0,1.12158,Yes,Long,,Win,1.12158,0,0,1.0
2022-10-26 16:00:00,62.6,1.15541,Yes,Long,,Win,1.15541,0,0,1.0
2022-10-31 16:00:00,32.2,1.14989,Yes,Short,1.0,Win,1.14989,0,0,
2022-11-03 16:00:00,42.7,1.12224,Yes,Short,1.0,Win,1.12224,0,0,
2022-11-07 16:00:00,0.0,1.14507,Yes,Long,,Win,1.14507,0,0,1.0
2022-11-09 16:00:00,50.0,1.13922,Yes,Short,1.0,Win,1.13922,0,0,
2022-11-10 16:00:00,0.0,1.16575,Yes,Long,,Win,1.16575,0,0,1.0
2022-11-15 16:00:00,53.2,1.19228,Yes,Long,,Loss,1.19228,0,0,1.0
2022-11-17 16:00:00,68.2,1.17878,Yes,Short,1.0,Loss,1.17878,0,0,
2022-12-01 16:00:00,18.5,1.2289,Yes,Long,,Loss,1.2289,0,0,1.0
2022-12-07 16:00:00,39.7,1.22058,Yes,Long,,Win,1.22058,0,0,1.0
2022-12-13 16:00:00,42.6,1.24194,Yes,Long,,Loss,1.24194,0,0,1.0
2022-12-22 16:00:00,0.0,1.20168,Yes,Short,1.0,Loss,1.20168,0,0,
2022-12-27 16:00:00,25.0,1.20201,Yes,Short,1.0,Loss,1.20201,0,0,
2023-01-05 16:00:00,0.0,1.1907,Yes,Short,1.0,Loss,1.1907,0,0,
2023-01-12 16:00:00,11.5,1.21154,Yes,Long,,Win,1.21154,0,0,1.0
2023-01-18 16:00:00,59.1,1.24113,Yes,Long,,Loss,1.24113,0,0,1.0
2023-01-23 16:00:00,92.9,1.23477,Yes,Short,1.0,Loss,1.23477,0,0,
2023-01-24 16:00:00,69.3,1.22646,Yes,Short,1.0,Loss,1.22646,0,0,
2023-02-02 16:00:00,0.0,1.22723,Yes,Short,1.0,Win,1.22723,0,0,
2023-02-03 16:00:00,0.0,1.21326,Yes,Short,1.0,Win,1.21326,0,0,
2023-02-09 16:00:00,50.0,1.21752,Yes,Long,,Loss,1.21752,0,0,1.0
2023-02-14 16:00:00,0.0,1.21847,Yes,Long,,Loss,1.21847,0,0,1.0
2023-02-15 16:00:00,50.0,1.19906,Yes,Short,1.0,Loss,1.19906,0,0,
2023-02-21 16:00:00,25.0,1.20733,Yes,Long,,Win,1.20733,0,0,1.0
2023-02-27 16:00:00,0.0,1.20185,Yes,Long,,Win,1.20185,0,0,1.0
2023-02-28 16:00:00,0.0,1.21216,Yes,Long,,Loss,1.21216,0,0,1.0
2023-03-01 16:00:00,25.3,1.20083,Yes,Short,1.0,Loss,1.20083,0,0,
2023-03-10 16:00:00,25.0,1.20795,Yes,Long,,Loss,1.20795,0,0,1.0
2023-03-15 16:00:00,35.3,1.20651,Yes,Short,1.0,Win,1.20651,0,0,
2023-03-24 16:00:00,84.6,1.221,Yes,Short,1.0,Loss,1.221,0,0,
2023-04-03 16:00:00,50.6,1.23634,Yes,Long,,Win,1.23634,0,0,1.0
2023-04-04 16:00:00,55.7,1.24706,Yes,Long,,Win,1.24706,0,0,1.0
2023-04-14 16:00:00,62.8,1.24923,Yes,Short,1.0,Win,1.24923,0,0,
2023-04-18 16:00:00,0.0,1.24408,Yes,Long,,Loss,1.24408,0,0,1.0
2023-04-26 16:00:00,25.0,1.24827,Yes,Long,,Loss,1.24827,0,0,1.0
2023-05-11 16:00:00,56.7,1.25852,Yes,Short,1.0,Win,1.25852,0,0,
2023-05-23 16:00:00,25.0,1.23833,Yes,Short,1.0,Loss,1.23833,0,0,
2023-05-24 16:00:00,0.0,1.24019,Yes,Short,1.0,Win,1.24019,0,0,
2023-05-26 16:00:00,0.0,1.23866,Yes,Long,,Loss,1.23866,0,0,1.0
2023-05-30 16:00:00,25.0,1.2423,Yes,Long,,Loss,1.2423,0,0,1.0
2023-06-05 16:00:00,61.3,1.23832,Yes,Short,1.0,Loss,1.23832,0,0,
2023-06-28 16:00:00,25.0,1.26399,Yes,Short,1.0,Loss,1.26399,0,0,
2023-07-06 16:00:00,25.0,1.27732,Yes,Long,,Loss,1.27732,0,0,1.0
2023-07-11 16:00:00,79.4,1.28964,Yes,Long,,Win,1.28964,0,0,1.0
2023-07-13 16:00:00,93.6,1.30622,Yes,Long,,Win,1.30622,0,0,1.0
2023-07-19 16:00:00,91.1,1.29167,Yes,Short,1.0,Loss,1.29167,0,0,
2023-07-28 16:00:00,50.0,1.28692,Yes,Long,,Loss,1.28692,0,0,1.0
2023-08-03 16:00:00,0.0,1.26726,Yes,Short,1.0,Loss,1.26726,0,0,
2023-08-08 16:00:00,25.0,1.26973,Yes,Short,1.0,Loss,1.26973,0,0,
2023-08-23 16:00:00,66.9,1.26306,Yes,Short,1.0,Loss,1.26306,0,0,
2023-08-24 16:00:00,10.7,1.26355,Yes,Short,1.0,Win,1.26355,0,0,
2023-09-05 16:00:00,0.0,1.25753,Yes,Short,1.0,Win,1.25753,0,0,
2023-09-21 16:00:00,0.0,1.22669,Yes,Short,1.0,Loss,1.22669,0,0,
2023-09-28 16:00:00,0.0,1.21775,Yes,Long,,Win,1.21775,0,0,1.0
2023-10-04 16:00:00,0.0,1.21694,Yes,Long,,Loss,1.21694,0,0,1.0
2023-10-24 16:00:00,25.0,1.22033,Yes,Short,1.0,Win,1.22033,0,0,
2023-10-25 16:00:00,50.0,1.21302,Yes,Short,1.0,Win,1.21302,0,0,
2023-11-03 16:00:00,50.0,1.23418,Yes,Long,,Win,1.23418,0,0,1.0
2023-11-14 16:00:00,3.5,1.24586,Yes,Long,,Win,1.24586,0,0,1.0
2023-11-16 16:00:00,55.2,1.24319,Yes,Long,,Loss,1.24319,0,0,1.0
2023-11-30 16:00:00,70.3,1.26245,Yes,Short,1.0,Win,1.26245,0,0,
2023-12-14 16:00:00,25.0,1.27448,Yes,Long,,Win,1.27448,0,0,1.0
2023-12-15 16:00:00,25.0,1.271,Yes,Short,1.0,Win,1.271,0,0,
2023-12-19 16:00:00,19.7,1.27443,Yes,Long,,Loss,1.27443,0,0,1.0
2023-12-28 16:00:00,29.3,1.27714,Yes,Short,1.0,Win,1.27714,0,0,
2024-01-02 16:00:00,45.1,1.26279,Yes,Short,1.0,Win,1.26279,0,0,
2024-01-11 16:00:00,25.7,1.27243,Yes,Short,1.0,Loss,1.27243,0,0,
2024-01-18 16:00:00,25.0,1.26718,Yes,Short,1.0,Loss,1.26718,0,0,
2024-01-24 16:00:00,25.0,1.27437,Yes,Long,,Loss,1.27437,0,0,1.0
2024-01-26 16:00:00,0.8,1.27427,Yes,Long,,Loss,1.27427,0,0,1.0
2024-02-02 16:00:00,25.0,1.26616,Yes,Short,1.0,Win,1.26616,0,0,
2024-02-05 16:00:00,25.0,1.25536,Yes,Short,1.0,Win,1.25536,0,0,
2024-02-08 16:00:00,0.0,1.2608,Yes,Short,1.0,Loss,1.2608,0,0,
2024-02-13 16:00:00,25.0,1.25883,Yes,Short,1.0,Loss,1.25883,0,0,
2024-02-20 16:00:00,50.0,1.26496,Yes,Long,,Loss,1.26496,0,0,1.0
2024-02-22 16:00:00,50.0,1.26304,Yes,Short,1.0,Loss,1.26304,0,0,
2024-03-08 16:00:00,72.7,1.28783,Yes,Long,,Loss,1.28783,0,0,1.0
2024-03-21 16:00:00,25.0,1.27017,Yes,Short,1.0,Win,1.27017,0,0,
2024-03-25 16:00:00,25.0,1.26465,Yes,Long,,Loss,1.26465,0,0,1.0
2024-04-12 16:00:00,0.0,1.24542,Yes,Short,1.0,Win,1.24542,0,0,
2024-04-22 16:00:00,0.0,1.23111,Yes,Short,1.0,Loss,1.23111,0,0,
2024-04-23 16:00:00,0.0,1.23913,Yes,Long,,Win,1.23913,0,0,1.0
2024-06-04 16:00:00,32.1,1.27647,Yes,Short,1.0,Loss,1.27647,0,0,
2024-06-14 16:00:00,25.0,1.26902,Yes,Short,1.0,Win,1.26902,0,0,
2024-07-12 16:00:00,70.2,1.29651,Yes,Long,,Win,1.29651,0,0,1.0
2024-07-17 16:00:00,44.2,1.3032,Yes,Long,,Loss,1.3032,0,0,1.0
2024-07-29 16:00:00,50.0,1.28381,Yes,Short,1.0,Loss,1.28381,0,0,
2024-08-01 16:00:00,25.0,1.28101,Yes,Short,1.0,Win,1.28101,0,0,
2024-08-06 16:00:00,25.0,1.2679,Yes,Short,1.0,Loss,1.2679,0,0,
2024-09-16 16:00:00,50.0,1.3198,Yes,Long,,Win,1.3198,0,0,1.0
2024-09-18 16:00:00,52.5,1.32179,Yes,Long,,Win,1.32179,0,0,1.0
2024-09-19 16:00:00,63.5,1.32396,Yes,Long,,Win,1.32396,0,0,1.0
2024-10-01 16:00:00,37.1,1.33183,Yes,Short,1.0,Win,1.33183,0,0,
2024-10-03 16:00:00,25.0,1.31133,Yes,Short,1.0,Loss,1.31133,0,0,
2024-10-16 16:00:00,50.0,1.30149,Yes,Short,1.0,Win,1.30149,0,0,
2024-10-23 16:00:00,0.0,1.29525,Yes,Short,1.0,Win,1.29525,0,0,
2024-10-24 16:00:00,0.0,1.2974,Yes,Long,,Loss,1.2974,0,0,1.0
2024-10-31 16:00:00,50.0,1.28905,Yes,Short,1.0,Loss,1.28905,0,0,
2024-11-01 16:00:00,0.0,1.29665,Yes,Long,,Loss,1.29665,0,0,1.0
2024-11-22 16:00:00,0.0,1.2517,Yes,Short,1.0,Loss,1.2517,0,0,
2024-11-27 16:00:00,50.0,1.2651,Yes,Long,,Win,1.2651,0,0,1.0
2024-12-20 16:00:00,0.0,1.25468,Yes,Long,,Win,1.25468,0,0,1.0
2024-12-27 16:00:00,0.0,1.25699,Yes,Long,,Win,1.25699,0,0,1.0
2025-01-02 16:00:00,0.0,1.23982,Yes,Short,1.0,Win,1.23982,0,0,
2025-01-06 16:00:00,0.0,1.25114,Yes,Long,,Win,1.25114,0,0,1.0
2025-01-08 16:00:00,25.0,1.23267,Yes,Short,1.0,Loss,1.23267,0,0,
2025-01-10 16:00:00,0.0,1.22427,Yes,Short,1.0,Win,1.22427,0,0,
2025-01-14 16:00:00,0.0,1.21558,Yes,Short,1.0,Loss,1.21558,0,0,
2025-01-15 16:00:00,25.0,1.22669,Yes,Long,,Loss,1.22669,0,0,1.0
2025-01-20 16:00:00,0.0,1.23064,Yes,Long,,Win,1.23064,0,0,1.0
2025-01-27 16:00:00,61.7,1.25,Yes,Long,,Loss,1.25,0,0,1.0
2025-02-03 16:00:00,11.1,1.23526,Yes,Long,,Win,1.23526,0,0,1.0
2025-02-06 16:00:00,50.7,1.2392,Yes,Short,1.0,Loss,1.2392,0,0,
2025-02-11 16:00:00,25.0,1.24065,Yes,Long,,Win,1.24065,0,0,1.0
2025-02-12 16:00:00,0.0,1.24038,Yes,Short,1.0,Loss,1.24038,0,0,
2025-02-25 16:00:00,60.0,1.2662,Yes,Long,,Win,1.2662,0,0,1.0
2025-03-03 16:00:00,0.1,1.26891,Yes,Long,,Win,1.26891,0,0,1.0
2025-03-17 16:00:00,31.2,1.29817,Yes,Long,,Win,1.29817,0,0,1.0
2025-03-25 16:00:00,50.0,1.29479,Yes,Long,,Loss,1.29479,0,0,1.0
2025-04-03 16:00:00,30.1,1.31577,Yes,Long,,Loss,1.31577,0,0,1.0
2025-04-04 16:00:00,68.9,1.30006,Yes,Short,1.0,Win,1.30006,0,0,
2025-04-07 16:00:00,6.6,1.28368,Yes,Short,1.0,Win,1.28368,0,0,
2025-04-09 16:00:00,25.0,1.28031,Yes,Short,1.0,Win,1.28031,0,0,
2025-04-10 16:00:00,50.0,1.29246,Yes,Long,,Win,1.29246,0,0,1.0
2025-04-11 16:00:00,50.0,1.31224,Yes,Long,,Loss,1.31224,0,0,1.0
2025-05-06 16:00:00,50.0,1.33964,Yes,Long,,Loss,1.33964,0,0,1.0
2025-05-12 16:00:00,25.0,1.31959,Yes,Short,1.0,Win,1.31959,0,0,
2025-05-19 16:00:00,25.0,1.33711,Yes,Long,,Loss,1.33711,0,0,1.0
2025-06-19 16:00:00,0.0,1.34407,Yes,Long,,Win,1.34407,0,0,1.0
2025-07-02 16:00:00,68.0,1.36075,Yes,Short,1.0,Loss,1.36075,0,0,
2025-07-08 16:00:00,0.0,1.35779,Yes,Short,1.0,Loss,1.35779,0,0,
2025-07-11 16:00:00,0.0,1.3504,Yes,Short,1.0,Loss,1.3504,0,0,
2025-07-21 16:00:00,25.0,1.34798,Yes,Long,,Win,1.34798,0,0,1.0
2025-07-25 16:00:00,69.8,1.3433,Yes,Short,1.0,Loss,1.3433,0,0,
2025-08-13 16:00:00,95.2,1.35602,Yes,Long,,Win,1.35602,0,0,1.0
2025-08-29 16:00:00,50.0,1.346,Yes,Short,1.0,Loss,1.346,0,0,
2025-09-02 16:00:00,41.7,1.33513,Yes,Short,1.0,Loss,1.33513,0,0,
2025-09-03 16:00:00,25.3,1.34246,Yes,Long,,Win,1.34246,0,0,1.0
2025-09-15 16:00:00,76.7,1.36146,Yes,Long,,Loss,1.36146,0,0,1.0
2025-09-19 16:00:00,21.6,1.3468,Yes,Short,1.0,Loss,1.3468,0,0,
2025-09-24 16:00:00,25.0,1.34454,Yes,Short,1.0,Loss,1.34454,0,0,
2025-10-07 16:00:00,27.4,1.34138,Yes,Short,1.0,Loss,1.34138,0,0,
2025-10-14 16:00:00,25.0,1.32613,Yes,Short,1.0,Loss,1.32613,0,0,
2025-10-22 16:00:00,13.5,1.33238,Yes,Short,1.0,Loss,1.33238,0,0,
2025-10-28 16:00:00,25.0,1.32764,Yes,Short,1.0,Win,1.32764,0,0,
2025-11-04 16:00:00,50.0,1.30478,Yes,Short,1.0,Win,1.30478,0,0,
2025-11-06 16:00:00,0.0,1.30832,Yes,Long,,Win,1.30832,0,0,1.0
2025-11-11 16:00:00,50.0,1.31803,Yes,Long,,Loss,1.31803,0,0,1.0
2025-11-12 16:00:00,0.0,1.30987,Yes,Short,1.0,Loss,1.30987,0,0,
2025-12-01 16:00:00,25.0,1.32497,Yes,Long,,Loss,1.32497,0,0,1.0
2025-12-03 16:00:00,38.0,1.33128,Yes,Long,,Win,1.33128,0,0,1.0
2025-12-11 16:00:00,54.8,1.34173,Yes,Long,,Loss,1.34173,0,0,1.0
2025-12-16 16:00:00,46.9,1.34425,Yes,Long,,Loss,1.34425,0,0,1.0
2025-12-18 16:00:00,19.7,1.34155,Yes,Long,,Loss,1.34155,0,0,1.0
2026-01-12 16:00:00,0.0,1.34732,Yes,Long,,Loss,1.34732,0,0,1.0
2026-01-15 16:00:00,25.0,1.33706,Yes,Short,1.0,Loss,1.33706,0,0,
2026-01-27 16:00:00,79.3,1.37702,Yes,Long,,Win,1.37702,0,0,1.0
